
code.elf:     file format elf32-avr

Sections:
Idx Name          Size      VMA       LMA       File off  Algn
  0 .text         000034a8  00000000  00000000  00000094  2**1
                  CONTENTS, ALLOC, LOAD, READONLY, CODE
  1 .data         000000e2  00800060  000034a8  0000353c  2**0
                  CONTENTS, ALLOC, LOAD, DATA
  2 .bss          0000070e  00800142  00800142  0000361e  2**0
                  ALLOC
  3 .comment      00000030  00000000  00000000  0000361e  2**0
                  CONTENTS, READONLY
  4 .note.gnu.avr.deviceinfo 0000003c  00000000  00000000  00003650  2**2
                  CONTENTS, READONLY
  5 .debug_aranges 000007c8  00000000  00000000  0000368c  2**0
                  CONTENTS, READONLY, DEBUGGING
  6 .debug_info   00007fbf  00000000  00000000  00003e54  2**0
                  CONTENTS, READONLY, DEBUGGING
  7 .debug_abbrev 00001c09  00000000  00000000  0000be13  2**0
                  CONTENTS, READONLY, DEBUGGING
  8 .debug_line   00004792  00000000  00000000  0000da1c  2**0
                  CONTENTS, READONLY, DEBUGGING
  9 .debug_frame  000016e0  00000000  00000000  000121b0  2**2
                  CONTENTS, READONLY, DEBUGGING
 10 .debug_str    00002150  00000000  00000000  00013890  2**0
                  CONTENTS, READONLY, DEBUGGING
 11 .debug_loc    00006bb0  00000000  00000000  000159e0  2**0
                  CONTENTS, READONLY, DEBUGGING
 12 .debug_ranges 00000780  00000000  00000000  0001c590  2**0
                  CONTENTS, READONLY, DEBUGGING

Disassembly of section .text:

00000000 <__vectors>:
       0:	0c 94 33 00 	jmp	0x66	; 0x66 <__ctors_end>
       4:	0c 94 fa 15 	jmp	0x2bf4	; 0x2bf4 <__vector_1>
       8:	0c 94 21 16 	jmp	0x2c42	; 0x2c42 <__vector_2>
       c:	0c 94 48 16 	jmp	0x2c90	; 0x2c90 <__vector_3>
      10:	0c 94 50 00 	jmp	0xa0	; 0xa0 <__bad_interrupt>
      14:	0c 94 50 00 	jmp	0xa0	; 0xa0 <__bad_interrupt>
      18:	0c 94 8b 17 	jmp	0x2f16	; 0x2f16 <__vector_6>
      1c:	0c 94 e0 06 	jmp	0xdc0	; 0xdc0 <__vector_7>
      20:	0c 94 50 00 	jmp	0xa0	; 0xa0 <__bad_interrupt>
      24:	0c 94 50 00 	jmp	0xa0	; 0xa0 <__bad_interrupt>
      28:	0c 94 2e 17 	jmp	0x2e5c	; 0x2e5c <__vector_10>
      2c:	0c 94 07 17 	jmp	0x2e0e	; 0x2e0e <__vector_11>
      30:	0c 94 50 00 	jmp	0xa0	; 0xa0 <__bad_interrupt>
      34:	0c 94 e7 17 	jmp	0x2fce	; 0x2fce <__vector_13>
      38:	0c 94 50 00 	jmp	0xa0	; 0xa0 <__bad_interrupt>
      3c:	0c 94 50 00 	jmp	0xa0	; 0xa0 <__bad_interrupt>
      40:	0c 94 50 00 	jmp	0xa0	; 0xa0 <__bad_interrupt>
      44:	0c 94 50 00 	jmp	0xa0	; 0xa0 <__bad_interrupt>
      48:	0c 94 50 00 	jmp	0xa0	; 0xa0 <__bad_interrupt>
      4c:	0c 94 50 00 	jmp	0xa0	; 0xa0 <__bad_interrupt>
      50:	0c 94 50 00 	jmp	0xa0	; 0xa0 <__bad_interrupt>
      54:	45 11       	cpse	r20, r5
      56:	45 11       	cpse	r20, r5
      58:	74 11       	cpse	r23, r4
      5a:	79 11       	cpse	r23, r9
      5c:	8f 11       	cpse	r24, r15
      5e:	45 11       	cpse	r20, r5
      60:	45 11       	cpse	r20, r5
      62:	74 11       	cpse	r23, r4
      64:	79 11       	cpse	r23, r9

00000066 <__ctors_end>:
      66:	11 24       	eor	r1, r1
      68:	1f be       	out	0x3f, r1	; 63
      6a:	cf e5       	ldi	r28, 0x5F	; 95
      6c:	d8 e0       	ldi	r29, 0x08	; 8
      6e:	de bf       	out	0x3e, r29	; 62
      70:	cd bf       	out	0x3d, r28	; 61

00000072 <__do_copy_data>:
      72:	11 e0       	ldi	r17, 0x01	; 1
      74:	a0 e6       	ldi	r26, 0x60	; 96
      76:	b0 e0       	ldi	r27, 0x00	; 0
      78:	e8 ea       	ldi	r30, 0xA8	; 168
      7a:	f4 e3       	ldi	r31, 0x34	; 52
      7c:	02 c0       	rjmp	.+4      	; 0x82 <__do_copy_data+0x10>
      7e:	05 90       	lpm	r0, Z+
      80:	0d 92       	st	X+, r0
      82:	a2 34       	cpi	r26, 0x42	; 66
      84:	b1 07       	cpc	r27, r17
      86:	d9 f7       	brne	.-10     	; 0x7e <__do_copy_data+0xc>

00000088 <__do_clear_bss>:
      88:	28 e0       	ldi	r18, 0x08	; 8
      8a:	a2 e4       	ldi	r26, 0x42	; 66
      8c:	b1 e0       	ldi	r27, 0x01	; 1
      8e:	01 c0       	rjmp	.+2      	; 0x92 <.do_clear_bss_start>

00000090 <.do_clear_bss_loop>:
      90:	1d 92       	st	X+, r1

00000092 <.do_clear_bss_start>:
      92:	a0 35       	cpi	r26, 0x50	; 80
      94:	b2 07       	cpc	r27, r18
      96:	e1 f7       	brne	.-8      	; 0x90 <.do_clear_bss_loop>
      98:	0e 94 52 00 	call	0xa4	; 0xa4 <main>
      9c:	0c 94 52 1a 	jmp	0x34a4	; 0x34a4 <_exit>

000000a0 <__bad_interrupt>:
      a0:	0c 94 00 00 	jmp	0	; 0x0 <__vectors>

000000a4 <main>:
 */ 

#include "SmartHome/Code_APP.h"

int main(){
	source_code();
      a4:	0e 94 f3 04 	call	0x9e6	; 0x9e6 <source_code>
	return 0;
      a8:	80 e0       	ldi	r24, 0x00	; 0
      aa:	90 e0       	ldi	r25, 0x00	; 0
      ac:	08 95       	ret

000000ae <Timer0OvFunc>:
u32 dis;
u32 OvCounter=0, TimeOn=0;
u8 edge = 0;

void Timer0OvFunc(){
	OvCounter++;
      ae:	80 91 53 01 	lds	r24, 0x0153	; 0x800153 <OvCounter>
      b2:	90 91 54 01 	lds	r25, 0x0154	; 0x800154 <OvCounter+0x1>
      b6:	01 96       	adiw	r24, 0x01	; 1
      b8:	90 93 54 01 	sts	0x0154, r25	; 0x800154 <OvCounter+0x1>
      bc:	80 93 53 01 	sts	0x0153, r24	; 0x800153 <OvCounter>
      c0:	08 95       	ret

000000c2 <UltrasonicFunc>:
}

void UltrasonicFunc(){
	//rising
	if (edge==0){
      c2:	80 91 50 01 	lds	r24, 0x0150	; 0x800150 <edge>
      c6:	81 11       	cpse	r24, r1
      c8:	12 c0       	rjmp	.+36     	; 0xee <UltrasonicFunc+0x2c>

		TIMER0_setPreload(0);
      ca:	0e 94 fe 16 	call	0x2dfc	; 0x2dfc <TIMER0_setPreload>
		TIMER0_start(TIMER0_DIV64);
      ce:	83 e0       	ldi	r24, 0x03	; 3
      d0:	0e 94 92 16 	call	0x2d24	; 0x2d24 <TIMER0_start>

		OvCounter = 0;
      d4:	10 92 54 01 	sts	0x0154, r1	; 0x800154 <OvCounter+0x1>
      d8:	10 92 53 01 	sts	0x0153, r1	; 0x800153 <OvCounter>

		EXT_int0Int(EXT_FALLING);
      dc:	80 e0       	ldi	r24, 0x00	; 0
      de:	0e 94 d7 15 	call	0x2bae	; 0x2bae <EXT_int0Int>

		edge++;
      e2:	80 91 50 01 	lds	r24, 0x0150	; 0x800150 <edge>
      e6:	8f 5f       	subi	r24, 0xFF	; 255
      e8:	80 93 50 01 	sts	0x0150, r24	; 0x800150 <edge>
      ec:	08 95       	ret

	}
	//falling
	else if (edge==1){
      ee:	81 30       	cpi	r24, 0x01	; 1
      f0:	b9 f5       	brne	.+110    	; 0x160 <UltrasonicFunc+0x9e>
		TIMER0_start(TIMER0_STOP);
      f2:	80 e0       	ldi	r24, 0x00	; 0
      f4:	0e 94 92 16 	call	0x2d24	; 0x2d24 <TIMER0_start>
		TimeOn = TIMER0_getCounter();
      f8:	0e 94 00 17 	call	0x2e00	; 0x2e00 <TIMER0_getCounter>
      fc:	90 e0       	ldi	r25, 0x00	; 0
      fe:	90 93 52 01 	sts	0x0152, r25	; 0x800152 <TimeOn+0x1>
     102:	80 93 51 01 	sts	0x0151, r24	; 0x800151 <TimeOn>

		TONTime = Ttick*(TimeOn+(256*OvCounter));
     106:	60 e0       	ldi	r22, 0x00	; 0
     108:	70 e0       	ldi	r23, 0x00	; 0
     10a:	70 91 53 01 	lds	r23, 0x0153	; 0x800153 <OvCounter>
     10e:	68 0f       	add	r22, r24
     110:	79 1f       	adc	r23, r25
     112:	80 e0       	ldi	r24, 0x00	; 0
     114:	90 e0       	ldi	r25, 0x00	; 0
     116:	0e 94 b6 18 	call	0x316c	; 0x316c <__floatunsisf>
     11a:	20 91 61 00 	lds	r18, 0x0061	; 0x800061 <Ttick>
     11e:	30 91 62 00 	lds	r19, 0x0062	; 0x800062 <Ttick+0x1>
     122:	40 91 63 00 	lds	r20, 0x0063	; 0x800063 <Ttick+0x2>
     126:	50 91 64 00 	lds	r21, 0x0064	; 0x800064 <Ttick+0x3>
     12a:	0e 94 6d 19 	call	0x32da	; 0x32da <__mulsf3>
     12e:	60 93 55 01 	sts	0x0155, r22	; 0x800155 <TONTime>
     132:	70 93 56 01 	sts	0x0156, r23	; 0x800156 <TONTime+0x1>
     136:	80 93 57 01 	sts	0x0157, r24	; 0x800157 <TONTime+0x2>
     13a:	90 93 58 01 	sts	0x0158, r25	; 0x800158 <TONTime+0x3>
		dis = 17 * TONTime;
     13e:	20 e0       	ldi	r18, 0x00	; 0
     140:	30 e0       	ldi	r19, 0x00	; 0
     142:	48 e8       	ldi	r20, 0x88	; 136
     144:	51 e4       	ldi	r21, 0x41	; 65
     146:	0e 94 6d 19 	call	0x32da	; 0x32da <__mulsf3>
     14a:	0e 94 87 18 	call	0x310e	; 0x310e <__fixunssfsi>
     14e:	70 93 41 08 	sts	0x0841, r23	; 0x800841 <dis+0x1>
     152:	60 93 40 08 	sts	0x0840, r22	; 0x800840 <dis>

		EXT_int0Int(EXT_RISING);
     156:	81 e0       	ldi	r24, 0x01	; 1
     158:	0e 94 d7 15 	call	0x2bae	; 0x2bae <EXT_int0Int>

		edge = 0;
     15c:	10 92 50 01 	sts	0x0150, r1	; 0x800150 <edge>
     160:	08 95       	ret

00000162 <EEPROMInitialize>:
#include "Code_APP.h"

//InitializeEEPROM
u8 EEPROMValues[24];

BOOL EEPROMInitialize(){
     162:	cf 93       	push	r28
     164:	df 93       	push	r29
	u16 EEPROMINDEX = 0;
	BOOL ReturnFlag = FALSE;
     166:	80 e0       	ldi	r24, 0x00	; 0

//InitializeEEPROM
u8 EEPROMValues[24];

BOOL EEPROMInitialize(){
	u16 EEPROMINDEX = 0;
     168:	c0 e0       	ldi	r28, 0x00	; 0
     16a:	d0 e0       	ldi	r29, 0x00	; 0
	BOOL ReturnFlag = FALSE;
	//Read the EEPROM an put it into the EEPROMValues Array
	//Admin       ,User1          ,User2              ,User3               ,User4
	//[0][1][2][3],[4][5][6][7][8],[9][10][11][12][13],[14][15][16][17][18],[19][20][21][22][23]
	while (EEPROMINDEX<=MAXEEPROMUSER)
     16c:	12 c0       	rjmp	.+36     	; 0x192 <EEPROMInitialize+0x30>
	#else
		//round up by default
		__ticks_dc = (uint32_t)(ceil(fabs(__tmp)));
	#endif

	__builtin_avr_delay_cycles(__ticks_dc);
     16e:	2f ef       	ldi	r18, 0xFF	; 255
     170:	80 e7       	ldi	r24, 0x70	; 112
     172:	92 e0       	ldi	r25, 0x02	; 2
     174:	21 50       	subi	r18, 0x01	; 1
     176:	80 40       	sbci	r24, 0x00	; 0
     178:	90 40       	sbci	r25, 0x00	; 0
     17a:	e1 f7       	brne	.-8      	; 0x174 <EEPROMInitialize+0x12>
     17c:	00 c0       	rjmp	.+0      	; 0x17e <EEPROMInitialize+0x1c>
     17e:	00 00       	nop
	{
		_delay_ms(50);
		EEPROMValues[EEPROMINDEX] = INTERNALEEPROM_Read(EEPROMINDEX);
     180:	ce 01       	movw	r24, r28
     182:	0e 94 7f 16 	call	0x2cfe	; 0x2cfe <INTERNALEEPROM_Read>
     186:	fe 01       	movw	r30, r28
     188:	e8 5d       	subi	r30, 0xD8	; 216
     18a:	f7 4f       	sbci	r31, 0xF7	; 247
     18c:	80 83       	st	Z, r24
		EEPROMINDEX++;
     18e:	21 96       	adiw	r28, 0x01	; 1
		ReturnFlag = TRUE;
     190:	81 e0       	ldi	r24, 0x01	; 1
	u16 EEPROMINDEX = 0;
	BOOL ReturnFlag = FALSE;
	//Read the EEPROM an put it into the EEPROMValues Array
	//Admin       ,User1          ,User2              ,User3               ,User4
	//[0][1][2][3],[4][5][6][7][8],[9][10][11][12][13],[14][15][16][17][18],[19][20][21][22][23]
	while (EEPROMINDEX<=MAXEEPROMUSER)
     192:	c9 31       	cpi	r28, 0x19	; 25
     194:	d1 05       	cpc	r29, r1
     196:	58 f3       	brcs	.-42     	; 0x16e <EEPROMInitialize+0xc>
		EEPROMValues[EEPROMINDEX] = INTERNALEEPROM_Read(EEPROMINDEX);
		EEPROMINDEX++;
		ReturnFlag = TRUE;
	}
	return ReturnFlag;
}
     198:	df 91       	pop	r29
     19a:	cf 91       	pop	r28
     19c:	08 95       	ret

0000019e <password_init>:

//Admin
void password_init ()
{
	DIO_setPinDir(DIO_PINA0,DIO_OUTPUT);
     19e:	61 e0       	ldi	r22, 0x01	; 1
     1a0:	80 e0       	ldi	r24, 0x00	; 0
     1a2:	0e 94 7b 14 	call	0x28f6	; 0x28f6 <DIO_setPinDir>

	DIO_setPinDir (DIO_PINA2,DIO_OUTPUT);
     1a6:	61 e0       	ldi	r22, 0x01	; 1
     1a8:	82 e0       	ldi	r24, 0x02	; 2
     1aa:	0e 94 7b 14 	call	0x28f6	; 0x28f6 <DIO_setPinDir>

	DIO_setPinDir (DIO_PINA3,DIO_OUTPUT);
     1ae:	61 e0       	ldi	r22, 0x01	; 1
     1b0:	83 e0       	ldi	r24, 0x03	; 3
     1b2:	0e 94 7b 14 	call	0x28f6	; 0x28f6 <DIO_setPinDir>
     1b6:	08 95       	ret

000001b8 <CheckPasswordAdmin>:
}


BOOL CheckPasswordAdmin(){
     1b8:	cf 93       	push	r28
	static u8 UART_RecevedData = UART_NOT_RECEIVE, Entered_Pass[4], InputIndex = 0, counter=0;
	static BOOL AccessFlag = TRUE;	
	UART_RecevedData = UART_receiveData();
     1ba:	0e 94 d8 17 	call	0x2fb0	; 0x2fb0 <UART_receiveData>
	if (UART_RecevedData!=UART_NOT_RECEIVE)
     1be:	88 37       	cpi	r24, 0x78	; 120
     1c0:	99 f0       	breq	.+38     	; 0x1e8 <CheckPasswordAdmin+0x30>
	{	
		Entered_Pass[InputIndex] = UART_RecevedData-48;
     1c2:	e0 91 4f 01 	lds	r30, 0x014F	; 0x80014f <InputIndex.2315>
     1c6:	f0 e0       	ldi	r31, 0x00	; 0
     1c8:	e5 5b       	subi	r30, 0xB5	; 181
     1ca:	fe 4f       	sbci	r31, 0xFE	; 254
     1cc:	90 ed       	ldi	r25, 0xD0	; 208
     1ce:	98 0f       	add	r25, r24
     1d0:	90 83       	st	Z, r25
		UART_sendData(UART_RecevedData);
     1d2:	0e 94 c1 17 	call	0x2f82	; 0x2f82 <UART_sendData>
		UART_sendStr("\r\n");
     1d6:	8b ea       	ldi	r24, 0xAB	; 171
     1d8:	90 e0       	ldi	r25, 0x00	; 0
     1da:	0e 94 c5 17 	call	0x2f8a	; 0x2f8a <UART_sendStr>
		InputIndex++;
     1de:	80 91 4f 01 	lds	r24, 0x014F	; 0x80014f <InputIndex.2315>
     1e2:	8f 5f       	subi	r24, 0xFF	; 255
     1e4:	80 93 4f 01 	sts	0x014F, r24	; 0x80014f <InputIndex.2315>
		UART_RecevedData = UART_NOT_RECEIVE;
	}
		
	//Check if the user entered 4 Numbers
	if (InputIndex==4)
     1e8:	80 91 4f 01 	lds	r24, 0x014F	; 0x80014f <InputIndex.2315>
     1ec:	84 30       	cpi	r24, 0x04	; 4
     1ee:	09 f0       	breq	.+2      	; 0x1f2 <CheckPasswordAdmin+0x3a>
     1f0:	58 c0       	rjmp	.+176    	; 0x2a2 <CheckPasswordAdmin+0xea>
	{
		InputIndex = 0;
     1f2:	10 92 4f 01 	sts	0x014F, r1	; 0x80014f <InputIndex.2315>
		//Check if the entered Array is equal to the first 4 Elements in the EEPROMValues Array
		while (InputIndex<4)
     1f6:	16 c0       	rjmp	.+44     	; 0x224 <CheckPasswordAdmin+0x6c>
		{
			if (Entered_Pass[InputIndex]==EEPROMValues[InputIndex])
     1f8:	28 2f       	mov	r18, r24
     1fa:	30 e0       	ldi	r19, 0x00	; 0
     1fc:	f9 01       	movw	r30, r18
     1fe:	e5 5b       	subi	r30, 0xB5	; 181
     200:	fe 4f       	sbci	r31, 0xFE	; 254
     202:	40 81       	ld	r20, Z
     204:	f9 01       	movw	r30, r18
     206:	e8 5d       	subi	r30, 0xD8	; 216
     208:	f7 4f       	sbci	r31, 0xF7	; 247
     20a:	90 81       	ld	r25, Z
     20c:	49 13       	cpse	r20, r25
     20e:	07 c0       	rjmp	.+14     	; 0x21e <CheckPasswordAdmin+0x66>
			{
				AccessFlag = TRUE;
     210:	91 e0       	ldi	r25, 0x01	; 1
     212:	90 93 60 00 	sts	0x0060, r25	; 0x800060 <__DATA_REGION_ORIGIN__>
			else
			{
				AccessFlag = FALSE;
				break;
			}
			InputIndex++;
     216:	8f 5f       	subi	r24, 0xFF	; 255
     218:	80 93 4f 01 	sts	0x014F, r24	; 0x80014f <InputIndex.2315>
     21c:	03 c0       	rjmp	.+6      	; 0x224 <CheckPasswordAdmin+0x6c>
			{
				AccessFlag = TRUE;
			}
			else
			{
				AccessFlag = FALSE;
     21e:	10 92 60 00 	sts	0x0060, r1	; 0x800060 <__DATA_REGION_ORIGIN__>
				break;
     222:	04 c0       	rjmp	.+8      	; 0x22c <CheckPasswordAdmin+0x74>
	//Check if the user entered 4 Numbers
	if (InputIndex==4)
	{
		InputIndex = 0;
		//Check if the entered Array is equal to the first 4 Elements in the EEPROMValues Array
		while (InputIndex<4)
     224:	80 91 4f 01 	lds	r24, 0x014F	; 0x80014f <InputIndex.2315>
     228:	84 30       	cpi	r24, 0x04	; 4
     22a:	30 f3       	brcs	.-52     	; 0x1f8 <CheckPasswordAdmin+0x40>
				AccessFlag = FALSE;
				break;
			}
			InputIndex++;
		}
		if (AccessFlag==TRUE)
     22c:	c0 91 60 00 	lds	r28, 0x0060	; 0x800060 <__DATA_REGION_ORIGIN__>
     230:	c1 30       	cpi	r28, 0x01	; 1
     232:	39 f4       	brne	.+14     	; 0x242 <CheckPasswordAdmin+0x8a>
		{
			UART_sendStr("Welcome\r\n");
     234:	8a e7       	ldi	r24, 0x7A	; 122
     236:	90 e0       	ldi	r25, 0x00	; 0
     238:	0e 94 c5 17 	call	0x2f8a	; 0x2f8a <UART_sendStr>
			InputIndex=0;
     23c:	10 92 4f 01 	sts	0x014F, r1	; 0x80014f <InputIndex.2315>
			return TRUE;
     240:	31 c0       	rjmp	.+98     	; 0x2a4 <CheckPasswordAdmin+0xec>
		}
		else {
			UART_sendStr("WRONGPASSWORD");
     242:	84 e8       	ldi	r24, 0x84	; 132
     244:	90 e0       	ldi	r25, 0x00	; 0
     246:	0e 94 c5 17 	call	0x2f8a	; 0x2f8a <UART_sendStr>
			counter++;
     24a:	80 91 4a 01 	lds	r24, 0x014A	; 0x80014a <counter.2316>
     24e:	8f 5f       	subi	r24, 0xFF	; 255
     250:	80 93 4a 01 	sts	0x014A, r24	; 0x80014a <counter.2316>
			switch (counter){
     254:	82 30       	cpi	r24, 0x02	; 2
     256:	49 f0       	breq	.+18     	; 0x26a <CheckPasswordAdmin+0xb2>
     258:	83 30       	cpi	r24, 0x03	; 3
     25a:	61 f0       	breq	.+24     	; 0x274 <CheckPasswordAdmin+0xbc>
     25c:	81 30       	cpi	r24, 0x01	; 1
     25e:	e9 f4       	brne	.+58     	; 0x29a <CheckPasswordAdmin+0xe2>
				case 1:
				DIO_setPinValue (DIO_PINA0,DIO_HIGH);
     260:	61 e0       	ldi	r22, 0x01	; 1
     262:	80 e0       	ldi	r24, 0x00	; 0
     264:	0e 94 06 15 	call	0x2a0c	; 0x2a0c <DIO_setPinValue>
				break;
     268:	18 c0       	rjmp	.+48     	; 0x29a <CheckPasswordAdmin+0xe2>
				case 2:
				DIO_setPinValue (DIO_PINA2,DIO_HIGH);
     26a:	61 e0       	ldi	r22, 0x01	; 1
     26c:	82 e0       	ldi	r24, 0x02	; 2
     26e:	0e 94 06 15 	call	0x2a0c	; 0x2a0c <DIO_setPinValue>
				break;
     272:	13 c0       	rjmp	.+38     	; 0x29a <CheckPasswordAdmin+0xe2>
				case 3:
				DIO_setPinValue (DIO_PINA3,DIO_HIGH);
     274:	61 e0       	ldi	r22, 0x01	; 1
     276:	83 e0       	ldi	r24, 0x03	; 3
     278:	0e 94 06 15 	call	0x2a0c	; 0x2a0c <DIO_setPinValue>
				UART_sendStr("BLOCK");
     27c:	82 e9       	ldi	r24, 0x92	; 146
     27e:	90 e0       	ldi	r25, 0x00	; 0
     280:	0e 94 c5 17 	call	0x2f8a	; 0x2f8a <UART_sendStr>
     284:	2f ef       	ldi	r18, 0xFF	; 255
     286:	37 e6       	ldi	r19, 0x67	; 103
     288:	89 e8       	ldi	r24, 0x89	; 137
     28a:	99 e0       	ldi	r25, 0x09	; 9
     28c:	21 50       	subi	r18, 0x01	; 1
     28e:	30 40       	sbci	r19, 0x00	; 0
     290:	80 40       	sbci	r24, 0x00	; 0
     292:	90 40       	sbci	r25, 0x00	; 0
     294:	d9 f7       	brne	.-10     	; 0x28c <CheckPasswordAdmin+0xd4>
     296:	00 c0       	rjmp	.+0      	; 0x298 <CheckPasswordAdmin+0xe0>
     298:	00 00       	nop
				break;
				default:
				break;
			}
		}
		InputIndex = 0;
     29a:	10 92 4f 01 	sts	0x014F, r1	; 0x80014f <InputIndex.2315>
	}
	return FALSE;
     29e:	c0 e0       	ldi	r28, 0x00	; 0
     2a0:	01 c0       	rjmp	.+2      	; 0x2a4 <CheckPasswordAdmin+0xec>
     2a2:	c0 e0       	ldi	r28, 0x00	; 0
}
     2a4:	8c 2f       	mov	r24, r28
     2a6:	cf 91       	pop	r28
     2a8:	08 95       	ret

000002aa <TEMP_Check>:

//Temperature
void TEMP_Check(u8 Platform){
     2aa:	cf 92       	push	r12
     2ac:	df 92       	push	r13
     2ae:	ef 92       	push	r14
     2b0:	ff 92       	push	r15
     2b2:	cf 93       	push	r28
     2b4:	c8 2f       	mov	r28, r24
	
	//Temperature read pin
	DIO_setPinDir(DIO_PINA1,DIO_INPUT);
     2b6:	60 e0       	ldi	r22, 0x00	; 0
     2b8:	81 e0       	ldi	r24, 0x01	; 1
     2ba:	0e 94 7b 14 	call	0x28f6	; 0x28f6 <DIO_setPinDir>

	//DC Motor control

	//Enable
	DIO_setPinDir(DIO_PIND4,DIO_OUTPUT);
     2be:	61 e0       	ldi	r22, 0x01	; 1
     2c0:	8c e1       	ldi	r24, 0x1C	; 28
     2c2:	0e 94 7b 14 	call	0x28f6	; 0x28f6 <DIO_setPinDir>

	//Direction
	DIO_setPinDir(DIO_PIND3,DIO_OUTPUT);
     2c6:	61 e0       	ldi	r22, 0x01	; 1
     2c8:	8b e1       	ldi	r24, 0x1B	; 27
     2ca:	0e 94 7b 14 	call	0x28f6	; 0x28f6 <DIO_setPinDir>
	DIO_setPinDir(DIO_PIND7,DIO_OUTPUT);
     2ce:	61 e0       	ldi	r22, 0x01	; 1
     2d0:	8f e1       	ldi	r24, 0x1F	; 31
     2d2:	0e 94 7b 14 	call	0x28f6	; 0x28f6 <DIO_setPinDir>
	//Read the ADC 
	
	u16 VDigitalTemp;
	f32 VAnalogTemp;
	
	VDigitalTemp = ADC_read(ADC_CH1);
     2d6:	81 e0       	ldi	r24, 0x01	; 1
     2d8:	0e 94 44 14 	call	0x2888	; 0x2888 <ADC_read>
	VAnalogTemp = ADC_convertAnalog(VDigitalTemp)*100;
     2dc:	0e 94 6f 14 	call	0x28de	; 0x28de <ADC_convertAnalog>
     2e0:	20 e0       	ldi	r18, 0x00	; 0
     2e2:	30 e0       	ldi	r19, 0x00	; 0
     2e4:	48 ec       	ldi	r20, 0xC8	; 200
     2e6:	52 e4       	ldi	r21, 0x42	; 66
     2e8:	0e 94 6d 19 	call	0x32da	; 0x32da <__mulsf3>
     2ec:	6b 01       	movw	r12, r22
     2ee:	7c 01       	movw	r14, r24
	
	if (Platform==OUTPUTLCD)
     2f0:	c1 11       	cpse	r28, r1
     2f2:	0b c0       	rjmp	.+22     	; 0x30a <TEMP_Check+0x60>
	{
		//LCD_clearDis();
		LCD_sendStr("Temp = ");
     2f4:	88 e9       	ldi	r24, 0x98	; 152
     2f6:	90 e0       	ldi	r25, 0x00	; 0
     2f8:	0e 94 a6 13 	call	0x274c	; 0x274c <LCD_sendStr>
		LCD_sendFloatNum(VAnalogTemp);
     2fc:	c7 01       	movw	r24, r14
     2fe:	b6 01       	movw	r22, r12
     300:	0e 94 05 14 	call	0x280a	; 0x280a <LCD_sendFloatNum>
		LCD_sendData('C');
     304:	83 e4       	ldi	r24, 0x43	; 67
     306:	0e 94 d9 12 	call	0x25b2	; 0x25b2 <LCD_sendData>
	}
	
	//Start the Cooling Motor
	if(VAnalogTemp>28){
     30a:	20 e0       	ldi	r18, 0x00	; 0
     30c:	30 e0       	ldi	r19, 0x00	; 0
     30e:	40 ee       	ldi	r20, 0xE0	; 224
     310:	51 e4       	ldi	r21, 0x41	; 65
     312:	c7 01       	movw	r24, r14
     314:	b6 01       	movw	r22, r12
     316:	0e 94 68 19 	call	0x32d0	; 0x32d0 <__gesf2>
     31a:	18 16       	cp	r1, r24
     31c:	6c f4       	brge	.+26     	; 0x338 <TEMP_Check+0x8e>

		//Enable
		DIO_setPinValue(DIO_PIND4,DIO_HIGH);
     31e:	61 e0       	ldi	r22, 0x01	; 1
     320:	8c e1       	ldi	r24, 0x1C	; 28
     322:	0e 94 06 15 	call	0x2a0c	; 0x2a0c <DIO_setPinValue>

		//Direction
		DIO_setPinValue(DIO_PIND3,DIO_HIGH);
     326:	61 e0       	ldi	r22, 0x01	; 1
     328:	8b e1       	ldi	r24, 0x1B	; 27
     32a:	0e 94 06 15 	call	0x2a0c	; 0x2a0c <DIO_setPinValue>
		DIO_setPinValue(DIO_PIND7,DIO_LOW);
     32e:	60 e0       	ldi	r22, 0x00	; 0
     330:	8f e1       	ldi	r24, 0x1F	; 31
     332:	0e 94 06 15 	call	0x2a0c	; 0x2a0c <DIO_setPinValue>
     336:	16 c0       	rjmp	.+44     	; 0x364 <TEMP_Check+0xba>
	}
	//Stop the Cooling Motor
	else if(VAnalogTemp<28){
     338:	20 e0       	ldi	r18, 0x00	; 0
     33a:	30 e0       	ldi	r19, 0x00	; 0
     33c:	40 ee       	ldi	r20, 0xE0	; 224
     33e:	51 e4       	ldi	r21, 0x41	; 65
     340:	c7 01       	movw	r24, r14
     342:	b6 01       	movw	r22, r12
     344:	0e 94 7b 18 	call	0x30f6	; 0x30f6 <__cmpsf2>
     348:	88 23       	and	r24, r24
     34a:	64 f4       	brge	.+24     	; 0x364 <TEMP_Check+0xba>

		//Enable
		DIO_setPinValue(DIO_PIND4,DIO_LOW);
     34c:	60 e0       	ldi	r22, 0x00	; 0
     34e:	8c e1       	ldi	r24, 0x1C	; 28
     350:	0e 94 06 15 	call	0x2a0c	; 0x2a0c <DIO_setPinValue>

		//Direction
		DIO_setPinValue(DIO_PIND3,DIO_LOW);
     354:	60 e0       	ldi	r22, 0x00	; 0
     356:	8b e1       	ldi	r24, 0x1B	; 27
     358:	0e 94 06 15 	call	0x2a0c	; 0x2a0c <DIO_setPinValue>
		DIO_setPinValue(DIO_PINC6,DIO_LOW);
     35c:	60 e0       	ldi	r22, 0x00	; 0
     35e:	86 e1       	ldi	r24, 0x16	; 22
     360:	0e 94 06 15 	call	0x2a0c	; 0x2a0c <DIO_setPinValue>
     364:	2f ef       	ldi	r18, 0xFF	; 255
     366:	83 ed       	ldi	r24, 0xD3	; 211
     368:	90 e3       	ldi	r25, 0x30	; 48
     36a:	21 50       	subi	r18, 0x01	; 1
     36c:	80 40       	sbci	r24, 0x00	; 0
     36e:	90 40       	sbci	r25, 0x00	; 0
     370:	e1 f7       	brne	.-8      	; 0x36a <TEMP_Check+0xc0>
     372:	00 c0       	rjmp	.+0      	; 0x374 <TEMP_Check+0xca>
     374:	00 00       	nop
	}
	_delay_ms(1000);
}
     376:	cf 91       	pop	r28
     378:	ff 90       	pop	r15
     37a:	ef 90       	pop	r14
     37c:	df 90       	pop	r13
     37e:	cf 90       	pop	r12
     380:	08 95       	ret

00000382 <LIGHTING_Start>:

//Lighting
void LIGHTING_Start(u8 Start){
     382:	cf 93       	push	r28
     384:	c8 2f       	mov	r28, r24
	
	DIO_setPinDir(DIO_PINC2,DIO_OUTPUT);
     386:	61 e0       	ldi	r22, 0x01	; 1
     388:	82 e1       	ldi	r24, 0x12	; 18
     38a:	0e 94 7b 14 	call	0x28f6	; 0x28f6 <DIO_setPinDir>
	DIO_setPinDir(DIO_PINC7,DIO_OUTPUT);
     38e:	61 e0       	ldi	r22, 0x01	; 1
     390:	87 e1       	ldi	r24, 0x17	; 23
     392:	0e 94 7b 14 	call	0x28f6	; 0x28f6 <DIO_setPinDir>
	
	if (Start==LIGHTINGENTRANCE)
     396:	c1 33       	cpi	r28, 0x31	; 49
     398:	21 f4       	brne	.+8      	; 0x3a2 <LIGHTING_Start+0x20>
	{
		DIO_togglePinValue(DIO_PINC7);
     39a:	87 e1       	ldi	r24, 0x17	; 23
     39c:	0e 94 c7 15 	call	0x2b8e	; 0x2b8e <DIO_togglePinValue>
     3a0:	05 c0       	rjmp	.+10     	; 0x3ac <LIGHTING_Start+0x2a>
	} 
	else if (Start==LIGHTINHALL)
     3a2:	c2 33       	cpi	r28, 0x32	; 50
     3a4:	19 f4       	brne	.+6      	; 0x3ac <LIGHTING_Start+0x2a>
	{
		DIO_togglePinValue(DIO_PINC2);
     3a6:	82 e1       	ldi	r24, 0x12	; 18
     3a8:	0e 94 c7 15 	call	0x2b8e	; 0x2b8e <DIO_togglePinValue>
	}
}
     3ac:	cf 91       	pop	r28
     3ae:	08 95       	ret

000003b0 <HOLD_init>:
	}
}

void HOLD_init(){
	//TR
	DIO_setPinDir(DIO_PINC6,DIO_OUTPUT);
     3b0:	61 e0       	ldi	r22, 0x01	; 1
     3b2:	86 e1       	ldi	r24, 0x16	; 22
     3b4:	0e 94 7b 14 	call	0x28f6	; 0x28f6 <DIO_setPinDir>

	//ECHO
	DIO_setPinDir(DIO_PIND2,DIO_INPUT);
     3b8:	60 e0       	ldi	r22, 0x00	; 0
     3ba:	8a e1       	ldi	r24, 0x1A	; 26
     3bc:	0e 94 7b 14 	call	0x28f6	; 0x28f6 <DIO_setPinDir>

	//Timer0
	TIMER0_initNormal();
     3c0:	0e 94 88 16 	call	0x2d10	; 0x2d10 <TIMER0_initNormal>

	TIMER0_setCallbackOv(Timer0OvFunc);
     3c4:	87 e5       	ldi	r24, 0x57	; 87
     3c6:	90 e0       	ldi	r25, 0x00	; 0
     3c8:	0e 94 02 17 	call	0x2e04	; 0x2e04 <TIMER0_setCallbackOv>

	//External Interrupt
	EXT_int0Int(EXT_RISING);
     3cc:	81 e0       	ldi	r24, 0x01	; 1
     3ce:	0e 94 d7 15 	call	0x2bae	; 0x2bae <EXT_int0Int>

	EXT_setcallbackInt0(UltrasonicFunc);
     3d2:	81 e6       	ldi	r24, 0x61	; 97
     3d4:	90 e0       	ldi	r25, 0x00	; 0
     3d6:	0e 94 f5 15 	call	0x2bea	; 0x2bea <EXT_setcallbackInt0>
     3da:	08 95       	ret

000003dc <HOLD_Start>:
}

void HOLD_Start(){
	DIO_setPinValue(DIO_PINC6,DIO_HIGH);
     3dc:	61 e0       	ldi	r22, 0x01	; 1
     3de:	86 e1       	ldi	r24, 0x16	; 22
     3e0:	0e 94 06 15 	call	0x2a0c	; 0x2a0c <DIO_setPinValue>
	#else
		//round up by default
		__ticks_dc = (uint32_t)(ceil(fabs(__tmp)));
	#endif

	__builtin_avr_delay_cycles(__ticks_dc);
     3e4:	8a e3       	ldi	r24, 0x3A	; 58
     3e6:	8a 95       	dec	r24
     3e8:	f1 f7       	brne	.-4      	; 0x3e6 <HOLD_Start+0xa>
     3ea:	00 c0       	rjmp	.+0      	; 0x3ec <HOLD_Start+0x10>
	_delay_us(11);
	DIO_setPinValue(DIO_PINC6,DIO_LOW);
     3ec:	60 e0       	ldi	r22, 0x00	; 0
     3ee:	86 e1       	ldi	r24, 0x16	; 22
     3f0:	0e 94 06 15 	call	0x2a0c	; 0x2a0c <DIO_setPinValue>
     3f4:	08 95       	ret

000003f6 <HOLD_Retrun>:
}

u32 HOLD_Retrun(){
	return dis;
}
     3f6:	80 91 40 08 	lds	r24, 0x0840	; 0x800840 <dis>
     3fa:	90 91 41 08 	lds	r25, 0x0841	; 0x800841 <dis+0x1>
     3fe:	08 95       	ret

00000400 <DOORCONTROL_init>:

//Door using Servo
void DOORCONTROL_init(){

	//Servo Motor control PIN
	DIO_setPinDir(DIO_PIND5,DIO_OUTPUT);
     400:	61 e0       	ldi	r22, 0x01	; 1
     402:	8d e1       	ldi	r24, 0x1D	; 29
     404:	0e 94 7b 14 	call	0x28f6	; 0x28f6 <DIO_setPinDir>

	//Timer1
	TIMER1_initFastPwmMod14();
     408:	0e 94 55 17 	call	0x2eaa	; 0x2eaa <TIMER1_initFastPwmMod14>

	TIMER1_setFrequency(50);
     40c:	82 e3       	ldi	r24, 0x32	; 50
     40e:	90 e0       	ldi	r25, 0x00	; 0
     410:	0e 94 6b 17 	call	0x2ed6	; 0x2ed6 <TIMER1_setFrequency>
	
	//Close the door
	TIMER1_setOcr(374);
     414:	86 e7       	ldi	r24, 0x76	; 118
     416:	91 e0       	ldi	r25, 0x01	; 1
     418:	0e 94 68 17 	call	0x2ed0	; 0x2ed0 <TIMER1_setOcr>
     41c:	08 95       	ret

0000041e <Code_APPInitDriversTask>:

//Main
void Code_APPInitDriversTask(void *pvParameters){
	while(1){
		//Initialize the system Drivers
		GI_enable();
     41e:	0e 94 6f 16 	call	0x2cde	; 0x2cde <GI_enable>
		ADC_init();
     422:	0e 94 31 14 	call	0x2862	; 0x2862 <ADC_init>
		KPD_init();
     426:	0e 94 0d 12 	call	0x241a	; 0x241a <KPD_init>
		LCD_init();
     42a:	0e 94 4f 13 	call	0x269e	; 0x269e <LCD_init>
		UART_init();
     42e:	0e 94 b2 17 	call	0x2f64	; 0x2f64 <UART_init>
		
		//Initialize the program features
		HOLD_init();
     432:	0e 94 d8 01 	call	0x3b0	; 0x3b0 <HOLD_init>
		password_init();
     436:	0e 94 cf 00 	call	0x19e	; 0x19e <password_init>
		DOORCONTROL_init();
     43a:	0e 94 00 02 	call	0x400	; 0x400 <DOORCONTROL_init>
		EEPROMInitialize();
     43e:	0e 94 b1 00 	call	0x162	; 0x162 <EEPROMInitialize>
		
		vTaskResume(LoginTaskHandle);		
     442:	80 91 22 08 	lds	r24, 0x0822	; 0x800822 <LoginTaskHandle>
     446:	90 91 23 08 	lds	r25, 0x0823	; 0x800823 <LoginTaskHandle+0x1>
     44a:	0e 94 6c 0b 	call	0x16d8	; 0x16d8 <vTaskResume>
		vTaskDelete(NULL);
     44e:	80 e0       	ldi	r24, 0x00	; 0
     450:	90 e0       	ldi	r25, 0x00	; 0
     452:	0e 94 14 0b 	call	0x1628	; 0x1628 <vTaskDelete>
		vTaskDelay(500/portTICK_PERIOD_MS);
     456:	84 ef       	ldi	r24, 0xF4	; 244
     458:	91 e0       	ldi	r25, 0x01	; 1
     45a:	0e 94 c8 0d 	call	0x1b90	; 0x1b90 <vTaskDelay>
     45e:	df cf       	rjmp	.-66     	; 0x41e <Code_APPInitDriversTask>

00000460 <DOORCONTROL_Start>:
	
}

void DOORCONTROL_Start(){
	//Start the Holding process
	HOLD_Start();
     460:	0e 94 ee 01 	call	0x3dc	; 0x3dc <HOLD_Start>
	
	if(HOLD_Retrun()<30)
     464:	0e 94 fb 01 	call	0x3f6	; 0x3f6 <HOLD_Retrun>
     468:	4e 97       	sbiw	r24, 0x1e	; 30
     46a:	38 f4       	brcc	.+14     	; 0x47a <DOORCONTROL_Start+0x1a>
	{
		//Open the door
		TIMER1_setOcr(499);
     46c:	83 ef       	ldi	r24, 0xF3	; 243
     46e:	91 e0       	ldi	r25, 0x01	; 1
     470:	0e 94 68 17 	call	0x2ed0	; 0x2ed0 <TIMER1_setOcr>
     474:	02 c0       	rjmp	.+4      	; 0x47a <DOORCONTROL_Start+0x1a>
	}
	
	//Wait for the Ultrasonic Sensor to return a distance greater than 30cm
	
	while(HOLD_Retrun()<=30){
		HOLD_Start();
     476:	0e 94 ee 01 	call	0x3dc	; 0x3dc <HOLD_Start>
		TIMER1_setOcr(499);
	}
	
	//Wait for the Ultrasonic Sensor to return a distance greater than 30cm
	
	while(HOLD_Retrun()<=30){
     47a:	0e 94 fb 01 	call	0x3f6	; 0x3f6 <HOLD_Retrun>
     47e:	8f 31       	cpi	r24, 0x1F	; 31
     480:	91 05       	cpc	r25, r1
     482:	c8 f3       	brcs	.-14     	; 0x476 <DOORCONTROL_Start+0x16>
		HOLD_Start();
	}
	if (HOLD_Retrun()>30)
     484:	4f 97       	sbiw	r24, 0x1f	; 31
     486:	20 f0       	brcs	.+8      	; 0x490 <DOORCONTROL_Start+0x30>
	{
		//Close the door
		TIMER1_setOcr(374);
     488:	86 e7       	ldi	r24, 0x76	; 118
     48a:	91 e0       	ldi	r25, 0x01	; 1
     48c:	0e 94 68 17 	call	0x2ed0	; 0x2ed0 <TIMER1_setOcr>
     490:	08 95       	ret

00000492 <UserOptionsTask>:
		}
		vTaskDelay(5/portTICK_PERIOD_MS);
	}	
}
	
void UserOptionsTask(void * pvParameters ){
     492:	cf 93       	push	r28
     494:	df 93       	push	r29
     496:	cd b7       	in	r28, 0x3d	; 61
     498:	de b7       	in	r29, 0x3e	; 62
     49a:	64 97       	sbiw	r28, 0x14	; 20
     49c:	0f b6       	in	r0, 0x3f	; 63
     49e:	f8 94       	cli
     4a0:	de bf       	out	0x3e, r29	; 62
     4a2:	0f be       	out	0x3f, r0	; 63
     4a4:	cd bf       	out	0x3d, r28	; 61
	u8 UserControlCounter = 0;
	u8 UserRecieve = KPD_UNPRESSED;
	
	u8 lcdsend[20] = "1.Li2.T3.E4.log"; //1.Light 2.Temp 3.Enter 4.logout
     4a6:	80 e1       	ldi	r24, 0x10	; 16
     4a8:	e6 e6       	ldi	r30, 0x66	; 102
     4aa:	f0 e0       	ldi	r31, 0x00	; 0
     4ac:	de 01       	movw	r26, r28
     4ae:	11 96       	adiw	r26, 0x01	; 1
     4b0:	01 90       	ld	r0, Z+
     4b2:	0d 92       	st	X+, r0
     4b4:	8a 95       	dec	r24
     4b6:	e1 f7       	brne	.-8      	; 0x4b0 <UserOptionsTask+0x1e>
     4b8:	fe 01       	movw	r30, r28
     4ba:	71 96       	adiw	r30, 0x11	; 17
     4bc:	84 e0       	ldi	r24, 0x04	; 4
     4be:	df 01       	movw	r26, r30
     4c0:	1d 92       	st	X+, r1
     4c2:	8a 95       	dec	r24
     4c4:	e9 f7       	brne	.-6      	; 0x4c0 <UserOptionsTask+0x2e>
		vTaskDelay(5/portTICK_PERIOD_MS);
	}	
}
	
void UserOptionsTask(void * pvParameters ){
	u8 UserControlCounter = 0;
     4c6:	10 e0       	ldi	r17, 0x00	; 0
	u8 UserRecieve = KPD_UNPRESSED;
	
	u8 lcdsend[20] = "1.Li2.T3.E4.log"; //1.Light 2.Temp 3.Enter 4.logout
	while(1){
		switch (UserControlCounter)
     4c8:	11 30       	cpi	r17, 0x01	; 1
     4ca:	89 f0       	breq	.+34     	; 0x4ee <UserOptionsTask+0x5c>
     4cc:	20 f0       	brcs	.+8      	; 0x4d6 <UserOptionsTask+0x44>
     4ce:	12 30       	cpi	r17, 0x02	; 2
     4d0:	09 f4       	brne	.+2      	; 0x4d4 <UserOptionsTask+0x42>
     4d2:	53 c0       	rjmp	.+166    	; 0x57a <UserOptionsTask+0xe8>
     4d4:	6d c0       	rjmp	.+218    	; 0x5b0 <UserOptionsTask+0x11e>
		{
			case 0:
				//Correct password Show the options
				LCD_clearDis();
     4d6:	0e 94 96 13 	call	0x272c	; 0x272c <LCD_clearDis>
				LCD_sendStr(lcdsend);
     4da:	ce 01       	movw	r24, r28
     4dc:	01 96       	adiw	r24, 0x01	; 1
     4de:	0e 94 a6 13 	call	0x274c	; 0x274c <LCD_sendStr>
				LCD_GoTo(0,1);
     4e2:	61 e0       	ldi	r22, 0x01	; 1
     4e4:	80 e0       	ldi	r24, 0x00	; 0
     4e6:	0e 94 9a 13 	call	0x2734	; 0x2734 <LCD_GoTo>
				UserControlCounter = 1;
     4ea:	11 e0       	ldi	r17, 0x01	; 1
				break;
     4ec:	61 c0       	rjmp	.+194    	; 0x5b0 <UserOptionsTask+0x11e>
			case 1:			
				//Keypad read
				UserRecieve = KPD_read();
     4ee:	0e 94 36 12 	call	0x246c	; 0x246c <KPD_read>
     4f2:	08 2f       	mov	r16, r24
			
				if (UserRecieve!=KPD_UNPRESSED)
     4f4:	88 37       	cpi	r24, 0x78	; 120
     4f6:	09 f4       	brne	.+2      	; 0x4fa <UserOptionsTask+0x68>
     4f8:	5b c0       	rjmp	.+182    	; 0x5b0 <UserOptionsTask+0x11e>
				{
					while(KPD_read()!=KPD_UNPRESSED);
     4fa:	0e 94 36 12 	call	0x246c	; 0x246c <KPD_read>
     4fe:	88 37       	cpi	r24, 0x78	; 120
     500:	e1 f7       	brne	.-8      	; 0x4fa <UserOptionsTask+0x68>
				
					LCD_sendData(UserRecieve);
     502:	80 2f       	mov	r24, r16
     504:	0e 94 d9 12 	call	0x25b2	; 0x25b2 <LCD_sendData>
				
					//lighting
					if(UserRecieve==INPUT_Light){
     508:	01 33       	cpi	r16, 0x31	; 49
     50a:	81 f4       	brne	.+32     	; 0x52c <UserOptionsTask+0x9a>
						//lighting
						LCD_clearDis();
     50c:	0e 94 96 13 	call	0x272c	; 0x272c <LCD_clearDis>
						//1.Hall 2.Entrance
						LCD_sendData('E');
     510:	85 e4       	ldi	r24, 0x45	; 69
     512:	0e 94 d9 12 	call	0x25b2	; 0x25b2 <LCD_sendData>
						LCD_sendData(' ');
     516:	80 e2       	ldi	r24, 0x20	; 32
     518:	0e 94 d9 12 	call	0x25b2	; 0x25b2 <LCD_sendData>
						LCD_sendData('H');
     51c:	88 e4       	ldi	r24, 0x48	; 72
     51e:	0e 94 d9 12 	call	0x25b2	; 0x25b2 <LCD_sendData>
						LCD_GoTo(0,1);
     522:	61 e0       	ldi	r22, 0x01	; 1
     524:	80 e0       	ldi	r24, 0x00	; 0
     526:	0e 94 9a 13 	call	0x2734	; 0x2734 <LCD_GoTo>
						UserControlCounter = 2;
     52a:	12 e0       	ldi	r17, 0x02	; 2
					}
					//else 
					if(UserRecieve ==INPUT_Temp){
     52c:	02 33       	cpi	r16, 0x32	; 50
     52e:	31 f4       	brne	.+12     	; 0x53c <UserOptionsTask+0xaa>
						//Temperature check
						LCD_clearDis();
     530:	0e 94 96 13 	call	0x272c	; 0x272c <LCD_clearDis>
						TEMP_Check(OUTPUTLCD);
     534:	80 e0       	ldi	r24, 0x00	; 0
     536:	0e 94 55 01 	call	0x2aa	; 0x2aa <TEMP_Check>
						UserControlCounter = 0;
     53a:	10 e0       	ldi	r17, 0x00	; 0
					}
					//else 
					if (UserRecieve ==INPUT_ENTERANCE)
     53c:	03 33       	cpi	r16, 0x33	; 51
     53e:	71 f4       	brne	.+28     	; 0x55c <UserOptionsTask+0xca>
					{
						//Yes to open the door and no to keep it closed
						UART_sendData('y');
     540:	89 e7       	ldi	r24, 0x79	; 121
     542:	0e 94 c1 17 	call	0x2f82	; 0x2f82 <UART_sendData>
						UART_sendData('n');
     546:	8e e6       	ldi	r24, 0x6E	; 110
     548:	0e 94 c1 17 	call	0x2f82	; 0x2f82 <UART_sendData>
						UserRecieve = UART_receiveDataWait();
     54c:	0e 94 e3 17 	call	0x2fc6	; 0x2fc6 <UART_receiveDataWait>
						if (UserRecieve=='y')
     550:	89 37       	cpi	r24, 0x79	; 121
     552:	69 f5       	brne	.+90     	; 0x5ae <UserOptionsTask+0x11c>
						{
							DOORCONTROL_Start();
     554:	0e 94 30 02 	call	0x460	; 0x460 <DOORCONTROL_Start>
						}
						UserControlCounter = 0;
     558:	10 e0       	ldi	r17, 0x00	; 0
     55a:	2a c0       	rjmp	.+84     	; 0x5b0 <UserOptionsTask+0x11e>
					}
					//Logout for the user
					else if (UserRecieve == INPUT_LOGOUTUSER)
     55c:	04 33       	cpi	r16, 0x34	; 52
     55e:	41 f5       	brne	.+80     	; 0x5b0 <UserOptionsTask+0x11e>
					{
						LCD_clearDis();
     560:	0e 94 96 13 	call	0x272c	; 0x272c <LCD_clearDis>
						vTaskResume(LoginTaskHandle);
     564:	80 91 22 08 	lds	r24, 0x0822	; 0x800822 <LoginTaskHandle>
     568:	90 91 23 08 	lds	r25, 0x0823	; 0x800823 <LoginTaskHandle+0x1>
     56c:	0e 94 6c 0b 	call	0x16d8	; 0x16d8 <vTaskResume>
						vTaskDelete(NULL);
     570:	80 e0       	ldi	r24, 0x00	; 0
     572:	90 e0       	ldi	r25, 0x00	; 0
     574:	0e 94 14 0b 	call	0x1628	; 0x1628 <vTaskDelete>
     578:	1b c0       	rjmp	.+54     	; 0x5b0 <UserOptionsTask+0x11e>
				}
				break;
			case 2:
				//lighting
				//Keypad read
				UserRecieve = KPD_read();
     57a:	0e 94 36 12 	call	0x246c	; 0x246c <KPD_read>
     57e:	08 2f       	mov	r16, r24
			
				if (UserRecieve!=KPD_UNPRESSED)
     580:	88 37       	cpi	r24, 0x78	; 120
     582:	b1 f0       	breq	.+44     	; 0x5b0 <UserOptionsTask+0x11e>
				{
					while(KPD_read()!=KPD_UNPRESSED);
     584:	0e 94 36 12 	call	0x246c	; 0x246c <KPD_read>
     588:	88 37       	cpi	r24, 0x78	; 120
     58a:	e1 f7       	brne	.-8      	; 0x584 <UserOptionsTask+0xf2>
				
					LCD_sendData(UserRecieve);
     58c:	80 2f       	mov	r24, r16
     58e:	0e 94 d9 12 	call	0x25b2	; 0x25b2 <LCD_sendData>
				
					//lighting
					if (UserRecieve ==LIGHTINGENTRANCE)
     592:	01 33       	cpi	r16, 0x31	; 49
     594:	29 f4       	brne	.+10     	; 0x5a0 <UserOptionsTask+0x10e>
					{
						LIGHTING_Start(LIGHTINGENTRANCE);
     596:	81 e3       	ldi	r24, 0x31	; 49
     598:	0e 94 c1 01 	call	0x382	; 0x382 <LIGHTING_Start>
						UserControlCounter = 0;
     59c:	10 e0       	ldi	r17, 0x00	; 0
     59e:	08 c0       	rjmp	.+16     	; 0x5b0 <UserOptionsTask+0x11e>
					}
					else if (UserRecieve == LIGHTINHALL)
     5a0:	02 33       	cpi	r16, 0x32	; 50
     5a2:	31 f4       	brne	.+12     	; 0x5b0 <UserOptionsTask+0x11e>
					{
						LIGHTING_Start(LIGHTINHALL);
     5a4:	82 e3       	ldi	r24, 0x32	; 50
     5a6:	0e 94 c1 01 	call	0x382	; 0x382 <LIGHTING_Start>
						UserControlCounter = 0;
     5aa:	10 e0       	ldi	r17, 0x00	; 0
     5ac:	01 c0       	rjmp	.+2      	; 0x5b0 <UserOptionsTask+0x11e>
						UserRecieve = UART_receiveDataWait();
						if (UserRecieve=='y')
						{
							DOORCONTROL_Start();
						}
						UserControlCounter = 0;
     5ae:	10 e0       	ldi	r17, 0x00	; 0
			}
				break;
			default:
			break;
		}
	vTaskDelay(5/portTICK_PERIOD_MS);
     5b0:	85 e0       	ldi	r24, 0x05	; 5
     5b2:	90 e0       	ldi	r25, 0x00	; 0
     5b4:	0e 94 c8 0d 	call	0x1b90	; 0x1b90 <vTaskDelay>
	}
     5b8:	87 cf       	rjmp	.-242    	; 0x4c8 <UserOptionsTask+0x36>

000005ba <AddUser>:
		TIMER1_setOcr(374);
	}
}

//User
void AddUser(){
     5ba:	0f 93       	push	r16
     5bc:	1f 93       	push	r17
     5be:	cf 93       	push	r28
     5c0:	df 93       	push	r29
     5c2:	00 d0       	rcall	.+0      	; 0x5c4 <AddUser+0xa>
     5c4:	00 d0       	rcall	.+0      	; 0x5c6 <AddUser+0xc>
     5c6:	1f 92       	push	r1
     5c8:	cd b7       	in	r28, 0x3d	; 61
     5ca:	de b7       	in	r29, 0x3e	; 62
	 // temp array to put pass in the main array
	 u8 TEMPArr [5] ;
	 u8 UARTResevedData = UART_NOT_RECEIVE;

	 UART_sendStr("Enter pass:\r\n");
     5cc:	80 ea       	ldi	r24, 0xA0	; 160
     5ce:	90 e0       	ldi	r25, 0x00	; 0
     5d0:	0e 94 c5 17 	call	0x2f8a	; 0x2f8a <UART_sendStr>
	 u8 index1 = 0;
     5d4:	10 e0       	ldi	r17, 0x00	; 0
	 while (index1<5)
     5d6:	0d c0       	rjmp	.+26     	; 0x5f2 <AddUser+0x38>
	 {
		 UARTResevedData = UART_NOT_RECEIVE;
		 UARTResevedData = UART_receiveData();
     5d8:	0e 94 d8 17 	call	0x2fb0	; 0x2fb0 <UART_receiveData>
		 if (UARTResevedData!=UART_NOT_RECEIVE)
     5dc:	88 37       	cpi	r24, 0x78	; 120
     5de:	49 f0       	breq	.+18     	; 0x5f2 <AddUser+0x38>
		 {
			 TEMPArr[index1] = UARTResevedData-48;
     5e0:	e1 e0       	ldi	r30, 0x01	; 1
     5e2:	f0 e0       	ldi	r31, 0x00	; 0
     5e4:	ec 0f       	add	r30, r28
     5e6:	fd 1f       	adc	r31, r29
     5e8:	e1 0f       	add	r30, r17
     5ea:	f1 1d       	adc	r31, r1
     5ec:	80 53       	subi	r24, 0x30	; 48
     5ee:	80 83       	st	Z, r24
			 index1++;
     5f0:	1f 5f       	subi	r17, 0xFF	; 255
	 u8 TEMPArr [5] ;
	 u8 UARTResevedData = UART_NOT_RECEIVE;

	 UART_sendStr("Enter pass:\r\n");
	 u8 index1 = 0;
	 while (index1<5)
     5f2:	15 30       	cpi	r17, 0x05	; 5
     5f4:	88 f3       	brcs	.-30     	; 0x5d8 <AddUser+0x1e>
			 TEMPArr[index1] = UARTResevedData-48;
			 index1++;
			 UARTResevedData = UART_NOT_RECEIVE;
		 }
	 }
	 if (index1==5)
     5f6:	15 30       	cpi	r17, 0x05	; 5
     5f8:	09 f0       	breq	.+2      	; 0x5fc <AddUser+0x42>
     5fa:	42 c0       	rjmp	.+132    	; 0x680 <AddUser+0xc6>
	 {
		 UART_sendStr("Saving\r\n");
     5fc:	8e ea       	ldi	r24, 0xAE	; 174
     5fe:	90 e0       	ldi	r25, 0x00	; 0
     600:	0e 94 c5 17 	call	0x2f8a	; 0x2f8a <UART_sendStr>
		 for (u8 Arrayindex=4 ;Arrayindex<24 ; Arrayindex+=5)
     604:	84 e0       	ldi	r24, 0x04	; 4
     606:	22 c0       	rjmp	.+68     	; 0x64c <AddUser+0x92>
		 {
			 if ( EEPROMValues[Arrayindex] == 255 )
     608:	28 2f       	mov	r18, r24
     60a:	30 e0       	ldi	r19, 0x00	; 0
     60c:	f9 01       	movw	r30, r18
     60e:	e8 5d       	subi	r30, 0xD8	; 216
     610:	f7 4f       	sbci	r31, 0xF7	; 247
     612:	90 81       	ld	r25, Z
     614:	9f 3f       	cpi	r25, 0xFF	; 255
     616:	c9 f4       	brne	.+50     	; 0x64a <AddUser+0x90>
     618:	0e c0       	rjmp	.+28     	; 0x636 <AddUser+0x7c>
			 {
				 u8 INDEX1 = 0;
				 for (u8 EEPROMIndex= Arrayindex ;EEPROMIndex<(Arrayindex+5) ;EEPROMIndex++)
				 {
					 // will put the pass from temp array in EEPROMValues
					 EEPROMValues [EEPROMIndex] = TEMPArr [INDEX1];
     61a:	e1 e0       	ldi	r30, 0x01	; 1
     61c:	f0 e0       	ldi	r31, 0x00	; 0
     61e:	ec 0f       	add	r30, r28
     620:	fd 1f       	adc	r31, r29
     622:	e9 0f       	add	r30, r25
     624:	f1 1d       	adc	r31, r1
     626:	60 81       	ld	r22, Z
     628:	fa 01       	movw	r30, r20
     62a:	e8 5d       	subi	r30, 0xD8	; 216
     62c:	f7 4f       	sbci	r31, 0xF7	; 247
     62e:	60 83       	st	Z, r22
					 INDEX1++;
     630:	9f 5f       	subi	r25, 0xFF	; 255
		 for (u8 Arrayindex=4 ;Arrayindex<24 ; Arrayindex+=5)
		 {
			 if ( EEPROMValues[Arrayindex] == 255 )
			 {
				 u8 INDEX1 = 0;
				 for (u8 EEPROMIndex= Arrayindex ;EEPROMIndex<(Arrayindex+5) ;EEPROMIndex++)
     632:	8f 5f       	subi	r24, 0xFF	; 255
     634:	01 c0       	rjmp	.+2      	; 0x638 <AddUser+0x7e>
     636:	90 e0       	ldi	r25, 0x00	; 0
     638:	48 2f       	mov	r20, r24
     63a:	50 e0       	ldi	r21, 0x00	; 0
     63c:	b9 01       	movw	r22, r18
     63e:	6b 5f       	subi	r22, 0xFB	; 251
     640:	7f 4f       	sbci	r23, 0xFF	; 255
     642:	46 17       	cp	r20, r22
     644:	57 07       	cpc	r21, r23
     646:	4c f3       	brlt	.-46     	; 0x61a <AddUser+0x60>
     648:	03 c0       	rjmp	.+6      	; 0x650 <AddUser+0x96>
		 }
	 }
	 if (index1==5)
	 {
		 UART_sendStr("Saving\r\n");
		 for (u8 Arrayindex=4 ;Arrayindex<24 ; Arrayindex+=5)
     64a:	8b 5f       	subi	r24, 0xFB	; 251
     64c:	88 31       	cpi	r24, 0x18	; 24
     64e:	e0 f2       	brcs	.-72     	; 0x608 <AddUser+0x4e>
     650:	04 e0       	ldi	r16, 0x04	; 4
     652:	10 e0       	ldi	r17, 0x00	; 0
     654:	12 c0       	rjmp	.+36     	; 0x67a <AddUser+0xc0>
	#else
		//round up by default
		__ticks_dc = (uint32_t)(ceil(fabs(__tmp)));
	#endif

	__builtin_avr_delay_cycles(__ticks_dc);
     656:	2f ef       	ldi	r18, 0xFF	; 255
     658:	80 e7       	ldi	r24, 0x70	; 112
     65a:	92 e0       	ldi	r25, 0x02	; 2
     65c:	21 50       	subi	r18, 0x01	; 1
     65e:	80 40       	sbci	r24, 0x00	; 0
     660:	90 40       	sbci	r25, 0x00	; 0
     662:	e1 f7       	brne	.-8      	; 0x65c <AddUser+0xa2>
     664:	00 c0       	rjmp	.+0      	; 0x666 <AddUser+0xac>
     666:	00 00       	nop
		 }

		 for (u16 EEPROMIndex=4 ;EEPROMIndex<=23;EEPROMIndex++)
		 {
			 _delay_ms(50) ;
			 INTERNALEEPROM_SendByte(EEPROMValues[EEPROMIndex],EEPROMIndex);
     668:	f8 01       	movw	r30, r16
     66a:	e8 5d       	subi	r30, 0xD8	; 216
     66c:	f7 4f       	sbci	r31, 0xF7	; 247
     66e:	b8 01       	movw	r22, r16
     670:	80 81       	ld	r24, Z
     672:	0e 94 73 16 	call	0x2ce6	; 0x2ce6 <INTERNALEEPROM_SendByte>
				 }
				 break;
			 }
		 }

		 for (u16 EEPROMIndex=4 ;EEPROMIndex<=23;EEPROMIndex++)
     676:	0f 5f       	subi	r16, 0xFF	; 255
     678:	1f 4f       	sbci	r17, 0xFF	; 255
     67a:	08 31       	cpi	r16, 0x18	; 24
     67c:	11 05       	cpc	r17, r1
     67e:	58 f3       	brcs	.-42     	; 0x656 <AddUser+0x9c>
		 {
			 _delay_ms(50) ;
			 INTERNALEEPROM_SendByte(EEPROMValues[EEPROMIndex],EEPROMIndex);
		 }
	 }
	 EEPROMInitialize();
     680:	0e 94 b1 00 	call	0x162	; 0x162 <EEPROMInitialize>
}
     684:	0f 90       	pop	r0
     686:	0f 90       	pop	r0
     688:	0f 90       	pop	r0
     68a:	0f 90       	pop	r0
     68c:	0f 90       	pop	r0
     68e:	df 91       	pop	r29
     690:	cf 91       	pop	r28
     692:	1f 91       	pop	r17
     694:	0f 91       	pop	r16
     696:	08 95       	ret

00000698 <UserLogin>:

BOOL UserLogin(){
     698:	0f 93       	push	r16
     69a:	1f 93       	push	r17
     69c:	cf 93       	push	r28
     69e:	df 93       	push	r29
	static u8 User_Data[5];
	u8 KPD_ReceivedData = KPD_UNPRESSED;
	static u8 index = 0;
	static u8 counter = 0;
	
	AccessResult = FALSE;
     6a0:	10 92 49 01 	sts	0x0149, r1	; 0x800149 <AccessResult.2380>
	
	KPD_ReceivedData = KPD_read();
     6a4:	0e 94 36 12 	call	0x246c	; 0x246c <KPD_read>
     6a8:	c8 2f       	mov	r28, r24
	if (KPD_ReceivedData!=KPD_UNPRESSED)
     6aa:	88 37       	cpi	r24, 0x78	; 120
     6ac:	91 f0       	breq	.+36     	; 0x6d2 <UserLogin+0x3a>
	{
		while(KPD_read()!=KPD_UNPRESSED);
     6ae:	0e 94 36 12 	call	0x246c	; 0x246c <KPD_read>
     6b2:	88 37       	cpi	r24, 0x78	; 120
     6b4:	e1 f7       	brne	.-8      	; 0x6ae <UserLogin+0x16>
		LCD_sendData(KPD_ReceivedData);
     6b6:	8c 2f       	mov	r24, r28
     6b8:	0e 94 d9 12 	call	0x25b2	; 0x25b2 <LCD_sendData>
		User_Data[index] = KPD_ReceivedData-48;
     6bc:	80 91 48 01 	lds	r24, 0x0148	; 0x800148 <index.2383>
     6c0:	e8 2f       	mov	r30, r24
     6c2:	f0 e0       	ldi	r31, 0x00	; 0
     6c4:	ed 5b       	subi	r30, 0xBD	; 189
     6c6:	fe 4f       	sbci	r31, 0xFE	; 254
     6c8:	c0 53       	subi	r28, 0x30	; 48
     6ca:	c0 83       	st	Z, r28
		index++;
     6cc:	8f 5f       	subi	r24, 0xFF	; 255
     6ce:	80 93 48 01 	sts	0x0148, r24	; 0x800148 <index.2383>
	}
	//if the user entered five digits
	if (index>4)
     6d2:	80 91 48 01 	lds	r24, 0x0148	; 0x800148 <index.2383>
     6d6:	85 30       	cpi	r24, 0x05	; 5
     6d8:	a8 f5       	brcc	.+106    	; 0x744 <UserLogin+0xac>
     6da:	7d c0       	rjmp	.+250    	; 0x7d6 <UserLogin+0x13e>
		u8 i2 = 4;
		while(i2<24)
		{
			
			//Check if the first digit is equal to a place in the EEPROMValues array in the addresses (4,9,14,19)
			if (User_Data[0]==EEPROMValues[i2])
     6dc:	90 91 43 01 	lds	r25, 0x0143	; 0x800143 <User_Data.2381>
     6e0:	0c 2f       	mov	r16, r28
     6e2:	10 e0       	ldi	r17, 0x00	; 0
     6e4:	f8 01       	movw	r30, r16
     6e6:	e8 5d       	subi	r30, 0xD8	; 216
     6e8:	f7 4f       	sbci	r31, 0xF7	; 247
     6ea:	80 81       	ld	r24, Z
     6ec:	98 13       	cpse	r25, r24
     6ee:	26 c0       	rjmp	.+76     	; 0x73c <UserLogin+0xa4>
			{
				index = 0;
     6f0:	10 92 48 01 	sts	0x0148, r1	; 0x800148 <index.2383>
				for (u16 index2 = i2; index2<(i2+5); index2++)
     6f4:	e8 01       	movw	r28, r16
     6f6:	1c c0       	rjmp	.+56     	; 0x730 <UserLogin+0x98>
				{
					if (User_Data[index]==EEPROMValues[index2])
     6f8:	e0 91 48 01 	lds	r30, 0x0148	; 0x800148 <index.2383>
     6fc:	f0 e0       	ldi	r31, 0x00	; 0
     6fe:	ed 5b       	subi	r30, 0xBD	; 189
     700:	fe 4f       	sbci	r31, 0xFE	; 254
     702:	90 81       	ld	r25, Z
     704:	fe 01       	movw	r30, r28
     706:	e8 5d       	subi	r30, 0xD8	; 216
     708:	f7 4f       	sbci	r31, 0xF7	; 247
     70a:	80 81       	ld	r24, Z
     70c:	98 13       	cpse	r25, r24
     70e:	0d c0       	rjmp	.+26     	; 0x72a <UserLogin+0x92>
					{
						LCD_sendData('w');
     710:	87 e7       	ldi	r24, 0x77	; 119
     712:	0e 94 d9 12 	call	0x25b2	; 0x25b2 <LCD_sendData>
						AccessResult = TRUE;
     716:	81 e0       	ldi	r24, 0x01	; 1
     718:	80 93 49 01 	sts	0x0149, r24	; 0x800149 <AccessResult.2380>
					else
					{
						AccessResult = FALSE;
						break;
					}
					index++;
     71c:	80 91 48 01 	lds	r24, 0x0148	; 0x800148 <index.2383>
     720:	8f 5f       	subi	r24, 0xFF	; 255
     722:	80 93 48 01 	sts	0x0148, r24	; 0x800148 <index.2383>
			
			//Check if the first digit is equal to a place in the EEPROMValues array in the addresses (4,9,14,19)
			if (User_Data[0]==EEPROMValues[i2])
			{
				index = 0;
				for (u16 index2 = i2; index2<(i2+5); index2++)
     726:	21 96       	adiw	r28, 0x01	; 1
     728:	03 c0       	rjmp	.+6      	; 0x730 <UserLogin+0x98>
						LCD_sendData('w');
						AccessResult = TRUE;
					}
					else
					{
						AccessResult = FALSE;
     72a:	10 92 49 01 	sts	0x0149, r1	; 0x800149 <AccessResult.2380>
						break;
     72e:	0d c0       	rjmp	.+26     	; 0x74a <UserLogin+0xb2>
			
			//Check if the first digit is equal to a place in the EEPROMValues array in the addresses (4,9,14,19)
			if (User_Data[0]==EEPROMValues[i2])
			{
				index = 0;
				for (u16 index2 = i2; index2<(i2+5); index2++)
     730:	c8 01       	movw	r24, r16
     732:	05 96       	adiw	r24, 0x05	; 5
     734:	c8 17       	cp	r28, r24
     736:	d9 07       	cpc	r29, r25
     738:	f8 f2       	brcs	.-66     	; 0x6f8 <UserLogin+0x60>
     73a:	07 c0       	rjmp	.+14     	; 0x74a <UserLogin+0xb2>
					index++;
				}
				break;
			}
			else{
				AccessResult = FALSE;
     73c:	10 92 49 01 	sts	0x0149, r1	; 0x800149 <AccessResult.2380>
			}
			i2+=5;
     740:	cb 5f       	subi	r28, 0xFB	; 251
     742:	01 c0       	rjmp	.+2      	; 0x746 <UserLogin+0xae>
     744:	c4 e0       	ldi	r28, 0x04	; 4
	}
	//if the user entered five digits
	if (index>4)
	{
		u8 i2 = 4;
		while(i2<24)
     746:	c8 31       	cpi	r28, 0x18	; 24
     748:	48 f2       	brcs	.-110    	; 0x6dc <UserLogin+0x44>
				AccessResult = FALSE;
			}
			i2+=5;
		}

		LCD_clearDis();
     74a:	0e 94 96 13 	call	0x272c	; 0x272c <LCD_clearDis>
		if (AccessResult==TRUE)
     74e:	80 91 49 01 	lds	r24, 0x0149	; 0x800149 <AccessResult.2380>
     752:	81 30       	cpi	r24, 0x01	; 1
     754:	91 f4       	brne	.+36     	; 0x77a <UserLogin+0xe2>
		{
			LCD_sendStr("Welcome");
     756:	87 eb       	ldi	r24, 0xB7	; 183
     758:	90 e0       	ldi	r25, 0x00	; 0
     75a:	0e 94 a6 13 	call	0x274c	; 0x274c <LCD_sendStr>
			index = 0;
     75e:	10 92 48 01 	sts	0x0148, r1	; 0x800148 <index.2383>
     762:	2f ef       	ldi	r18, 0xFF	; 255
     764:	35 ea       	ldi	r19, 0xA5	; 165
     766:	8e e0       	ldi	r24, 0x0E	; 14
     768:	21 50       	subi	r18, 0x01	; 1
     76a:	30 40       	sbci	r19, 0x00	; 0
     76c:	80 40       	sbci	r24, 0x00	; 0
     76e:	e1 f7       	brne	.-8      	; 0x768 <UserLogin+0xd0>
     770:	00 c0       	rjmp	.+0      	; 0x772 <UserLogin+0xda>
     772:	00 00       	nop
			_delay_ms(300);
			return AccessResult;
     774:	80 91 49 01 	lds	r24, 0x0149	; 0x800149 <AccessResult.2380>
     778:	30 c0       	rjmp	.+96     	; 0x7da <UserLogin+0x142>
		}
		else{
			LCD_sendStr("WrongData");
     77a:	8f eb       	ldi	r24, 0xBF	; 191
     77c:	90 e0       	ldi	r25, 0x00	; 0
     77e:	0e 94 a6 13 	call	0x274c	; 0x274c <LCD_sendStr>
			counter++;
     782:	80 91 42 01 	lds	r24, 0x0142	; 0x800142 <__data_end>
     786:	8f 5f       	subi	r24, 0xFF	; 255
     788:	80 93 42 01 	sts	0x0142, r24	; 0x800142 <__data_end>
			switch (counter){
     78c:	82 30       	cpi	r24, 0x02	; 2
     78e:	49 f0       	breq	.+18     	; 0x7a2 <UserLogin+0x10a>
     790:	83 30       	cpi	r24, 0x03	; 3
     792:	61 f0       	breq	.+24     	; 0x7ac <UserLogin+0x114>
     794:	81 30       	cpi	r24, 0x01	; 1
     796:	e9 f4       	brne	.+58     	; 0x7d2 <UserLogin+0x13a>
				case 1:
				DIO_setPinValue (DIO_PINA0,DIO_HIGH);
     798:	61 e0       	ldi	r22, 0x01	; 1
     79a:	80 e0       	ldi	r24, 0x00	; 0
     79c:	0e 94 06 15 	call	0x2a0c	; 0x2a0c <DIO_setPinValue>
				break;
     7a0:	18 c0       	rjmp	.+48     	; 0x7d2 <UserLogin+0x13a>
				case 2:
				DIO_setPinValue (DIO_PINA2,DIO_HIGH);
     7a2:	61 e0       	ldi	r22, 0x01	; 1
     7a4:	82 e0       	ldi	r24, 0x02	; 2
     7a6:	0e 94 06 15 	call	0x2a0c	; 0x2a0c <DIO_setPinValue>
				break;
     7aa:	13 c0       	rjmp	.+38     	; 0x7d2 <UserLogin+0x13a>
				case 3:
				DIO_setPinValue (DIO_PINA3,DIO_HIGH);
     7ac:	61 e0       	ldi	r22, 0x01	; 1
     7ae:	83 e0       	ldi	r24, 0x03	; 3
     7b0:	0e 94 06 15 	call	0x2a0c	; 0x2a0c <DIO_setPinValue>
				LCD_sendStr("BLOCK");
     7b4:	82 e9       	ldi	r24, 0x92	; 146
     7b6:	90 e0       	ldi	r25, 0x00	; 0
     7b8:	0e 94 a6 13 	call	0x274c	; 0x274c <LCD_sendStr>
     7bc:	9f ef       	ldi	r25, 0xFF	; 255
     7be:	27 e6       	ldi	r18, 0x67	; 103
     7c0:	39 e8       	ldi	r19, 0x89	; 137
     7c2:	89 e0       	ldi	r24, 0x09	; 9
     7c4:	91 50       	subi	r25, 0x01	; 1
     7c6:	20 40       	sbci	r18, 0x00	; 0
     7c8:	30 40       	sbci	r19, 0x00	; 0
     7ca:	80 40       	sbci	r24, 0x00	; 0
     7cc:	d9 f7       	brne	.-10     	; 0x7c4 <UserLogin+0x12c>
     7ce:	00 c0       	rjmp	.+0      	; 0x7d0 <UserLogin+0x138>
     7d0:	00 00       	nop
				break;
				default:
				break;
			}
		}
		index = 0;
     7d2:	10 92 48 01 	sts	0x0148, r1	; 0x800148 <index.2383>
		
	}
	return AccessResult;
     7d6:	80 91 49 01 	lds	r24, 0x0149	; 0x800149 <AccessResult.2380>
}
     7da:	df 91       	pop	r29
     7dc:	cf 91       	pop	r28
     7de:	1f 91       	pop	r17
     7e0:	0f 91       	pop	r16
     7e2:	08 95       	ret

000007e4 <LoginTask>:
}

void LoginTask(void * pvParameters ){
	while(1)
	{		
		if(CheckPasswordAdmin()==TRUE)
     7e4:	0e 94 dc 00 	call	0x1b8	; 0x1b8 <CheckPasswordAdmin>
     7e8:	81 30       	cpi	r24, 0x01	; 1
     7ea:	a9 f4       	brne	.+42     	; 0x816 <__DATA_REGION_LENGTH__+0x16>
		{			
			xTaskCreate(AdminOptionsTask,NULL,100,NULL,2,&AdminOptionsTaskHandle);
     7ec:	0f 2e       	mov	r0, r31
     7ee:	f4 e2       	ldi	r31, 0x24	; 36
     7f0:	ef 2e       	mov	r14, r31
     7f2:	f8 e0       	ldi	r31, 0x08	; 8
     7f4:	ff 2e       	mov	r15, r31
     7f6:	f0 2d       	mov	r31, r0
     7f8:	02 e0       	ldi	r16, 0x02	; 2
     7fa:	20 e0       	ldi	r18, 0x00	; 0
     7fc:	30 e0       	ldi	r19, 0x00	; 0
     7fe:	44 e6       	ldi	r20, 0x64	; 100
     800:	50 e0       	ldi	r21, 0x00	; 0
     802:	60 e0       	ldi	r22, 0x00	; 0
     804:	70 e0       	ldi	r23, 0x00	; 0
     806:	8d e8       	ldi	r24, 0x8D	; 141
     808:	94 e0       	ldi	r25, 0x04	; 4
     80a:	0e 94 bb 0a 	call	0x1576	; 0x1576 <xTaskCreate>
			vTaskSuspend(NULL);
     80e:	80 e0       	ldi	r24, 0x00	; 0
     810:	90 e0       	ldi	r25, 0x00	; 0
     812:	0e 94 32 0e 	call	0x1c64	; 0x1c64 <vTaskSuspend>
		}
		if(UserLogin() == TRUE){			
     816:	0e 94 4c 03 	call	0x698	; 0x698 <UserLogin>
     81a:	81 30       	cpi	r24, 0x01	; 1
     81c:	a9 f4       	brne	.+42     	; 0x848 <__DATA_REGION_LENGTH__+0x48>
			xTaskCreate(UserOptionsTask,NULL,100,NULL,2,&UserOptionsTaskHandle);
     81e:	0f 2e       	mov	r0, r31
     820:	f6 e2       	ldi	r31, 0x26	; 38
     822:	ef 2e       	mov	r14, r31
     824:	f8 e0       	ldi	r31, 0x08	; 8
     826:	ff 2e       	mov	r15, r31
     828:	f0 2d       	mov	r31, r0
     82a:	02 e0       	ldi	r16, 0x02	; 2
     82c:	20 e0       	ldi	r18, 0x00	; 0
     82e:	30 e0       	ldi	r19, 0x00	; 0
     830:	44 e6       	ldi	r20, 0x64	; 100
     832:	50 e0       	ldi	r21, 0x00	; 0
     834:	60 e0       	ldi	r22, 0x00	; 0
     836:	70 e0       	ldi	r23, 0x00	; 0
     838:	89 e4       	ldi	r24, 0x49	; 73
     83a:	92 e0       	ldi	r25, 0x02	; 2
     83c:	0e 94 bb 0a 	call	0x1576	; 0x1576 <xTaskCreate>
			vTaskSuspend(NULL);
     840:	80 e0       	ldi	r24, 0x00	; 0
     842:	90 e0       	ldi	r25, 0x00	; 0
     844:	0e 94 32 0e 	call	0x1c64	; 0x1c64 <vTaskSuspend>
		}
		vTaskDelay(5/portTICK_PERIOD_MS);
     848:	85 e0       	ldi	r24, 0x05	; 5
     84a:	90 e0       	ldi	r25, 0x00	; 0
     84c:	0e 94 c8 0d 	call	0x1b90	; 0x1b90 <vTaskDelay>
	}
     850:	c9 cf       	rjmp	.-110    	; 0x7e4 <LoginTask>

00000852 <DeleteUser>:
		
	}
	return AccessResult;
}

void DeleteUser(u8 userID){
     852:	cf 93       	push	r28
	switch (userID)
     854:	82 30       	cpi	r24, 0x02	; 2
     856:	71 f1       	breq	.+92     	; 0x8b4 <__stack+0x55>
     858:	18 f4       	brcc	.+6      	; 0x860 <__stack+0x1>
     85a:	81 30       	cpi	r24, 0x01	; 1
     85c:	b9 f0       	breq	.+46     	; 0x88c <__stack+0x2d>
     85e:	55 c0       	rjmp	.+170    	; 0x90a <__stack+0xab>
     860:	83 30       	cpi	r24, 0x03	; 3
     862:	e1 f1       	breq	.+120    	; 0x8dc <__stack+0x7d>
     864:	84 30       	cpi	r24, 0x04	; 4
     866:	09 f4       	brne	.+2      	; 0x86a <__stack+0xb>
     868:	4d c0       	rjmp	.+154    	; 0x904 <__stack+0xa5>
     86a:	4f c0       	rjmp	.+158    	; 0x90a <__stack+0xab>
     86c:	2f ef       	ldi	r18, 0xFF	; 255
     86e:	80 e7       	ldi	r24, 0x70	; 112
     870:	92 e0       	ldi	r25, 0x02	; 2
     872:	21 50       	subi	r18, 0x01	; 1
     874:	80 40       	sbci	r24, 0x00	; 0
     876:	90 40       	sbci	r25, 0x00	; 0
     878:	e1 f7       	brne	.-8      	; 0x872 <__stack+0x13>
     87a:	00 c0       	rjmp	.+0      	; 0x87c <__stack+0x1d>
     87c:	00 00       	nop
	{
		case 1:
			for (u8 i = 4; i<9; i++){
				_delay_ms(50);
				INTERNALEEPROM_SendByte(255,i);
     87e:	6c 2f       	mov	r22, r28
     880:	70 e0       	ldi	r23, 0x00	; 0
     882:	8f ef       	ldi	r24, 0xFF	; 255
     884:	0e 94 73 16 	call	0x2ce6	; 0x2ce6 <INTERNALEEPROM_SendByte>

void DeleteUser(u8 userID){
	switch (userID)
	{
		case 1:
			for (u8 i = 4; i<9; i++){
     888:	cf 5f       	subi	r28, 0xFF	; 255
     88a:	01 c0       	rjmp	.+2      	; 0x88e <__stack+0x2f>
	}
	return AccessResult;
}

void DeleteUser(u8 userID){
	switch (userID)
     88c:	c4 e0       	ldi	r28, 0x04	; 4
	{
		case 1:
			for (u8 i = 4; i<9; i++){
     88e:	c9 30       	cpi	r28, 0x09	; 9
     890:	68 f3       	brcs	.-38     	; 0x86c <__stack+0xd>
     892:	3b c0       	rjmp	.+118    	; 0x90a <__stack+0xab>
     894:	2f ef       	ldi	r18, 0xFF	; 255
     896:	80 e7       	ldi	r24, 0x70	; 112
     898:	92 e0       	ldi	r25, 0x02	; 2
     89a:	21 50       	subi	r18, 0x01	; 1
     89c:	80 40       	sbci	r24, 0x00	; 0
     89e:	90 40       	sbci	r25, 0x00	; 0
     8a0:	e1 f7       	brne	.-8      	; 0x89a <__stack+0x3b>
     8a2:	00 c0       	rjmp	.+0      	; 0x8a4 <__stack+0x45>
     8a4:	00 00       	nop
			break;
		case 2:
			for 
			(u8 i = 9; i<14; i++){
				_delay_ms(50);
				INTERNALEEPROM_SendByte(255,i);
     8a6:	6c 2f       	mov	r22, r28
     8a8:	70 e0       	ldi	r23, 0x00	; 0
     8aa:	8f ef       	ldi	r24, 0xFF	; 255
     8ac:	0e 94 73 16 	call	0x2ce6	; 0x2ce6 <INTERNALEEPROM_SendByte>
				INTERNALEEPROM_SendByte(255,i);
			}
			break;
		case 2:
			for 
			(u8 i = 9; i<14; i++){
     8b0:	cf 5f       	subi	r28, 0xFF	; 255
     8b2:	01 c0       	rjmp	.+2      	; 0x8b6 <__stack+0x57>
	}
	return AccessResult;
}

void DeleteUser(u8 userID){
	switch (userID)
     8b4:	c9 e0       	ldi	r28, 0x09	; 9
				_delay_ms(50);
				INTERNALEEPROM_SendByte(255,i);
			}
			break;
		case 2:
			for 
     8b6:	ce 30       	cpi	r28, 0x0E	; 14
     8b8:	68 f3       	brcs	.-38     	; 0x894 <__stack+0x35>
     8ba:	27 c0       	rjmp	.+78     	; 0x90a <__stack+0xab>
     8bc:	2f ef       	ldi	r18, 0xFF	; 255
     8be:	80 e7       	ldi	r24, 0x70	; 112
     8c0:	92 e0       	ldi	r25, 0x02	; 2
     8c2:	21 50       	subi	r18, 0x01	; 1
     8c4:	80 40       	sbci	r24, 0x00	; 0
     8c6:	90 40       	sbci	r25, 0x00	; 0
     8c8:	e1 f7       	brne	.-8      	; 0x8c2 <__stack+0x63>
     8ca:	00 c0       	rjmp	.+0      	; 0x8cc <__stack+0x6d>
     8cc:	00 00       	nop
			}
			break;
		case 3:
			for (u8 i =14 ; i<19; i++){
				_delay_ms(50);
				INTERNALEEPROM_SendByte(255,i);
     8ce:	6c 2f       	mov	r22, r28
     8d0:	70 e0       	ldi	r23, 0x00	; 0
     8d2:	8f ef       	ldi	r24, 0xFF	; 255
     8d4:	0e 94 73 16 	call	0x2ce6	; 0x2ce6 <INTERNALEEPROM_SendByte>
				_delay_ms(50);
				INTERNALEEPROM_SendByte(255,i);
			}
			break;
		case 3:
			for (u8 i =14 ; i<19; i++){
     8d8:	cf 5f       	subi	r28, 0xFF	; 255
     8da:	01 c0       	rjmp	.+2      	; 0x8de <__stack+0x7f>
	}
	return AccessResult;
}

void DeleteUser(u8 userID){
	switch (userID)
     8dc:	ce e0       	ldi	r28, 0x0E	; 14
				_delay_ms(50);
				INTERNALEEPROM_SendByte(255,i);
			}
			break;
		case 3:
			for (u8 i =14 ; i<19; i++){
     8de:	c3 31       	cpi	r28, 0x13	; 19
     8e0:	68 f3       	brcs	.-38     	; 0x8bc <__stack+0x5d>
     8e2:	13 c0       	rjmp	.+38     	; 0x90a <__stack+0xab>
     8e4:	2f ef       	ldi	r18, 0xFF	; 255
     8e6:	80 e7       	ldi	r24, 0x70	; 112
     8e8:	92 e0       	ldi	r25, 0x02	; 2
     8ea:	21 50       	subi	r18, 0x01	; 1
     8ec:	80 40       	sbci	r24, 0x00	; 0
     8ee:	90 40       	sbci	r25, 0x00	; 0
     8f0:	e1 f7       	brne	.-8      	; 0x8ea <__stack+0x8b>
     8f2:	00 c0       	rjmp	.+0      	; 0x8f4 <__stack+0x95>
     8f4:	00 00       	nop
			}
			break;
		case 4:
			for (u8 i = 19; i<=24; i++){
				_delay_ms(50);
				INTERNALEEPROM_SendByte(255,i);
     8f6:	6c 2f       	mov	r22, r28
     8f8:	70 e0       	ldi	r23, 0x00	; 0
     8fa:	8f ef       	ldi	r24, 0xFF	; 255
     8fc:	0e 94 73 16 	call	0x2ce6	; 0x2ce6 <INTERNALEEPROM_SendByte>
				_delay_ms(50);
				INTERNALEEPROM_SendByte(255,i);
			}
			break;
		case 4:
			for (u8 i = 19; i<=24; i++){
     900:	cf 5f       	subi	r28, 0xFF	; 255
     902:	01 c0       	rjmp	.+2      	; 0x906 <__stack+0xa7>
	}
	return AccessResult;
}

void DeleteUser(u8 userID){
	switch (userID)
     904:	c3 e1       	ldi	r28, 0x13	; 19
				_delay_ms(50);
				INTERNALEEPROM_SendByte(255,i);
			}
			break;
		case 4:
			for (u8 i = 19; i<=24; i++){
     906:	c9 31       	cpi	r28, 0x19	; 25
     908:	68 f3       	brcs	.-38     	; 0x8e4 <__stack+0x85>
			}
			break;
		default:
			break;	
	}
	UART_sendStr("Deleted\r\n");
     90a:	89 ec       	ldi	r24, 0xC9	; 201
     90c:	90 e0       	ldi	r25, 0x00	; 0
     90e:	0e 94 c5 17 	call	0x2f8a	; 0x2f8a <UART_sendStr>
	EEPROMInitialize();
     912:	0e 94 b1 00 	call	0x162	; 0x162 <EEPROMInitialize>
}
     916:	cf 91       	pop	r28
     918:	08 95       	ret

0000091a <AdminOptionsTask>:
		
		//Admin Section
		if (AdminControlCounter==0)
		{
			//Correct password show options
			UART_sendStr("1.Light 2.Temp 3.Enter 4.Add User 5.Delete User 6.logout\r\n");
     91a:	83 ed       	ldi	r24, 0xD3	; 211
     91c:	90 e0       	ldi	r25, 0x00	; 0
     91e:	0e 94 c5 17 	call	0x2f8a	; 0x2f8a <UART_sendStr>
			AdminControlCounter = 1;
		}
		if (AdminControlCounter==1)
		{
			//UART read
			Adminrecieve = UART_receiveDataWait();
     922:	0e 94 e3 17 	call	0x2fc6	; 0x2fc6 <UART_receiveDataWait>
				
			if(Adminrecieve==INPUT_Light){
     926:	81 33       	cpi	r24, 0x31	; 49
     928:	89 f4       	brne	.+34     	; 0x94c <AdminOptionsTask+0x32>
				//lighting
				UART_sendStr("1.Entrance 2.Hall\r\n");
     92a:	8e e0       	ldi	r24, 0x0E	; 14
     92c:	91 e0       	ldi	r25, 0x01	; 1
     92e:	0e 94 c5 17 	call	0x2f8a	; 0x2f8a <UART_sendStr>
					
				Adminrecieve = UART_receiveDataWait();
     932:	0e 94 e3 17 	call	0x2fc6	; 0x2fc6 <UART_receiveDataWait>
					
				if (Adminrecieve ==LIGHTINGENTRANCE)
     936:	81 33       	cpi	r24, 0x31	; 49
     938:	19 f4       	brne	.+6      	; 0x940 <AdminOptionsTask+0x26>
				{
					LIGHTING_Start(LIGHTINGENTRANCE);
     93a:	0e 94 c1 01 	call	0x382	; 0x382 <LIGHTING_Start>
     93e:	4e c0       	rjmp	.+156    	; 0x9dc <AdminOptionsTask+0xc2>
				}
				else if (Adminrecieve == LIGHTINHALL)
     940:	82 33       	cpi	r24, 0x32	; 50
     942:	09 f0       	breq	.+2      	; 0x946 <AdminOptionsTask+0x2c>
     944:	4b c0       	rjmp	.+150    	; 0x9dc <AdminOptionsTask+0xc2>
				{
					LIGHTING_Start(LIGHTINHALL);
     946:	0e 94 c1 01 	call	0x382	; 0x382 <LIGHTING_Start>
     94a:	48 c0       	rjmp	.+144    	; 0x9dc <AdminOptionsTask+0xc2>
				}
			}
			else if(Adminrecieve ==INPUT_Temp){
     94c:	82 33       	cpi	r24, 0x32	; 50
     94e:	21 f4       	brne	.+8      	; 0x958 <AdminOptionsTask+0x3e>
				//Temperature check
				TEMP_Check(OUTPUTUART);
     950:	81 e0       	ldi	r24, 0x01	; 1
     952:	0e 94 55 01 	call	0x2aa	; 0x2aa <TEMP_Check>
     956:	42 c0       	rjmp	.+132    	; 0x9dc <AdminOptionsTask+0xc2>
			}
			else if (Adminrecieve ==INPUT_ENTERANCE)
     958:	83 33       	cpi	r24, 0x33	; 51
     95a:	39 f4       	brne	.+14     	; 0x96a <AdminOptionsTask+0x50>
			{
				UART_sendStr("\r\n");
     95c:	8b ea       	ldi	r24, 0xAB	; 171
     95e:	90 e0       	ldi	r25, 0x00	; 0
     960:	0e 94 c5 17 	call	0x2f8a	; 0x2f8a <UART_sendStr>
				DOORCONTROL_Start();
     964:	0e 94 30 02 	call	0x460	; 0x460 <DOORCONTROL_Start>
     968:	39 c0       	rjmp	.+114    	; 0x9dc <AdminOptionsTask+0xc2>
			}

			else if (Adminrecieve ==INPUT_ADDUSER)
     96a:	84 33       	cpi	r24, 0x34	; 52
     96c:	19 f4       	brne	.+6      	; 0x974 <AdminOptionsTask+0x5a>
			{
				AddUser();
     96e:	0e 94 dd 02 	call	0x5ba	; 0x5ba <AddUser>
     972:	34 c0       	rjmp	.+104    	; 0x9dc <AdminOptionsTask+0xc2>
			}
			else if (Adminrecieve == INPUT_DELETEUSER)
     974:	85 33       	cpi	r24, 0x35	; 53
     976:	31 f5       	brne	.+76     	; 0x9c4 <AdminOptionsTask+0xaa>
			{
				// show the saved users for admin to delete from them
				UART_sendStr("\r\n");
     978:	8b ea       	ldi	r24, 0xAB	; 171
     97a:	90 e0       	ldi	r25, 0x00	; 0
     97c:	0e 94 c5 17 	call	0x2f8a	; 0x2f8a <UART_sendStr>
				for (u8 i=4 ; i<24 ; i++)
     980:	c4 e0       	ldi	r28, 0x04	; 4
     982:	14 c0       	rjmp	.+40     	; 0x9ac <AdminOptionsTask+0x92>
				{
					UART_sendData(EEPROMValues[i]+48);
     984:	ec 2f       	mov	r30, r28
     986:	f0 e0       	ldi	r31, 0x00	; 0
     988:	e8 5d       	subi	r30, 0xD8	; 216
     98a:	f7 4f       	sbci	r31, 0xF7	; 247
     98c:	80 81       	ld	r24, Z
     98e:	80 5d       	subi	r24, 0xD0	; 208
     990:	0e 94 c1 17 	call	0x2f82	; 0x2f82 <UART_sendData>
					if (i==8||i==13||i==18||i==23)
     994:	c8 30       	cpi	r28, 0x08	; 8
     996:	31 f0       	breq	.+12     	; 0x9a4 <AdminOptionsTask+0x8a>
     998:	cd 30       	cpi	r28, 0x0D	; 13
     99a:	21 f0       	breq	.+8      	; 0x9a4 <AdminOptionsTask+0x8a>
     99c:	c2 31       	cpi	r28, 0x12	; 18
     99e:	11 f0       	breq	.+4      	; 0x9a4 <AdminOptionsTask+0x8a>
     9a0:	c7 31       	cpi	r28, 0x17	; 23
     9a2:	19 f4       	brne	.+6      	; 0x9aa <AdminOptionsTask+0x90>
					{
						UART_sendData('*');
     9a4:	8a e2       	ldi	r24, 0x2A	; 42
     9a6:	0e 94 c1 17 	call	0x2f82	; 0x2f82 <UART_sendData>
			}
			else if (Adminrecieve == INPUT_DELETEUSER)
			{
				// show the saved users for admin to delete from them
				UART_sendStr("\r\n");
				for (u8 i=4 ; i<24 ; i++)
     9aa:	cf 5f       	subi	r28, 0xFF	; 255
     9ac:	c8 31       	cpi	r28, 0x18	; 24
     9ae:	50 f3       	brcs	.-44     	; 0x984 <AdminOptionsTask+0x6a>
					if (i==8||i==13||i==18||i==23)
					{
						UART_sendData('*');
					}
				}
				UART_sendStr("\r\nEnter user id\r\n");
     9b0:	82 e2       	ldi	r24, 0x22	; 34
     9b2:	91 e0       	ldi	r25, 0x01	; 1
     9b4:	0e 94 c5 17 	call	0x2f8a	; 0x2f8a <UART_sendStr>
				Adminrecieve = UART_receiveDataWait()-48;
     9b8:	0e 94 e3 17 	call	0x2fc6	; 0x2fc6 <UART_receiveDataWait>
				DeleteUser(Adminrecieve);
     9bc:	80 53       	subi	r24, 0x30	; 48
     9be:	0e 94 29 04 	call	0x852	; 0x852 <DeleteUser>
     9c2:	0c c0       	rjmp	.+24     	; 0x9dc <AdminOptionsTask+0xc2>
				//ControlCounter = 0;
			}
			else if (Adminrecieve == INPUT_LOGOUTADMIN)
     9c4:	86 33       	cpi	r24, 0x36	; 54
     9c6:	51 f4       	brne	.+20     	; 0x9dc <AdminOptionsTask+0xc2>
			{
				vTaskResume(LoginTaskHandle);
     9c8:	80 91 22 08 	lds	r24, 0x0822	; 0x800822 <LoginTaskHandle>
     9cc:	90 91 23 08 	lds	r25, 0x0823	; 0x800823 <LoginTaskHandle+0x1>
     9d0:	0e 94 6c 0b 	call	0x16d8	; 0x16d8 <vTaskResume>
				vTaskDelete(NULL);
     9d4:	80 e0       	ldi	r24, 0x00	; 0
     9d6:	90 e0       	ldi	r25, 0x00	; 0
     9d8:	0e 94 14 0b 	call	0x1628	; 0x1628 <vTaskDelete>
			}
			AdminControlCounter = 0;
		}
		vTaskDelay(5/portTICK_PERIOD_MS);
     9dc:	85 e0       	ldi	r24, 0x05	; 5
     9de:	90 e0       	ldi	r25, 0x00	; 0
     9e0:	0e 94 c8 0d 	call	0x1b90	; 0x1b90 <vTaskDelay>
	}	
     9e4:	9a cf       	rjmp	.-204    	; 0x91a <AdminOptionsTask>

000009e6 <source_code>:
}

//Source Code
int source_code()
{		
	xTaskCreate(Code_APPInitDriversTask,NULL,100,NULL,3,&Code_APPInitDriversTaskHandle);
     9e6:	0f 2e       	mov	r0, r31
     9e8:	f0 e2       	ldi	r31, 0x20	; 32
     9ea:	ef 2e       	mov	r14, r31
     9ec:	f8 e0       	ldi	r31, 0x08	; 8
     9ee:	ff 2e       	mov	r15, r31
     9f0:	f0 2d       	mov	r31, r0
     9f2:	03 e0       	ldi	r16, 0x03	; 3
     9f4:	20 e0       	ldi	r18, 0x00	; 0
     9f6:	30 e0       	ldi	r19, 0x00	; 0
     9f8:	44 e6       	ldi	r20, 0x64	; 100
     9fa:	50 e0       	ldi	r21, 0x00	; 0
     9fc:	60 e0       	ldi	r22, 0x00	; 0
     9fe:	70 e0       	ldi	r23, 0x00	; 0
     a00:	8f e0       	ldi	r24, 0x0F	; 15
     a02:	92 e0       	ldi	r25, 0x02	; 2
     a04:	0e 94 bb 0a 	call	0x1576	; 0x1576 <xTaskCreate>
	
	xTaskCreate(LoginTask,NULL,100,NULL,3,&LoginTaskHandle);
     a08:	0f 2e       	mov	r0, r31
     a0a:	f2 e2       	ldi	r31, 0x22	; 34
     a0c:	ef 2e       	mov	r14, r31
     a0e:	f8 e0       	ldi	r31, 0x08	; 8
     a10:	ff 2e       	mov	r15, r31
     a12:	f0 2d       	mov	r31, r0
     a14:	20 e0       	ldi	r18, 0x00	; 0
     a16:	30 e0       	ldi	r19, 0x00	; 0
     a18:	44 e6       	ldi	r20, 0x64	; 100
     a1a:	50 e0       	ldi	r21, 0x00	; 0
     a1c:	60 e0       	ldi	r22, 0x00	; 0
     a1e:	70 e0       	ldi	r23, 0x00	; 0
     a20:	82 ef       	ldi	r24, 0xF2	; 242
     a22:	93 e0       	ldi	r25, 0x03	; 3
     a24:	0e 94 bb 0a 	call	0x1576	; 0x1576 <xTaskCreate>
	
	vTaskSuspend(LoginTaskHandle);
     a28:	80 91 22 08 	lds	r24, 0x0822	; 0x800822 <LoginTaskHandle>
     a2c:	90 91 23 08 	lds	r25, 0x0823	; 0x800823 <LoginTaskHandle+0x1>
     a30:	0e 94 32 0e 	call	0x1c64	; 0x1c64 <vTaskSuspend>
	
	vTaskStartScheduler();
     a34:	0e 94 cc 0b 	call	0x1798	; 0x1798 <vTaskStartScheduler>
     a38:	ff cf       	rjmp	.-2      	; 0xa38 <source_code+0x52>

00000a3a <pvPortMalloc>:
static size_t xNextFreeByte = ( size_t ) 0;

/*-----------------------------------------------------------*/

void * pvPortMalloc( size_t xWantedSize )
{
     a3a:	cf 93       	push	r28
     a3c:	df 93       	push	r29
     a3e:	ec 01       	movw	r28, r24
            }
        }
    }
    #endif /* if ( portBYTE_ALIGNMENT != 1 ) */

    vTaskSuspendAll();
     a40:	0e 94 fc 0b 	call	0x17f8	; 0x17f8 <vTaskSuspendAll>
    {
        if( pucAlignedHeap == NULL )
     a44:	80 91 59 01 	lds	r24, 0x0159	; 0x800159 <pucAlignedHeap.2112>
     a48:	90 91 5a 01 	lds	r25, 0x015A	; 0x80015a <pucAlignedHeap.2112+0x1>
     a4c:	89 2b       	or	r24, r25
     a4e:	31 f4       	brne	.+12     	; 0xa5c <pvPortMalloc+0x22>
        {
            /* Ensure the heap starts on a correctly aligned boundary. */
            pucAlignedHeap = ( uint8_t * ) ( ( ( portPOINTER_SIZE_TYPE ) & ucHeap[ portBYTE_ALIGNMENT - 1 ] ) & ( ~( ( portPOINTER_SIZE_TYPE ) portBYTE_ALIGNMENT_MASK ) ) );
     a50:	8d e5       	ldi	r24, 0x5D	; 93
     a52:	91 e0       	ldi	r25, 0x01	; 1
     a54:	90 93 5a 01 	sts	0x015A, r25	; 0x80015a <pucAlignedHeap.2112+0x1>
     a58:	80 93 59 01 	sts	0x0159, r24	; 0x800159 <pucAlignedHeap.2112>
        }

        /* Check there is enough room left for the allocation and. */
        if( ( xWantedSize > 0 ) &&                                /* valid size */
     a5c:	20 97       	sbiw	r28, 0x00	; 0
     a5e:	c9 f0       	breq	.+50     	; 0xa92 <pvPortMalloc+0x58>
            ( ( xNextFreeByte + xWantedSize ) < configADJUSTED_HEAP_SIZE ) &&
     a60:	80 91 5b 01 	lds	r24, 0x015B	; 0x80015b <xNextFreeByte>
     a64:	90 91 5c 01 	lds	r25, 0x015C	; 0x80015c <xNextFreeByte+0x1>
     a68:	9e 01       	movw	r18, r28
     a6a:	28 0f       	add	r18, r24
     a6c:	39 1f       	adc	r19, r25
            /* Ensure the heap starts on a correctly aligned boundary. */
            pucAlignedHeap = ( uint8_t * ) ( ( ( portPOINTER_SIZE_TYPE ) & ucHeap[ portBYTE_ALIGNMENT - 1 ] ) & ( ~( ( portPOINTER_SIZE_TYPE ) portBYTE_ALIGNMENT_MASK ) ) );
        }

        /* Check there is enough room left for the allocation and. */
        if( ( xWantedSize > 0 ) &&                                /* valid size */
     a6e:	2f 33       	cpi	r18, 0x3F	; 63
     a70:	46 e0       	ldi	r20, 0x06	; 6
     a72:	34 07       	cpc	r19, r20
     a74:	88 f4       	brcc	.+34     	; 0xa98 <pvPortMalloc+0x5e>
            ( ( xNextFreeByte + xWantedSize ) < configADJUSTED_HEAP_SIZE ) &&
     a76:	82 17       	cp	r24, r18
     a78:	93 07       	cpc	r25, r19
     a7a:	88 f4       	brcc	.+34     	; 0xa9e <pvPortMalloc+0x64>
            ( ( xNextFreeByte + xWantedSize ) > xNextFreeByte ) ) /* Check for overflow. */
        {
            /* Return the next free byte then increment the index past this
             * block. */
            pvReturn = pucAlignedHeap + xNextFreeByte;
     a7c:	c0 91 59 01 	lds	r28, 0x0159	; 0x800159 <pucAlignedHeap.2112>
     a80:	d0 91 5a 01 	lds	r29, 0x015A	; 0x80015a <pucAlignedHeap.2112+0x1>
     a84:	c8 0f       	add	r28, r24
     a86:	d9 1f       	adc	r29, r25
            xNextFreeByte += xWantedSize;
     a88:	30 93 5c 01 	sts	0x015C, r19	; 0x80015c <xNextFreeByte+0x1>
     a8c:	20 93 5b 01 	sts	0x015B, r18	; 0x80015b <xNextFreeByte>
     a90:	08 c0       	rjmp	.+16     	; 0xaa2 <pvPortMalloc+0x68>

/*-----------------------------------------------------------*/

void * pvPortMalloc( size_t xWantedSize )
{
    void * pvReturn = NULL;
     a92:	c0 e0       	ldi	r28, 0x00	; 0
     a94:	d0 e0       	ldi	r29, 0x00	; 0
     a96:	05 c0       	rjmp	.+10     	; 0xaa2 <pvPortMalloc+0x68>
     a98:	c0 e0       	ldi	r28, 0x00	; 0
     a9a:	d0 e0       	ldi	r29, 0x00	; 0
     a9c:	02 c0       	rjmp	.+4      	; 0xaa2 <pvPortMalloc+0x68>
     a9e:	c0 e0       	ldi	r28, 0x00	; 0
     aa0:	d0 e0       	ldi	r29, 0x00	; 0
            xNextFreeByte += xWantedSize;
        }

        traceMALLOC( pvReturn, xWantedSize );
    }
    ( void ) xTaskResumeAll();
     aa2:	0e 94 fb 0c 	call	0x19f6	; 0x19f6 <xTaskResumeAll>
        }
    }
    #endif

    return pvReturn;
}
     aa6:	ce 01       	movw	r24, r28
     aa8:	df 91       	pop	r29
     aaa:	cf 91       	pop	r28
     aac:	08 95       	ret

00000aae <vPortFree>:
/*-----------------------------------------------------------*/

void vPortFree( void * pv )
{
     aae:	08 95       	ret

00000ab0 <vListInitialise>:
/*-----------------------------------------------------------
* PUBLIC LIST API documented in list.h
*----------------------------------------------------------*/

void vListInitialise( List_t * const pxList )
{
     ab0:	fc 01       	movw	r30, r24
    /* The list structure contains a list item which is used to mark the
     * end of the list.  To initialise the list the list end is inserted
     * as the only list entry. */
    pxList->pxIndex = ( ListItem_t * ) &( pxList->xListEnd ); /*lint !e826 !e740 !e9087 The mini list structure is used as the list end to save RAM.  This is checked and valid. */
     ab2:	03 96       	adiw	r24, 0x03	; 3
     ab4:	92 83       	std	Z+2, r25	; 0x02
     ab6:	81 83       	std	Z+1, r24	; 0x01

    listSET_FIRST_LIST_ITEM_INTEGRITY_CHECK_VALUE( &( pxList->xListEnd ) );

    /* The list end value is the highest possible value in the list to
     * ensure it remains at the end of the list. */
    pxList->xListEnd.xItemValue = portMAX_DELAY;
     ab8:	2f ef       	ldi	r18, 0xFF	; 255
     aba:	3f ef       	ldi	r19, 0xFF	; 255
     abc:	34 83       	std	Z+4, r19	; 0x04
     abe:	23 83       	std	Z+3, r18	; 0x03

    /* The list end next and previous pointers point to itself so we know
     * when the list is empty. */
    pxList->xListEnd.pxNext = ( ListItem_t * ) &( pxList->xListEnd );     /*lint !e826 !e740 !e9087 The mini list structure is used as the list end to save RAM.  This is checked and valid. */
     ac0:	96 83       	std	Z+6, r25	; 0x06
     ac2:	85 83       	std	Z+5, r24	; 0x05
    pxList->xListEnd.pxPrevious = ( ListItem_t * ) &( pxList->xListEnd ); /*lint !e826 !e740 !e9087 The mini list structure is used as the list end to save RAM.  This is checked and valid. */
     ac4:	90 87       	std	Z+8, r25	; 0x08
     ac6:	87 83       	std	Z+7, r24	; 0x07
        pxList->xListEnd.pxContainer = NULL;
        listSET_SECOND_LIST_ITEM_INTEGRITY_CHECK_VALUE( &( pxList->xListEnd ) );
    }
    #endif

    pxList->uxNumberOfItems = ( UBaseType_t ) 0U;
     ac8:	10 82       	st	Z, r1
     aca:	08 95       	ret

00000acc <vListInitialiseItem>:
/*-----------------------------------------------------------*/

void vListInitialiseItem( ListItem_t * const pxItem )
{
    /* Make sure the list item is not recorded as being on a list. */
    pxItem->pxContainer = NULL;
     acc:	fc 01       	movw	r30, r24
     ace:	11 86       	std	Z+9, r1	; 0x09
     ad0:	10 86       	std	Z+8, r1	; 0x08
     ad2:	08 95       	ret

00000ad4 <vListInsertEnd>:
}
/*-----------------------------------------------------------*/

void vListInsertEnd( List_t * const pxList,
                     ListItem_t * const pxNewListItem )
{
     ad4:	cf 93       	push	r28
     ad6:	df 93       	push	r29
     ad8:	9c 01       	movw	r18, r24
     ada:	fb 01       	movw	r30, r22
    ListItem_t * const pxIndex = pxList->pxIndex;
     adc:	dc 01       	movw	r26, r24
     ade:	11 96       	adiw	r26, 0x01	; 1
     ae0:	cd 91       	ld	r28, X+
     ae2:	dc 91       	ld	r29, X
     ae4:	12 97       	sbiw	r26, 0x02	; 2
    listTEST_LIST_ITEM_INTEGRITY( pxNewListItem );

    /* Insert a new list item into pxList, but rather than sort the list,
     * makes the new list item the last item to be removed by a call to
     * listGET_OWNER_OF_NEXT_ENTRY(). */
    pxNewListItem->pxNext = pxIndex;
     ae6:	d3 83       	std	Z+3, r29	; 0x03
     ae8:	c2 83       	std	Z+2, r28	; 0x02
    pxNewListItem->pxPrevious = pxIndex->pxPrevious;
     aea:	8c 81       	ldd	r24, Y+4	; 0x04
     aec:	9d 81       	ldd	r25, Y+5	; 0x05
     aee:	95 83       	std	Z+5, r25	; 0x05
     af0:	84 83       	std	Z+4, r24	; 0x04

    /* Only used during decision coverage testing. */
    mtCOVERAGE_TEST_DELAY();

    pxIndex->pxPrevious->pxNext = pxNewListItem;
     af2:	8c 81       	ldd	r24, Y+4	; 0x04
     af4:	9d 81       	ldd	r25, Y+5	; 0x05
     af6:	dc 01       	movw	r26, r24
     af8:	13 96       	adiw	r26, 0x03	; 3
     afa:	7c 93       	st	X, r23
     afc:	6e 93       	st	-X, r22
     afe:	12 97       	sbiw	r26, 0x02	; 2
    pxIndex->pxPrevious = pxNewListItem;
     b00:	7d 83       	std	Y+5, r23	; 0x05
     b02:	6c 83       	std	Y+4, r22	; 0x04

    /* Remember which list the item is in. */
    pxNewListItem->pxContainer = pxList;
     b04:	31 87       	std	Z+9, r19	; 0x09
     b06:	20 87       	std	Z+8, r18	; 0x08

    ( pxList->uxNumberOfItems )++;
     b08:	f9 01       	movw	r30, r18
     b0a:	80 81       	ld	r24, Z
     b0c:	8f 5f       	subi	r24, 0xFF	; 255
     b0e:	80 83       	st	Z, r24
}
     b10:	df 91       	pop	r29
     b12:	cf 91       	pop	r28
     b14:	08 95       	ret

00000b16 <vListInsert>:
/*-----------------------------------------------------------*/

void vListInsert( List_t * const pxList,
                  ListItem_t * const pxNewListItem )
{
     b16:	cf 93       	push	r28
     b18:	df 93       	push	r29
     b1a:	eb 01       	movw	r28, r22
    ListItem_t * pxIterator;
    const TickType_t xValueOfInsertion = pxNewListItem->xItemValue;
     b1c:	48 81       	ld	r20, Y
     b1e:	59 81       	ldd	r21, Y+1	; 0x01
     * new list item should be placed after it.  This ensures that TCBs which are
     * stored in ready lists (all of which have the same xItemValue value) get a
     * share of the CPU.  However, if the xItemValue is the same as the back marker
     * the iteration loop below will not end.  Therefore the value is checked
     * first, and the algorithm slightly modified if necessary. */
    if( xValueOfInsertion == portMAX_DELAY )
     b20:	4f 3f       	cpi	r20, 0xFF	; 255
     b22:	2f ef       	ldi	r18, 0xFF	; 255
     b24:	52 07       	cpc	r21, r18
     b26:	21 f4       	brne	.+8      	; 0xb30 <vListInsert+0x1a>
    {
        pxIterator = pxList->xListEnd.pxPrevious;
     b28:	fc 01       	movw	r30, r24
     b2a:	a7 81       	ldd	r26, Z+7	; 0x07
     b2c:	b0 85       	ldd	r27, Z+8	; 0x08
     b2e:	0d c0       	rjmp	.+26     	; 0xb4a <vListInsert+0x34>
        *   5) If the FreeRTOS port supports interrupt nesting then ensure that
        *      the priority of the tick interrupt is at or below
        *      configMAX_SYSCALL_INTERRUPT_PRIORITY.
        **********************************************************************/

        for( pxIterator = ( ListItem_t * ) &( pxList->xListEnd ); pxIterator->pxNext->xItemValue <= xValueOfInsertion; pxIterator = pxIterator->pxNext ) /*lint !e826 !e740 !e9087 The mini list structure is used as the list end to save RAM.  This is checked and valid. *//*lint !e440 The iterator moves to a different value, not xValueOfInsertion. */
     b30:	dc 01       	movw	r26, r24
     b32:	13 96       	adiw	r26, 0x03	; 3
     b34:	01 c0       	rjmp	.+2      	; 0xb38 <vListInsert+0x22>
     b36:	df 01       	movw	r26, r30
     b38:	12 96       	adiw	r26, 0x02	; 2
     b3a:	ed 91       	ld	r30, X+
     b3c:	fc 91       	ld	r31, X
     b3e:	13 97       	sbiw	r26, 0x03	; 3
     b40:	20 81       	ld	r18, Z
     b42:	31 81       	ldd	r19, Z+1	; 0x01
     b44:	42 17       	cp	r20, r18
     b46:	53 07       	cpc	r21, r19
     b48:	b0 f7       	brcc	.-20     	; 0xb36 <vListInsert+0x20>
            /* There is nothing to do here, just iterating to the wanted
             * insertion position. */
        }
    }

    pxNewListItem->pxNext = pxIterator->pxNext;
     b4a:	12 96       	adiw	r26, 0x02	; 2
     b4c:	ed 91       	ld	r30, X+
     b4e:	fc 91       	ld	r31, X
     b50:	13 97       	sbiw	r26, 0x03	; 3
     b52:	fb 83       	std	Y+3, r31	; 0x03
     b54:	ea 83       	std	Y+2, r30	; 0x02
    pxNewListItem->pxNext->pxPrevious = pxNewListItem;
     b56:	d5 83       	std	Z+5, r29	; 0x05
     b58:	c4 83       	std	Z+4, r28	; 0x04
    pxNewListItem->pxPrevious = pxIterator;
     b5a:	bd 83       	std	Y+5, r27	; 0x05
     b5c:	ac 83       	std	Y+4, r26	; 0x04
    pxIterator->pxNext = pxNewListItem;
     b5e:	13 96       	adiw	r26, 0x03	; 3
     b60:	dc 93       	st	X, r29
     b62:	ce 93       	st	-X, r28
     b64:	12 97       	sbiw	r26, 0x02	; 2

    /* Remember which list the item is in.  This allows fast removal of the
     * item later. */
    pxNewListItem->pxContainer = pxList;
     b66:	99 87       	std	Y+9, r25	; 0x09
     b68:	88 87       	std	Y+8, r24	; 0x08

    ( pxList->uxNumberOfItems )++;
     b6a:	fc 01       	movw	r30, r24
     b6c:	20 81       	ld	r18, Z
     b6e:	2f 5f       	subi	r18, 0xFF	; 255
     b70:	20 83       	st	Z, r18
}
     b72:	df 91       	pop	r29
     b74:	cf 91       	pop	r28
     b76:	08 95       	ret

00000b78 <uxListRemove>:
/*-----------------------------------------------------------*/

UBaseType_t uxListRemove( ListItem_t * const pxItemToRemove )
{
     b78:	cf 93       	push	r28
     b7a:	df 93       	push	r29
     b7c:	fc 01       	movw	r30, r24
/* The list item knows which list it is in.  Obtain the list from the list
 * item. */
    List_t * const pxList = pxItemToRemove->pxContainer;
     b7e:	a0 85       	ldd	r26, Z+8	; 0x08
     b80:	b1 85       	ldd	r27, Z+9	; 0x09

    pxItemToRemove->pxNext->pxPrevious = pxItemToRemove->pxPrevious;
     b82:	c2 81       	ldd	r28, Z+2	; 0x02
     b84:	d3 81       	ldd	r29, Z+3	; 0x03
     b86:	84 81       	ldd	r24, Z+4	; 0x04
     b88:	95 81       	ldd	r25, Z+5	; 0x05
     b8a:	9d 83       	std	Y+5, r25	; 0x05
     b8c:	8c 83       	std	Y+4, r24	; 0x04
    pxItemToRemove->pxPrevious->pxNext = pxItemToRemove->pxNext;
     b8e:	c4 81       	ldd	r28, Z+4	; 0x04
     b90:	d5 81       	ldd	r29, Z+5	; 0x05
     b92:	82 81       	ldd	r24, Z+2	; 0x02
     b94:	93 81       	ldd	r25, Z+3	; 0x03
     b96:	9b 83       	std	Y+3, r25	; 0x03
     b98:	8a 83       	std	Y+2, r24	; 0x02

    /* Only used during decision coverage testing. */
    mtCOVERAGE_TEST_DELAY();

    /* Make sure the index is left pointing to a valid item. */
    if( pxList->pxIndex == pxItemToRemove )
     b9a:	11 96       	adiw	r26, 0x01	; 1
     b9c:	8d 91       	ld	r24, X+
     b9e:	9c 91       	ld	r25, X
     ba0:	12 97       	sbiw	r26, 0x02	; 2
     ba2:	e8 17       	cp	r30, r24
     ba4:	f9 07       	cpc	r31, r25
     ba6:	31 f4       	brne	.+12     	; 0xbb4 <uxListRemove+0x3c>
    {
        pxList->pxIndex = pxItemToRemove->pxPrevious;
     ba8:	84 81       	ldd	r24, Z+4	; 0x04
     baa:	95 81       	ldd	r25, Z+5	; 0x05
     bac:	12 96       	adiw	r26, 0x02	; 2
     bae:	9c 93       	st	X, r25
     bb0:	8e 93       	st	-X, r24
     bb2:	11 97       	sbiw	r26, 0x01	; 1
    else
    {
        mtCOVERAGE_TEST_MARKER();
    }

    pxItemToRemove->pxContainer = NULL;
     bb4:	11 86       	std	Z+9, r1	; 0x09
     bb6:	10 86       	std	Z+8, r1	; 0x08
    ( pxList->uxNumberOfItems )--;
     bb8:	8c 91       	ld	r24, X
     bba:	81 50       	subi	r24, 0x01	; 1
     bbc:	8c 93       	st	X, r24

    return pxList->uxNumberOfItems;
     bbe:	8c 91       	ld	r24, X
}
     bc0:	df 91       	pop	r29
     bc2:	cf 91       	pop	r28
     bc4:	08 95       	ret

00000bc6 <prvSetupTimerInterrupt>:
	{
		vTaskSwitchContext();
	}
	portRESTORE_CONTEXT();

	asm volatile ( "ret" );
     bc6:	1b bc       	out	0x2b, r1	; 43
     bc8:	89 ef       	ldi	r24, 0xF9	; 249
     bca:	8a bd       	out	0x2a, r24	; 42
     bcc:	8b e0       	ldi	r24, 0x0B	; 11
     bce:	8e bd       	out	0x2e, r24	; 46
     bd0:	89 b7       	in	r24, 0x39	; 57
     bd2:	80 61       	ori	r24, 0x10	; 16
     bd4:	89 bf       	out	0x39, r24	; 57
     bd6:	08 95       	ret

00000bd8 <pxPortInitialiseStack>:
     bd8:	31 e1       	ldi	r19, 0x11	; 17
     bda:	fc 01       	movw	r30, r24
     bdc:	30 83       	st	Z, r19
     bde:	31 97       	sbiw	r30, 0x01	; 1
     be0:	22 e2       	ldi	r18, 0x22	; 34
     be2:	20 83       	st	Z, r18
     be4:	31 97       	sbiw	r30, 0x01	; 1
     be6:	a3 e3       	ldi	r26, 0x33	; 51
     be8:	a0 83       	st	Z, r26
     bea:	31 97       	sbiw	r30, 0x01	; 1
     bec:	60 83       	st	Z, r22
     bee:	31 97       	sbiw	r30, 0x01	; 1
     bf0:	70 83       	st	Z, r23
     bf2:	31 97       	sbiw	r30, 0x01	; 1
     bf4:	10 82       	st	Z, r1
     bf6:	31 97       	sbiw	r30, 0x01	; 1
     bf8:	60 e8       	ldi	r22, 0x80	; 128
     bfa:	60 83       	st	Z, r22
     bfc:	31 97       	sbiw	r30, 0x01	; 1
     bfe:	10 82       	st	Z, r1
     c00:	31 97       	sbiw	r30, 0x01	; 1
     c02:	62 e0       	ldi	r22, 0x02	; 2
     c04:	60 83       	st	Z, r22
     c06:	31 97       	sbiw	r30, 0x01	; 1
     c08:	63 e0       	ldi	r22, 0x03	; 3
     c0a:	60 83       	st	Z, r22
     c0c:	31 97       	sbiw	r30, 0x01	; 1
     c0e:	64 e0       	ldi	r22, 0x04	; 4
     c10:	60 83       	st	Z, r22
     c12:	31 97       	sbiw	r30, 0x01	; 1
     c14:	65 e0       	ldi	r22, 0x05	; 5
     c16:	60 83       	st	Z, r22
     c18:	31 97       	sbiw	r30, 0x01	; 1
     c1a:	66 e0       	ldi	r22, 0x06	; 6
     c1c:	60 83       	st	Z, r22
     c1e:	31 97       	sbiw	r30, 0x01	; 1
     c20:	67 e0       	ldi	r22, 0x07	; 7
     c22:	60 83       	st	Z, r22
     c24:	31 97       	sbiw	r30, 0x01	; 1
     c26:	68 e0       	ldi	r22, 0x08	; 8
     c28:	60 83       	st	Z, r22
     c2a:	31 97       	sbiw	r30, 0x01	; 1
     c2c:	69 e0       	ldi	r22, 0x09	; 9
     c2e:	60 83       	st	Z, r22
     c30:	31 97       	sbiw	r30, 0x01	; 1
     c32:	60 e1       	ldi	r22, 0x10	; 16
     c34:	60 83       	st	Z, r22
     c36:	31 97       	sbiw	r30, 0x01	; 1
     c38:	30 83       	st	Z, r19
     c3a:	31 97       	sbiw	r30, 0x01	; 1
     c3c:	32 e1       	ldi	r19, 0x12	; 18
     c3e:	30 83       	st	Z, r19
     c40:	31 97       	sbiw	r30, 0x01	; 1
     c42:	33 e1       	ldi	r19, 0x13	; 19
     c44:	30 83       	st	Z, r19
     c46:	31 97       	sbiw	r30, 0x01	; 1
     c48:	34 e1       	ldi	r19, 0x14	; 20
     c4a:	30 83       	st	Z, r19
     c4c:	31 97       	sbiw	r30, 0x01	; 1
     c4e:	35 e1       	ldi	r19, 0x15	; 21
     c50:	30 83       	st	Z, r19
     c52:	31 97       	sbiw	r30, 0x01	; 1
     c54:	36 e1       	ldi	r19, 0x16	; 22
     c56:	30 83       	st	Z, r19
     c58:	31 97       	sbiw	r30, 0x01	; 1
     c5a:	37 e1       	ldi	r19, 0x17	; 23
     c5c:	30 83       	st	Z, r19
     c5e:	31 97       	sbiw	r30, 0x01	; 1
     c60:	38 e1       	ldi	r19, 0x18	; 24
     c62:	30 83       	st	Z, r19
     c64:	31 97       	sbiw	r30, 0x01	; 1
     c66:	39 e1       	ldi	r19, 0x19	; 25
     c68:	30 83       	st	Z, r19
     c6a:	31 97       	sbiw	r30, 0x01	; 1
     c6c:	30 e2       	ldi	r19, 0x20	; 32
     c6e:	30 83       	st	Z, r19
     c70:	31 97       	sbiw	r30, 0x01	; 1
     c72:	31 e2       	ldi	r19, 0x21	; 33
     c74:	30 83       	st	Z, r19
     c76:	31 97       	sbiw	r30, 0x01	; 1
     c78:	20 83       	st	Z, r18
     c7a:	31 97       	sbiw	r30, 0x01	; 1
     c7c:	23 e2       	ldi	r18, 0x23	; 35
     c7e:	20 83       	st	Z, r18
     c80:	31 97       	sbiw	r30, 0x01	; 1
     c82:	40 83       	st	Z, r20
     c84:	31 97       	sbiw	r30, 0x01	; 1
     c86:	50 83       	st	Z, r21
     c88:	31 97       	sbiw	r30, 0x01	; 1
     c8a:	26 e2       	ldi	r18, 0x26	; 38
     c8c:	20 83       	st	Z, r18
     c8e:	31 97       	sbiw	r30, 0x01	; 1
     c90:	27 e2       	ldi	r18, 0x27	; 39
     c92:	20 83       	st	Z, r18
     c94:	31 97       	sbiw	r30, 0x01	; 1
     c96:	28 e2       	ldi	r18, 0x28	; 40
     c98:	20 83       	st	Z, r18
     c9a:	31 97       	sbiw	r30, 0x01	; 1
     c9c:	29 e2       	ldi	r18, 0x29	; 41
     c9e:	20 83       	st	Z, r18
     ca0:	31 97       	sbiw	r30, 0x01	; 1
     ca2:	20 e3       	ldi	r18, 0x30	; 48
     ca4:	20 83       	st	Z, r18
     ca6:	31 97       	sbiw	r30, 0x01	; 1
     ca8:	21 e3       	ldi	r18, 0x31	; 49
     caa:	20 83       	st	Z, r18
     cac:	86 97       	sbiw	r24, 0x26	; 38
     cae:	08 95       	ret

00000cb0 <xPortStartScheduler>:
     cb0:	0e 94 e3 05 	call	0xbc6	; 0xbc6 <prvSetupTimerInterrupt>
     cb4:	a0 91 02 08 	lds	r26, 0x0802	; 0x800802 <pxCurrentTCB>
     cb8:	b0 91 03 08 	lds	r27, 0x0803	; 0x800803 <pxCurrentTCB+0x1>
     cbc:	cd 91       	ld	r28, X+
     cbe:	cd bf       	out	0x3d, r28	; 61
     cc0:	dd 91       	ld	r29, X+
     cc2:	de bf       	out	0x3e, r29	; 62
     cc4:	ff 91       	pop	r31
     cc6:	ef 91       	pop	r30
     cc8:	df 91       	pop	r29
     cca:	cf 91       	pop	r28
     ccc:	bf 91       	pop	r27
     cce:	af 91       	pop	r26
     cd0:	9f 91       	pop	r25
     cd2:	8f 91       	pop	r24
     cd4:	7f 91       	pop	r23
     cd6:	6f 91       	pop	r22
     cd8:	5f 91       	pop	r21
     cda:	4f 91       	pop	r20
     cdc:	3f 91       	pop	r19
     cde:	2f 91       	pop	r18
     ce0:	1f 91       	pop	r17
     ce2:	0f 91       	pop	r16
     ce4:	ff 90       	pop	r15
     ce6:	ef 90       	pop	r14
     ce8:	df 90       	pop	r13
     cea:	cf 90       	pop	r12
     cec:	bf 90       	pop	r11
     cee:	af 90       	pop	r10
     cf0:	9f 90       	pop	r9
     cf2:	8f 90       	pop	r8
     cf4:	7f 90       	pop	r7
     cf6:	6f 90       	pop	r6
     cf8:	5f 90       	pop	r5
     cfa:	4f 90       	pop	r4
     cfc:	3f 90       	pop	r3
     cfe:	2f 90       	pop	r2
     d00:	1f 90       	pop	r1
     d02:	0f 90       	pop	r0
     d04:	0f be       	out	0x3f, r0	; 63
     d06:	0f 90       	pop	r0
     d08:	08 95       	ret
     d0a:	81 e0       	ldi	r24, 0x01	; 1
     d0c:	08 95       	ret

00000d0e <vPortYield>:
     d0e:	0f 92       	push	r0
     d10:	0f b6       	in	r0, 0x3f	; 63
     d12:	f8 94       	cli
     d14:	0f 92       	push	r0
     d16:	1f 92       	push	r1
     d18:	11 24       	eor	r1, r1
     d1a:	2f 92       	push	r2
     d1c:	3f 92       	push	r3
     d1e:	4f 92       	push	r4
     d20:	5f 92       	push	r5
     d22:	6f 92       	push	r6
     d24:	7f 92       	push	r7
     d26:	8f 92       	push	r8
     d28:	9f 92       	push	r9
     d2a:	af 92       	push	r10
     d2c:	bf 92       	push	r11
     d2e:	cf 92       	push	r12
     d30:	df 92       	push	r13
     d32:	ef 92       	push	r14
     d34:	ff 92       	push	r15
     d36:	0f 93       	push	r16
     d38:	1f 93       	push	r17
     d3a:	2f 93       	push	r18
     d3c:	3f 93       	push	r19
     d3e:	4f 93       	push	r20
     d40:	5f 93       	push	r21
     d42:	6f 93       	push	r22
     d44:	7f 93       	push	r23
     d46:	8f 93       	push	r24
     d48:	9f 93       	push	r25
     d4a:	af 93       	push	r26
     d4c:	bf 93       	push	r27
     d4e:	cf 93       	push	r28
     d50:	df 93       	push	r29
     d52:	ef 93       	push	r30
     d54:	ff 93       	push	r31
     d56:	a0 91 02 08 	lds	r26, 0x0802	; 0x800802 <pxCurrentTCB>
     d5a:	b0 91 03 08 	lds	r27, 0x0803	; 0x800803 <pxCurrentTCB+0x1>
     d5e:	0d b6       	in	r0, 0x3d	; 61
     d60:	0d 92       	st	X+, r0
     d62:	0e b6       	in	r0, 0x3e	; 62
     d64:	0d 92       	st	X+, r0
     d66:	0e 94 de 0d 	call	0x1bbc	; 0x1bbc <vTaskSwitchContext>
     d6a:	a0 91 02 08 	lds	r26, 0x0802	; 0x800802 <pxCurrentTCB>
     d6e:	b0 91 03 08 	lds	r27, 0x0803	; 0x800803 <pxCurrentTCB+0x1>
     d72:	cd 91       	ld	r28, X+
     d74:	cd bf       	out	0x3d, r28	; 61
     d76:	dd 91       	ld	r29, X+
     d78:	de bf       	out	0x3e, r29	; 62
     d7a:	ff 91       	pop	r31
     d7c:	ef 91       	pop	r30
     d7e:	df 91       	pop	r29
     d80:	cf 91       	pop	r28
     d82:	bf 91       	pop	r27
     d84:	af 91       	pop	r26
     d86:	9f 91       	pop	r25
     d88:	8f 91       	pop	r24
     d8a:	7f 91       	pop	r23
     d8c:	6f 91       	pop	r22
     d8e:	5f 91       	pop	r21
     d90:	4f 91       	pop	r20
     d92:	3f 91       	pop	r19
     d94:	2f 91       	pop	r18
     d96:	1f 91       	pop	r17
     d98:	0f 91       	pop	r16
     d9a:	ff 90       	pop	r15
     d9c:	ef 90       	pop	r14
     d9e:	df 90       	pop	r13
     da0:	cf 90       	pop	r12
     da2:	bf 90       	pop	r11
     da4:	af 90       	pop	r10
     da6:	9f 90       	pop	r9
     da8:	8f 90       	pop	r8
     daa:	7f 90       	pop	r7
     dac:	6f 90       	pop	r6
     dae:	5f 90       	pop	r5
     db0:	4f 90       	pop	r4
     db2:	3f 90       	pop	r3
     db4:	2f 90       	pop	r2
     db6:	1f 90       	pop	r1
     db8:	0f 90       	pop	r0
     dba:	0f be       	out	0x3f, r0	; 63
     dbc:	0f 90       	pop	r0
     dbe:	08 95       	ret

00000dc0 <__vector_7>:
	 * tick count.  We don't need to switch context, this can only be done by
	 * manual calls to taskYIELD();
	 */
	void TIMER1_COMPA_vect( void ) __attribute__ ( ( signal ) );
	void TIMER1_COMPA_vect( void )
	{
     dc0:	1f 92       	push	r1
     dc2:	0f 92       	push	r0
     dc4:	0f b6       	in	r0, 0x3f	; 63
     dc6:	0f 92       	push	r0
     dc8:	11 24       	eor	r1, r1
     dca:	2f 93       	push	r18
     dcc:	3f 93       	push	r19
     dce:	4f 93       	push	r20
     dd0:	5f 93       	push	r21
     dd2:	6f 93       	push	r22
     dd4:	7f 93       	push	r23
     dd6:	8f 93       	push	r24
     dd8:	9f 93       	push	r25
     dda:	af 93       	push	r26
     ddc:	bf 93       	push	r27
     dde:	ef 93       	push	r30
     de0:	ff 93       	push	r31
		xTaskIncrementTick();
     de2:	0e 94 0c 0c 	call	0x1818	; 0x1818 <xTaskIncrementTick>
	}
     de6:	ff 91       	pop	r31
     de8:	ef 91       	pop	r30
     dea:	bf 91       	pop	r27
     dec:	af 91       	pop	r26
     dee:	9f 91       	pop	r25
     df0:	8f 91       	pop	r24
     df2:	7f 91       	pop	r23
     df4:	6f 91       	pop	r22
     df6:	5f 91       	pop	r21
     df8:	4f 91       	pop	r20
     dfa:	3f 91       	pop	r19
     dfc:	2f 91       	pop	r18
     dfe:	0f 90       	pop	r0
     e00:	0f be       	out	0x3f, r0	; 63
     e02:	0f 90       	pop	r0
     e04:	1f 90       	pop	r1
     e06:	18 95       	reti

00000e08 <prvIsQueueEmpty>:
    {
        xReturn = pdFALSE;
    }

    return xReturn;
} /*lint !e818 xQueue could not be pointer to const because it is a typedef. */
     e08:	0f b6       	in	r0, 0x3f	; 63
     e0a:	f8 94       	cli
     e0c:	0f 92       	push	r0
     e0e:	fc 01       	movw	r30, r24
     e10:	82 8d       	ldd	r24, Z+26	; 0x1a
     e12:	81 11       	cpse	r24, r1
     e14:	02 c0       	rjmp	.+4      	; 0xe1a <prvIsQueueEmpty+0x12>
     e16:	81 e0       	ldi	r24, 0x01	; 1
     e18:	01 c0       	rjmp	.+2      	; 0xe1c <prvIsQueueEmpty+0x14>
     e1a:	80 e0       	ldi	r24, 0x00	; 0
     e1c:	0f 90       	pop	r0
     e1e:	0f be       	out	0x3f, r0	; 63
     e20:	08 95       	ret

00000e22 <prvCopyDataFromQueue>:
     e22:	fc 01       	movw	r30, r24
     e24:	44 8d       	ldd	r20, Z+28	; 0x1c
     e26:	44 23       	and	r20, r20
     e28:	a9 f0       	breq	.+42     	; 0xe54 <prvCopyDataFromQueue+0x32>
     e2a:	50 e0       	ldi	r21, 0x00	; 0
     e2c:	26 81       	ldd	r18, Z+6	; 0x06
     e2e:	37 81       	ldd	r19, Z+7	; 0x07
     e30:	24 0f       	add	r18, r20
     e32:	35 1f       	adc	r19, r21
     e34:	37 83       	std	Z+7, r19	; 0x07
     e36:	26 83       	std	Z+6, r18	; 0x06
     e38:	84 81       	ldd	r24, Z+4	; 0x04
     e3a:	95 81       	ldd	r25, Z+5	; 0x05
     e3c:	28 17       	cp	r18, r24
     e3e:	39 07       	cpc	r19, r25
     e40:	20 f0       	brcs	.+8      	; 0xe4a <prvCopyDataFromQueue+0x28>
     e42:	80 81       	ld	r24, Z
     e44:	91 81       	ldd	r25, Z+1	; 0x01
     e46:	97 83       	std	Z+7, r25	; 0x07
     e48:	86 83       	std	Z+6, r24	; 0x06
     e4a:	cb 01       	movw	r24, r22
     e4c:	66 81       	ldd	r22, Z+6	; 0x06
     e4e:	77 81       	ldd	r23, Z+7	; 0x07
     e50:	0e 94 49 1a 	call	0x3492	; 0x3492 <memcpy>
     e54:	08 95       	ret

00000e56 <prvUnlockQueue>:
     e56:	1f 93       	push	r17
     e58:	cf 93       	push	r28
     e5a:	df 93       	push	r29
     e5c:	ec 01       	movw	r28, r24
     e5e:	0f b6       	in	r0, 0x3f	; 63
     e60:	f8 94       	cli
     e62:	0f 92       	push	r0
     e64:	1e 8d       	ldd	r17, Y+30	; 0x1e
     e66:	0b c0       	rjmp	.+22     	; 0xe7e <prvUnlockQueue+0x28>
     e68:	89 89       	ldd	r24, Y+17	; 0x11
     e6a:	88 23       	and	r24, r24
     e6c:	51 f0       	breq	.+20     	; 0xe82 <prvUnlockQueue+0x2c>
     e6e:	ce 01       	movw	r24, r28
     e70:	41 96       	adiw	r24, 0x11	; 17
     e72:	0e 94 ee 0e 	call	0x1ddc	; 0x1ddc <xTaskRemoveFromEventList>
     e76:	81 11       	cpse	r24, r1
     e78:	0e 94 f5 0f 	call	0x1fea	; 0x1fea <vTaskMissedYield>
     e7c:	11 50       	subi	r17, 0x01	; 1
     e7e:	11 16       	cp	r1, r17
     e80:	9c f3       	brlt	.-26     	; 0xe68 <prvUnlockQueue+0x12>
     e82:	8f ef       	ldi	r24, 0xFF	; 255
     e84:	8e 8f       	std	Y+30, r24	; 0x1e
     e86:	0f 90       	pop	r0
     e88:	0f be       	out	0x3f, r0	; 63
     e8a:	0f b6       	in	r0, 0x3f	; 63
     e8c:	f8 94       	cli
     e8e:	0f 92       	push	r0
     e90:	1d 8d       	ldd	r17, Y+29	; 0x1d
     e92:	0b c0       	rjmp	.+22     	; 0xeaa <prvUnlockQueue+0x54>
     e94:	88 85       	ldd	r24, Y+8	; 0x08
     e96:	88 23       	and	r24, r24
     e98:	51 f0       	breq	.+20     	; 0xeae <prvUnlockQueue+0x58>
     e9a:	ce 01       	movw	r24, r28
     e9c:	08 96       	adiw	r24, 0x08	; 8
     e9e:	0e 94 ee 0e 	call	0x1ddc	; 0x1ddc <xTaskRemoveFromEventList>
     ea2:	81 11       	cpse	r24, r1
     ea4:	0e 94 f5 0f 	call	0x1fea	; 0x1fea <vTaskMissedYield>
     ea8:	11 50       	subi	r17, 0x01	; 1
     eaa:	11 16       	cp	r1, r17
     eac:	9c f3       	brlt	.-26     	; 0xe94 <prvUnlockQueue+0x3e>
     eae:	8f ef       	ldi	r24, 0xFF	; 255
     eb0:	8d 8f       	std	Y+29, r24	; 0x1d
     eb2:	0f 90       	pop	r0
     eb4:	0f be       	out	0x3f, r0	; 63
     eb6:	df 91       	pop	r29
     eb8:	cf 91       	pop	r28
     eba:	1f 91       	pop	r17
     ebc:	08 95       	ret

00000ebe <xQueueGenericReset>:
     ebe:	0f 93       	push	r16
     ec0:	1f 93       	push	r17
     ec2:	cf 93       	push	r28
     ec4:	df 93       	push	r29
     ec6:	fc 01       	movw	r30, r24
     ec8:	36 2f       	mov	r19, r22
     eca:	89 2b       	or	r24, r25
     ecc:	09 f4       	brne	.+2      	; 0xed0 <xQueueGenericReset+0x12>
     ece:	49 c0       	rjmp	.+146    	; 0xf62 <xQueueGenericReset+0xa4>
     ed0:	23 8d       	ldd	r18, Z+27	; 0x1b
     ed2:	22 23       	and	r18, r18
     ed4:	09 f4       	brne	.+2      	; 0xed8 <xQueueGenericReset+0x1a>
     ed6:	47 c0       	rjmp	.+142    	; 0xf66 <xQueueGenericReset+0xa8>
     ed8:	02 2f       	mov	r16, r18
     eda:	10 e0       	ldi	r17, 0x00	; 0
     edc:	8f ef       	ldi	r24, 0xFF	; 255
     ede:	9f ef       	ldi	r25, 0xFF	; 255
     ee0:	b8 01       	movw	r22, r16
     ee2:	0e 94 da 19 	call	0x33b4	; 0x33b4 <__udivmodhi4>
     ee6:	44 8d       	ldd	r20, Z+28	; 0x1c
     ee8:	84 2f       	mov	r24, r20
     eea:	90 e0       	ldi	r25, 0x00	; 0
     eec:	68 17       	cp	r22, r24
     eee:	79 07       	cpc	r23, r25
     ef0:	08 f4       	brcc	.+2      	; 0xef4 <xQueueGenericReset+0x36>
     ef2:	3b c0       	rjmp	.+118    	; 0xf6a <xQueueGenericReset+0xac>
     ef4:	ef 01       	movw	r28, r30
     ef6:	0f b6       	in	r0, 0x3f	; 63
     ef8:	f8 94       	cli
     efa:	0f 92       	push	r0
     efc:	60 81       	ld	r22, Z
     efe:	71 81       	ldd	r23, Z+1	; 0x01
     f00:	fb 01       	movw	r30, r22
     f02:	24 9f       	mul	r18, r20
     f04:	e0 0d       	add	r30, r0
     f06:	f1 1d       	adc	r31, r1
     f08:	11 24       	eor	r1, r1
     f0a:	fd 83       	std	Y+5, r31	; 0x05
     f0c:	ec 83       	std	Y+4, r30	; 0x04
     f0e:	1a 8e       	std	Y+26, r1	; 0x1a
     f10:	7b 83       	std	Y+3, r23	; 0x03
     f12:	6a 83       	std	Y+2, r22	; 0x02
     f14:	01 50       	subi	r16, 0x01	; 1
     f16:	11 09       	sbc	r17, r1
     f18:	80 9f       	mul	r24, r16
     f1a:	a0 01       	movw	r20, r0
     f1c:	81 9f       	mul	r24, r17
     f1e:	50 0d       	add	r21, r0
     f20:	90 9f       	mul	r25, r16
     f22:	50 0d       	add	r21, r0
     f24:	11 24       	eor	r1, r1
     f26:	cb 01       	movw	r24, r22
     f28:	84 0f       	add	r24, r20
     f2a:	95 1f       	adc	r25, r21
     f2c:	9f 83       	std	Y+7, r25	; 0x07
     f2e:	8e 83       	std	Y+6, r24	; 0x06
     f30:	8f ef       	ldi	r24, 0xFF	; 255
     f32:	8d 8f       	std	Y+29, r24	; 0x1d
     f34:	8e 8f       	std	Y+30, r24	; 0x1e
     f36:	31 11       	cpse	r19, r1
     f38:	08 c0       	rjmp	.+16     	; 0xf4a <xQueueGenericReset+0x8c>
     f3a:	88 85       	ldd	r24, Y+8	; 0x08
     f3c:	88 23       	and	r24, r24
     f3e:	69 f0       	breq	.+26     	; 0xf5a <xQueueGenericReset+0x9c>
     f40:	ce 01       	movw	r24, r28
     f42:	08 96       	adiw	r24, 0x08	; 8
     f44:	0e 94 ee 0e 	call	0x1ddc	; 0x1ddc <xTaskRemoveFromEventList>
     f48:	08 c0       	rjmp	.+16     	; 0xf5a <xQueueGenericReset+0x9c>
     f4a:	ce 01       	movw	r24, r28
     f4c:	08 96       	adiw	r24, 0x08	; 8
     f4e:	0e 94 58 05 	call	0xab0	; 0xab0 <vListInitialise>
     f52:	ce 01       	movw	r24, r28
     f54:	41 96       	adiw	r24, 0x11	; 17
     f56:	0e 94 58 05 	call	0xab0	; 0xab0 <vListInitialise>
     f5a:	0f 90       	pop	r0
     f5c:	0f be       	out	0x3f, r0	; 63
     f5e:	81 e0       	ldi	r24, 0x01	; 1
     f60:	05 c0       	rjmp	.+10     	; 0xf6c <xQueueGenericReset+0xae>
     f62:	80 e0       	ldi	r24, 0x00	; 0
     f64:	03 c0       	rjmp	.+6      	; 0xf6c <xQueueGenericReset+0xae>
     f66:	80 e0       	ldi	r24, 0x00	; 0
     f68:	01 c0       	rjmp	.+2      	; 0xf6c <xQueueGenericReset+0xae>
     f6a:	80 e0       	ldi	r24, 0x00	; 0
     f6c:	df 91       	pop	r29
     f6e:	cf 91       	pop	r28
     f70:	1f 91       	pop	r17
     f72:	0f 91       	pop	r16
     f74:	08 95       	ret

00000f76 <prvInitialiseNewQueue>:
     f76:	0f 93       	push	r16
     f78:	1f 93       	push	r17
     f7a:	f8 01       	movw	r30, r16
     f7c:	61 11       	cpse	r22, r1
     f7e:	03 c0       	rjmp	.+6      	; 0xf86 <prvInitialiseNewQueue+0x10>
     f80:	11 83       	std	Z+1, r17	; 0x01
     f82:	00 83       	st	Z, r16
     f84:	02 c0       	rjmp	.+4      	; 0xf8a <prvInitialiseNewQueue+0x14>
     f86:	51 83       	std	Z+1, r21	; 0x01
     f88:	40 83       	st	Z, r20
     f8a:	83 8f       	std	Z+27, r24	; 0x1b
     f8c:	64 8f       	std	Z+28, r22	; 0x1c
     f8e:	61 e0       	ldi	r22, 0x01	; 1
     f90:	cf 01       	movw	r24, r30
     f92:	0e 94 5f 07 	call	0xebe	; 0xebe <xQueueGenericReset>
     f96:	1f 91       	pop	r17
     f98:	0f 91       	pop	r16
     f9a:	08 95       	ret

00000f9c <xQueueGenericCreate>:
     f9c:	df 92       	push	r13
     f9e:	ef 92       	push	r14
     fa0:	ff 92       	push	r15
     fa2:	0f 93       	push	r16
     fa4:	1f 93       	push	r17
     fa6:	cf 93       	push	r28
     fa8:	df 93       	push	r29
     faa:	38 2f       	mov	r19, r24
     fac:	e6 2f       	mov	r30, r22
     fae:	88 23       	and	r24, r24
     fb0:	29 f1       	breq	.+74     	; 0xffc <xQueueGenericCreate+0x60>
     fb2:	68 2f       	mov	r22, r24
     fb4:	70 e0       	ldi	r23, 0x00	; 0
     fb6:	8f ef       	ldi	r24, 0xFF	; 255
     fb8:	9f ef       	ldi	r25, 0xFF	; 255
     fba:	0e 94 da 19 	call	0x33b4	; 0x33b4 <__udivmodhi4>
     fbe:	8e 2f       	mov	r24, r30
     fc0:	90 e0       	ldi	r25, 0x00	; 0
     fc2:	68 17       	cp	r22, r24
     fc4:	79 07       	cpc	r23, r25
     fc6:	e8 f0       	brcs	.+58     	; 0x1002 <xQueueGenericCreate+0x66>
     fc8:	3e 9f       	mul	r19, r30
     fca:	c0 01       	movw	r24, r0
     fcc:	11 24       	eor	r1, r1
     fce:	81 3e       	cpi	r24, 0xE1	; 225
     fd0:	2f ef       	ldi	r18, 0xFF	; 255
     fd2:	92 07       	cpc	r25, r18
     fd4:	c8 f4       	brcc	.+50     	; 0x1008 <xQueueGenericCreate+0x6c>
     fd6:	d4 2e       	mov	r13, r20
     fd8:	de 2f       	mov	r29, r30
     fda:	c3 2f       	mov	r28, r19
     fdc:	4f 96       	adiw	r24, 0x1f	; 31
     fde:	0e 94 1d 05 	call	0xa3a	; 0xa3a <pvPortMalloc>
     fe2:	7c 01       	movw	r14, r24
     fe4:	00 97       	sbiw	r24, 0x00	; 0
     fe6:	91 f0       	breq	.+36     	; 0x100c <xQueueGenericCreate+0x70>
     fe8:	8c 01       	movw	r16, r24
     fea:	2d 2d       	mov	r18, r13
     fec:	ac 01       	movw	r20, r24
     fee:	41 5e       	subi	r20, 0xE1	; 225
     ff0:	5f 4f       	sbci	r21, 0xFF	; 255
     ff2:	6d 2f       	mov	r22, r29
     ff4:	8c 2f       	mov	r24, r28
     ff6:	0e 94 bb 07 	call	0xf76	; 0xf76 <prvInitialiseNewQueue>
     ffa:	08 c0       	rjmp	.+16     	; 0x100c <xQueueGenericCreate+0x70>
     ffc:	e1 2c       	mov	r14, r1
     ffe:	f1 2c       	mov	r15, r1
    1000:	05 c0       	rjmp	.+10     	; 0x100c <xQueueGenericCreate+0x70>
    1002:	e1 2c       	mov	r14, r1
    1004:	f1 2c       	mov	r15, r1
    1006:	02 c0       	rjmp	.+4      	; 0x100c <xQueueGenericCreate+0x70>
    1008:	e1 2c       	mov	r14, r1
    100a:	f1 2c       	mov	r15, r1
    100c:	c7 01       	movw	r24, r14
    100e:	df 91       	pop	r29
    1010:	cf 91       	pop	r28
    1012:	1f 91       	pop	r17
    1014:	0f 91       	pop	r16
    1016:	ff 90       	pop	r15
    1018:	ef 90       	pop	r14
    101a:	df 90       	pop	r13
    101c:	08 95       	ret

0000101e <xQueueReceive>:
    101e:	cf 92       	push	r12
    1020:	df 92       	push	r13
    1022:	ef 92       	push	r14
    1024:	ff 92       	push	r15
    1026:	0f 93       	push	r16
    1028:	1f 93       	push	r17
    102a:	cf 93       	push	r28
    102c:	df 93       	push	r29
    102e:	00 d0       	rcall	.+0      	; 0x1030 <xQueueReceive+0x12>
    1030:	00 d0       	rcall	.+0      	; 0x1032 <xQueueReceive+0x14>
    1032:	1f 92       	push	r1
    1034:	cd b7       	in	r28, 0x3d	; 61
    1036:	de b7       	in	r29, 0x3e	; 62
    1038:	8c 01       	movw	r16, r24
    103a:	6b 01       	movw	r12, r22
    103c:	5d 83       	std	Y+5, r21	; 0x05
    103e:	4c 83       	std	Y+4, r20	; 0x04
    1040:	e1 2c       	mov	r14, r1
    1042:	0f b6       	in	r0, 0x3f	; 63
    1044:	f8 94       	cli
    1046:	0f 92       	push	r0
    1048:	f8 01       	movw	r30, r16
    104a:	f2 8c       	ldd	r15, Z+26	; 0x1a
    104c:	ff 20       	and	r15, r15
    104e:	91 f0       	breq	.+36     	; 0x1074 <xQueueReceive+0x56>
    1050:	b6 01       	movw	r22, r12
    1052:	c8 01       	movw	r24, r16
    1054:	0e 94 11 07 	call	0xe22	; 0xe22 <prvCopyDataFromQueue>
    1058:	fa 94       	dec	r15
    105a:	f8 01       	movw	r30, r16
    105c:	f2 8e       	std	Z+26, r15	; 0x1a
    105e:	80 85       	ldd	r24, Z+8	; 0x08
    1060:	88 23       	and	r24, r24
    1062:	21 f0       	breq	.+8      	; 0x106c <xQueueReceive+0x4e>
    1064:	c8 01       	movw	r24, r16
    1066:	08 96       	adiw	r24, 0x08	; 8
    1068:	0e 94 ee 0e 	call	0x1ddc	; 0x1ddc <xTaskRemoveFromEventList>
    106c:	0f 90       	pop	r0
    106e:	0f be       	out	0x3f, r0	; 63
    1070:	81 e0       	ldi	r24, 0x01	; 1
    1072:	53 c0       	rjmp	.+166    	; 0x111a <xQueueReceive+0xfc>
    1074:	8c 81       	ldd	r24, Y+4	; 0x04
    1076:	9d 81       	ldd	r25, Y+5	; 0x05
    1078:	89 2b       	or	r24, r25
    107a:	21 f4       	brne	.+8      	; 0x1084 <xQueueReceive+0x66>
    107c:	0f 90       	pop	r0
    107e:	0f be       	out	0x3f, r0	; 63
    1080:	80 e0       	ldi	r24, 0x00	; 0
    1082:	4b c0       	rjmp	.+150    	; 0x111a <xQueueReceive+0xfc>
    1084:	e1 10       	cpse	r14, r1
    1086:	06 c0       	rjmp	.+12     	; 0x1094 <xQueueReceive+0x76>
    1088:	ce 01       	movw	r24, r28
    108a:	01 96       	adiw	r24, 0x01	; 1
    108c:	0e 94 ab 0f 	call	0x1f56	; 0x1f56 <vTaskInternalSetTimeOutState>
    1090:	ee 24       	eor	r14, r14
    1092:	e3 94       	inc	r14
    1094:	0f 90       	pop	r0
    1096:	0f be       	out	0x3f, r0	; 63
    1098:	0e 94 fc 0b 	call	0x17f8	; 0x17f8 <vTaskSuspendAll>
    109c:	0f b6       	in	r0, 0x3f	; 63
    109e:	f8 94       	cli
    10a0:	0f 92       	push	r0
    10a2:	f8 01       	movw	r30, r16
    10a4:	85 8d       	ldd	r24, Z+29	; 0x1d
    10a6:	8f 3f       	cpi	r24, 0xFF	; 255
    10a8:	09 f4       	brne	.+2      	; 0x10ac <xQueueReceive+0x8e>
    10aa:	15 8e       	std	Z+29, r1	; 0x1d
    10ac:	f8 01       	movw	r30, r16
    10ae:	86 8d       	ldd	r24, Z+30	; 0x1e
    10b0:	8f 3f       	cpi	r24, 0xFF	; 255
    10b2:	09 f4       	brne	.+2      	; 0x10b6 <xQueueReceive+0x98>
    10b4:	16 8e       	std	Z+30, r1	; 0x1e
    10b6:	0f 90       	pop	r0
    10b8:	0f be       	out	0x3f, r0	; 63
    10ba:	be 01       	movw	r22, r28
    10bc:	6c 5f       	subi	r22, 0xFC	; 252
    10be:	7f 4f       	sbci	r23, 0xFF	; 255
    10c0:	ce 01       	movw	r24, r28
    10c2:	01 96       	adiw	r24, 0x01	; 1
    10c4:	0e 94 b6 0f 	call	0x1f6c	; 0x1f6c <xTaskCheckForTimeOut>
    10c8:	81 11       	cpse	r24, r1
    10ca:	1b c0       	rjmp	.+54     	; 0x1102 <xQueueReceive+0xe4>
    10cc:	c8 01       	movw	r24, r16
    10ce:	0e 94 04 07 	call	0xe08	; 0xe08 <prvIsQueueEmpty>
    10d2:	88 23       	and	r24, r24
    10d4:	81 f0       	breq	.+32     	; 0x10f6 <xQueueReceive+0xd8>
    10d6:	6c 81       	ldd	r22, Y+4	; 0x04
    10d8:	7d 81       	ldd	r23, Y+5	; 0x05
    10da:	c8 01       	movw	r24, r16
    10dc:	41 96       	adiw	r24, 0x11	; 17
    10de:	0e 94 93 0e 	call	0x1d26	; 0x1d26 <vTaskPlaceOnEventList>
    10e2:	c8 01       	movw	r24, r16
    10e4:	0e 94 2b 07 	call	0xe56	; 0xe56 <prvUnlockQueue>
    10e8:	0e 94 fb 0c 	call	0x19f6	; 0x19f6 <xTaskResumeAll>
    10ec:	81 11       	cpse	r24, r1
    10ee:	a9 cf       	rjmp	.-174    	; 0x1042 <xQueueReceive+0x24>
    10f0:	0e 94 87 06 	call	0xd0e	; 0xd0e <vPortYield>
    10f4:	a6 cf       	rjmp	.-180    	; 0x1042 <xQueueReceive+0x24>
    10f6:	c8 01       	movw	r24, r16
    10f8:	0e 94 2b 07 	call	0xe56	; 0xe56 <prvUnlockQueue>
    10fc:	0e 94 fb 0c 	call	0x19f6	; 0x19f6 <xTaskResumeAll>
    1100:	a0 cf       	rjmp	.-192    	; 0x1042 <xQueueReceive+0x24>
    1102:	c8 01       	movw	r24, r16
    1104:	0e 94 2b 07 	call	0xe56	; 0xe56 <prvUnlockQueue>
    1108:	0e 94 fb 0c 	call	0x19f6	; 0x19f6 <xTaskResumeAll>
    110c:	c8 01       	movw	r24, r16
    110e:	0e 94 04 07 	call	0xe08	; 0xe08 <prvIsQueueEmpty>
    1112:	88 23       	and	r24, r24
    1114:	09 f4       	brne	.+2      	; 0x1118 <xQueueReceive+0xfa>
    1116:	95 cf       	rjmp	.-214    	; 0x1042 <xQueueReceive+0x24>
    1118:	80 e0       	ldi	r24, 0x00	; 0
    111a:	0f 90       	pop	r0
    111c:	0f 90       	pop	r0
    111e:	0f 90       	pop	r0
    1120:	0f 90       	pop	r0
    1122:	0f 90       	pop	r0
    1124:	df 91       	pop	r29
    1126:	cf 91       	pop	r28
    1128:	1f 91       	pop	r17
    112a:	0f 91       	pop	r16
    112c:	ff 90       	pop	r15
    112e:	ef 90       	pop	r14
    1130:	df 90       	pop	r13
    1132:	cf 90       	pop	r12
    1134:	08 95       	ret

00001136 <vQueueWaitForMessageRestricted>:
#if ( configUSE_TIMERS == 1 )

    void vQueueWaitForMessageRestricted( QueueHandle_t xQueue,
                                         TickType_t xTicksToWait,
                                         const BaseType_t xWaitIndefinitely )
    {
    1136:	cf 93       	push	r28
    1138:	df 93       	push	r29
    113a:	ec 01       	movw	r28, r24
         *  will not actually cause the task to block, just place it on a blocked
         *  list.  It will not block until the scheduler is unlocked - at which
         *  time a yield will be performed.  If an item is added to the queue while
         *  the queue is locked, and the calling task blocks on the queue, then the
         *  calling task will be immediately unblocked when the queue is unlocked. */
        prvLockQueue( pxQueue );
    113c:	0f b6       	in	r0, 0x3f	; 63
    113e:	f8 94       	cli
    1140:	0f 92       	push	r0
    1142:	8d 8d       	ldd	r24, Y+29	; 0x1d
    1144:	8f 3f       	cpi	r24, 0xFF	; 255
    1146:	09 f4       	brne	.+2      	; 0x114a <vQueueWaitForMessageRestricted+0x14>
    1148:	1d 8e       	std	Y+29, r1	; 0x1d
    114a:	8e 8d       	ldd	r24, Y+30	; 0x1e
    114c:	8f 3f       	cpi	r24, 0xFF	; 255
    114e:	09 f4       	brne	.+2      	; 0x1152 <vQueueWaitForMessageRestricted+0x1c>
    1150:	1e 8e       	std	Y+30, r1	; 0x1e
    1152:	0f 90       	pop	r0
    1154:	0f be       	out	0x3f, r0	; 63

        if( pxQueue->uxMessagesWaiting == ( UBaseType_t ) 0U )
    1156:	8a 8d       	ldd	r24, Y+26	; 0x1a
    1158:	81 11       	cpse	r24, r1
    115a:	04 c0       	rjmp	.+8      	; 0x1164 <vQueueWaitForMessageRestricted+0x2e>
        {
            /* There is nothing in the queue, block for the specified period. */
            vTaskPlaceOnEventListRestricted( &( pxQueue->xTasksWaitingToReceive ), xTicksToWait, xWaitIndefinitely );
    115c:	ce 01       	movw	r24, r28
    115e:	41 96       	adiw	r24, 0x11	; 17
    1160:	0e 94 a5 0e 	call	0x1d4a	; 0x1d4a <vTaskPlaceOnEventListRestricted>
        else
        {
            mtCOVERAGE_TEST_MARKER();
        }

        prvUnlockQueue( pxQueue );
    1164:	ce 01       	movw	r24, r28
    1166:	0e 94 2b 07 	call	0xe56	; 0xe56 <prvUnlockQueue>
    }
    116a:	df 91       	pop	r29
    116c:	cf 91       	pop	r28
    116e:	08 95       	ret

00001170 <prvTaskIsTaskSuspended>:
    taskENTER_CRITICAL();
    {
        pxTimeOut->xOverflowCount = xNumOfOverflows;
        pxTimeOut->xTimeOnEntering = xTickCount;
    }
    taskEXIT_CRITICAL();
    1170:	fc 01       	movw	r30, r24
    1172:	22 85       	ldd	r18, Z+10	; 0x0a
    1174:	33 85       	ldd	r19, Z+11	; 0x0b
    1176:	2c 5a       	subi	r18, 0xAC	; 172
    1178:	37 40       	sbci	r19, 0x07	; 7
    117a:	59 f4       	brne	.+22     	; 0x1192 <prvTaskIsTaskSuspended+0x22>
    117c:	fc 01       	movw	r30, r24
    117e:	84 89       	ldd	r24, Z+20	; 0x14
    1180:	95 89       	ldd	r25, Z+21	; 0x15
    1182:	f7 e0       	ldi	r31, 0x07	; 7
    1184:	8f 3b       	cpi	r24, 0xBF	; 191
    1186:	9f 07       	cpc	r25, r31
    1188:	31 f0       	breq	.+12     	; 0x1196 <prvTaskIsTaskSuspended+0x26>
    118a:	89 2b       	or	r24, r25
    118c:	31 f0       	breq	.+12     	; 0x119a <prvTaskIsTaskSuspended+0x2a>
    118e:	80 e0       	ldi	r24, 0x00	; 0
    1190:	08 95       	ret
    1192:	80 e0       	ldi	r24, 0x00	; 0
    1194:	08 95       	ret
    1196:	80 e0       	ldi	r24, 0x00	; 0
    1198:	08 95       	ret
    119a:	81 e0       	ldi	r24, 0x01	; 1
    119c:	08 95       	ret

0000119e <prvResetNextTaskUnblockTime>:
    119e:	e0 91 ca 07 	lds	r30, 0x07CA	; 0x8007ca <pxDelayedTaskList>
    11a2:	f0 91 cb 07 	lds	r31, 0x07CB	; 0x8007cb <pxDelayedTaskList+0x1>
    11a6:	80 81       	ld	r24, Z
    11a8:	81 11       	cpse	r24, r1
    11aa:	07 c0       	rjmp	.+14     	; 0x11ba <prvResetNextTaskUnblockTime+0x1c>
    11ac:	8f ef       	ldi	r24, 0xFF	; 255
    11ae:	9f ef       	ldi	r25, 0xFF	; 255
    11b0:	90 93 a1 07 	sts	0x07A1, r25	; 0x8007a1 <xNextTaskUnblockTime+0x1>
    11b4:	80 93 a0 07 	sts	0x07A0, r24	; 0x8007a0 <xNextTaskUnblockTime>
    11b8:	08 95       	ret
    11ba:	e0 91 ca 07 	lds	r30, 0x07CA	; 0x8007ca <pxDelayedTaskList>
    11be:	f0 91 cb 07 	lds	r31, 0x07CB	; 0x8007cb <pxDelayedTaskList+0x1>
    11c2:	05 80       	ldd	r0, Z+5	; 0x05
    11c4:	f6 81       	ldd	r31, Z+6	; 0x06
    11c6:	e0 2d       	mov	r30, r0
    11c8:	80 81       	ld	r24, Z
    11ca:	91 81       	ldd	r25, Z+1	; 0x01
    11cc:	90 93 a1 07 	sts	0x07A1, r25	; 0x8007a1 <xNextTaskUnblockTime+0x1>
    11d0:	80 93 a0 07 	sts	0x07A0, r24	; 0x8007a0 <xNextTaskUnblockTime>
    11d4:	08 95       	ret

000011d6 <prvDeleteTCB>:
    11d6:	cf 93       	push	r28
    11d8:	df 93       	push	r29
    11da:	ec 01       	movw	r28, r24
    11dc:	8f 89       	ldd	r24, Y+23	; 0x17
    11de:	98 8d       	ldd	r25, Y+24	; 0x18
    11e0:	0e 94 57 05 	call	0xaae	; 0xaae <vPortFree>
    11e4:	ce 01       	movw	r24, r28
    11e6:	0e 94 57 05 	call	0xaae	; 0xaae <vPortFree>
    11ea:	df 91       	pop	r29
    11ec:	cf 91       	pop	r28
    11ee:	08 95       	ret

000011f0 <prvInitialiseNewTask>:
    11f0:	6f 92       	push	r6
    11f2:	7f 92       	push	r7
    11f4:	8f 92       	push	r8
    11f6:	9f 92       	push	r9
    11f8:	af 92       	push	r10
    11fa:	bf 92       	push	r11
    11fc:	cf 92       	push	r12
    11fe:	df 92       	push	r13
    1200:	ef 92       	push	r14
    1202:	0f 93       	push	r16
    1204:	1f 93       	push	r17
    1206:	cf 93       	push	r28
    1208:	df 93       	push	r29
    120a:	cd b7       	in	r28, 0x3d	; 61
    120c:	de b7       	in	r29, 0x3e	; 62
    120e:	4c 01       	movw	r8, r24
    1210:	f5 01       	movw	r30, r10
    1212:	87 89       	ldd	r24, Z+23	; 0x17
    1214:	90 8d       	ldd	r25, Z+24	; 0x18
    1216:	21 50       	subi	r18, 0x01	; 1
    1218:	31 09       	sbc	r19, r1
    121a:	3c 01       	movw	r6, r24
    121c:	62 0e       	add	r6, r18
    121e:	73 1e       	adc	r7, r19
    1220:	61 15       	cp	r22, r1
    1222:	71 05       	cpc	r23, r1
    1224:	89 f4       	brne	.+34     	; 0x1248 <prvInitialiseNewTask+0x58>
    1226:	15 c0       	rjmp	.+42     	; 0x1252 <prvInitialiseNewTask+0x62>
    1228:	82 2f       	mov	r24, r18
    122a:	90 e0       	ldi	r25, 0x00	; 0
    122c:	fb 01       	movw	r30, r22
    122e:	e8 0f       	add	r30, r24
    1230:	f9 1f       	adc	r31, r25
    1232:	30 81       	ld	r19, Z
    1234:	d5 01       	movw	r26, r10
    1236:	a8 0f       	add	r26, r24
    1238:	b9 1f       	adc	r27, r25
    123a:	59 96       	adiw	r26, 0x19	; 25
    123c:	3c 93       	st	X, r19
    123e:	80 81       	ld	r24, Z
    1240:	88 23       	and	r24, r24
    1242:	29 f0       	breq	.+10     	; 0x124e <prvInitialiseNewTask+0x5e>
    1244:	2f 5f       	subi	r18, 0xFF	; 255
    1246:	01 c0       	rjmp	.+2      	; 0x124a <prvInitialiseNewTask+0x5a>
    1248:	20 e0       	ldi	r18, 0x00	; 0
    124a:	28 30       	cpi	r18, 0x08	; 8
    124c:	68 f3       	brcs	.-38     	; 0x1228 <prvInitialiseNewTask+0x38>
    124e:	f5 01       	movw	r30, r10
    1250:	10 a2       	std	Z+32, r1	; 0x20
    1252:	f3 e0       	ldi	r31, 0x03	; 3
    1254:	fe 15       	cp	r31, r14
    1256:	20 f4       	brcc	.+8      	; 0x1260 <prvInitialiseNewTask+0x70>
    1258:	0f 2e       	mov	r0, r31
    125a:	f3 e0       	ldi	r31, 0x03	; 3
    125c:	ef 2e       	mov	r14, r31
    125e:	f0 2d       	mov	r31, r0
    1260:	f5 01       	movw	r30, r10
    1262:	e6 8a       	std	Z+22, r14	; 0x16
    1264:	c5 01       	movw	r24, r10
    1266:	02 96       	adiw	r24, 0x02	; 2
    1268:	0e 94 66 05 	call	0xacc	; 0xacc <vListInitialiseItem>
    126c:	c5 01       	movw	r24, r10
    126e:	0c 96       	adiw	r24, 0x0c	; 12
    1270:	0e 94 66 05 	call	0xacc	; 0xacc <vListInitialiseItem>
    1274:	f5 01       	movw	r30, r10
    1276:	b1 86       	std	Z+9, r11	; 0x09
    1278:	a0 86       	std	Z+8, r10	; 0x08
    127a:	84 e0       	ldi	r24, 0x04	; 4
    127c:	90 e0       	ldi	r25, 0x00	; 0
    127e:	8e 19       	sub	r24, r14
    1280:	91 09       	sbc	r25, r1
    1282:	95 87       	std	Z+13, r25	; 0x0d
    1284:	84 87       	std	Z+12, r24	; 0x0c
    1286:	b3 8a       	std	Z+19, r11	; 0x13
    1288:	a2 8a       	std	Z+18, r10	; 0x12
    128a:	a8 01       	movw	r20, r16
    128c:	b4 01       	movw	r22, r8
    128e:	c3 01       	movw	r24, r6
    1290:	0e 94 ec 05 	call	0xbd8	; 0xbd8 <pxPortInitialiseStack>
    1294:	f5 01       	movw	r30, r10
    1296:	91 83       	std	Z+1, r25	; 0x01
    1298:	80 83       	st	Z, r24
    129a:	c1 14       	cp	r12, r1
    129c:	d1 04       	cpc	r13, r1
    129e:	19 f0       	breq	.+6      	; 0x12a6 <prvInitialiseNewTask+0xb6>
    12a0:	f6 01       	movw	r30, r12
    12a2:	b1 82       	std	Z+1, r11	; 0x01
    12a4:	a0 82       	st	Z, r10
    12a6:	df 91       	pop	r29
    12a8:	cf 91       	pop	r28
    12aa:	1f 91       	pop	r17
    12ac:	0f 91       	pop	r16
    12ae:	ef 90       	pop	r14
    12b0:	df 90       	pop	r13
    12b2:	cf 90       	pop	r12
    12b4:	bf 90       	pop	r11
    12b6:	af 90       	pop	r10
    12b8:	9f 90       	pop	r9
    12ba:	8f 90       	pop	r8
    12bc:	7f 90       	pop	r7
    12be:	6f 90       	pop	r6
    12c0:	08 95       	ret

000012c2 <prvInitialiseTaskLists>:
    12c2:	cf 93       	push	r28
    12c4:	c0 e0       	ldi	r28, 0x00	; 0
    12c6:	10 c0       	rjmp	.+32     	; 0x12e8 <prvInitialiseTaskLists+0x26>
    12c8:	8c 2f       	mov	r24, r28
    12ca:	90 e0       	ldi	r25, 0x00	; 0
    12cc:	9c 01       	movw	r18, r24
    12ce:	22 0f       	add	r18, r18
    12d0:	33 1f       	adc	r19, r19
    12d2:	22 0f       	add	r18, r18
    12d4:	33 1f       	adc	r19, r19
    12d6:	22 0f       	add	r18, r18
    12d8:	33 1f       	adc	r19, r19
    12da:	82 0f       	add	r24, r18
    12dc:	93 1f       	adc	r25, r19
    12de:	82 52       	subi	r24, 0x22	; 34
    12e0:	98 4f       	sbci	r25, 0xF8	; 248
    12e2:	0e 94 58 05 	call	0xab0	; 0xab0 <vListInitialise>
    12e6:	cf 5f       	subi	r28, 0xFF	; 255
    12e8:	c4 30       	cpi	r28, 0x04	; 4
    12ea:	70 f3       	brcs	.-36     	; 0x12c8 <prvInitialiseTaskLists+0x6>
    12ec:	85 ed       	ldi	r24, 0xD5	; 213
    12ee:	97 e0       	ldi	r25, 0x07	; 7
    12f0:	0e 94 58 05 	call	0xab0	; 0xab0 <vListInitialise>
    12f4:	8c ec       	ldi	r24, 0xCC	; 204
    12f6:	97 e0       	ldi	r25, 0x07	; 7
    12f8:	0e 94 58 05 	call	0xab0	; 0xab0 <vListInitialise>
    12fc:	8f eb       	ldi	r24, 0xBF	; 191
    12fe:	97 e0       	ldi	r25, 0x07	; 7
    1300:	0e 94 58 05 	call	0xab0	; 0xab0 <vListInitialise>
    1304:	86 eb       	ldi	r24, 0xB6	; 182
    1306:	97 e0       	ldi	r25, 0x07	; 7
    1308:	0e 94 58 05 	call	0xab0	; 0xab0 <vListInitialise>
    130c:	8c ea       	ldi	r24, 0xAC	; 172
    130e:	97 e0       	ldi	r25, 0x07	; 7
    1310:	0e 94 58 05 	call	0xab0	; 0xab0 <vListInitialise>
    1314:	85 ed       	ldi	r24, 0xD5	; 213
    1316:	97 e0       	ldi	r25, 0x07	; 7
    1318:	90 93 cb 07 	sts	0x07CB, r25	; 0x8007cb <pxDelayedTaskList+0x1>
    131c:	80 93 ca 07 	sts	0x07CA, r24	; 0x8007ca <pxDelayedTaskList>
    1320:	8c ec       	ldi	r24, 0xCC	; 204
    1322:	97 e0       	ldi	r25, 0x07	; 7
    1324:	90 93 c9 07 	sts	0x07C9, r25	; 0x8007c9 <pxOverflowDelayedTaskList+0x1>
    1328:	80 93 c8 07 	sts	0x07C8, r24	; 0x8007c8 <pxOverflowDelayedTaskList>
    132c:	cf 91       	pop	r28
    132e:	08 95       	ret

00001330 <prvAddNewTaskToReadyList>:
    1330:	cf 93       	push	r28
    1332:	df 93       	push	r29
    1334:	ec 01       	movw	r28, r24
    1336:	0f b6       	in	r0, 0x3f	; 63
    1338:	f8 94       	cli
    133a:	0f 92       	push	r0
    133c:	80 91 ab 07 	lds	r24, 0x07AB	; 0x8007ab <uxCurrentNumberOfTasks>
    1340:	8f 5f       	subi	r24, 0xFF	; 255
    1342:	80 93 ab 07 	sts	0x07AB, r24	; 0x8007ab <uxCurrentNumberOfTasks>
    1346:	80 91 02 08 	lds	r24, 0x0802	; 0x800802 <pxCurrentTCB>
    134a:	90 91 03 08 	lds	r25, 0x0803	; 0x800803 <pxCurrentTCB+0x1>
    134e:	89 2b       	or	r24, r25
    1350:	59 f4       	brne	.+22     	; 0x1368 <prvAddNewTaskToReadyList+0x38>
    1352:	d0 93 03 08 	sts	0x0803, r29	; 0x800803 <pxCurrentTCB+0x1>
    1356:	c0 93 02 08 	sts	0x0802, r28	; 0x800802 <pxCurrentTCB>
    135a:	80 91 ab 07 	lds	r24, 0x07AB	; 0x8007ab <uxCurrentNumberOfTasks>
    135e:	81 30       	cpi	r24, 0x01	; 1
    1360:	99 f4       	brne	.+38     	; 0x1388 <prvAddNewTaskToReadyList+0x58>
    1362:	0e 94 61 09 	call	0x12c2	; 0x12c2 <prvInitialiseTaskLists>
    1366:	10 c0       	rjmp	.+32     	; 0x1388 <prvAddNewTaskToReadyList+0x58>
    1368:	80 91 a7 07 	lds	r24, 0x07A7	; 0x8007a7 <xSchedulerRunning>
    136c:	81 11       	cpse	r24, r1
    136e:	0c c0       	rjmp	.+24     	; 0x1388 <prvAddNewTaskToReadyList+0x58>
    1370:	e0 91 02 08 	lds	r30, 0x0802	; 0x800802 <pxCurrentTCB>
    1374:	f0 91 03 08 	lds	r31, 0x0803	; 0x800803 <pxCurrentTCB+0x1>
    1378:	96 89       	ldd	r25, Z+22	; 0x16
    137a:	8e 89       	ldd	r24, Y+22	; 0x16
    137c:	89 17       	cp	r24, r25
    137e:	20 f0       	brcs	.+8      	; 0x1388 <prvAddNewTaskToReadyList+0x58>
    1380:	d0 93 03 08 	sts	0x0803, r29	; 0x800803 <pxCurrentTCB+0x1>
    1384:	c0 93 02 08 	sts	0x0802, r28	; 0x800802 <pxCurrentTCB>
    1388:	80 91 a2 07 	lds	r24, 0x07A2	; 0x8007a2 <uxTaskNumber>
    138c:	8f 5f       	subi	r24, 0xFF	; 255
    138e:	80 93 a2 07 	sts	0x07A2, r24	; 0x8007a2 <uxTaskNumber>
    1392:	8e 89       	ldd	r24, Y+22	; 0x16
    1394:	90 91 a8 07 	lds	r25, 0x07A8	; 0x8007a8 <uxTopReadyPriority>
    1398:	98 17       	cp	r25, r24
    139a:	10 f4       	brcc	.+4      	; 0x13a0 <prvAddNewTaskToReadyList+0x70>
    139c:	80 93 a8 07 	sts	0x07A8, r24	; 0x8007a8 <uxTopReadyPriority>
    13a0:	90 e0       	ldi	r25, 0x00	; 0
    13a2:	fc 01       	movw	r30, r24
    13a4:	ee 0f       	add	r30, r30
    13a6:	ff 1f       	adc	r31, r31
    13a8:	ee 0f       	add	r30, r30
    13aa:	ff 1f       	adc	r31, r31
    13ac:	ee 0f       	add	r30, r30
    13ae:	ff 1f       	adc	r31, r31
    13b0:	8e 0f       	add	r24, r30
    13b2:	9f 1f       	adc	r25, r31
    13b4:	fc 01       	movw	r30, r24
    13b6:	e2 52       	subi	r30, 0x22	; 34
    13b8:	f8 4f       	sbci	r31, 0xF8	; 248
    13ba:	01 80       	ldd	r0, Z+1	; 0x01
    13bc:	f2 81       	ldd	r31, Z+2	; 0x02
    13be:	e0 2d       	mov	r30, r0
    13c0:	fd 83       	std	Y+5, r31	; 0x05
    13c2:	ec 83       	std	Y+4, r30	; 0x04
    13c4:	84 81       	ldd	r24, Z+4	; 0x04
    13c6:	95 81       	ldd	r25, Z+5	; 0x05
    13c8:	9f 83       	std	Y+7, r25	; 0x07
    13ca:	8e 83       	std	Y+6, r24	; 0x06
    13cc:	a4 81       	ldd	r26, Z+4	; 0x04
    13ce:	b5 81       	ldd	r27, Z+5	; 0x05
    13d0:	ce 01       	movw	r24, r28
    13d2:	02 96       	adiw	r24, 0x02	; 2
    13d4:	13 96       	adiw	r26, 0x03	; 3
    13d6:	9c 93       	st	X, r25
    13d8:	8e 93       	st	-X, r24
    13da:	12 97       	sbiw	r26, 0x02	; 2
    13dc:	95 83       	std	Z+5, r25	; 0x05
    13de:	84 83       	std	Z+4, r24	; 0x04
    13e0:	ee 89       	ldd	r30, Y+22	; 0x16
    13e2:	f0 e0       	ldi	r31, 0x00	; 0
    13e4:	cf 01       	movw	r24, r30
    13e6:	88 0f       	add	r24, r24
    13e8:	99 1f       	adc	r25, r25
    13ea:	88 0f       	add	r24, r24
    13ec:	99 1f       	adc	r25, r25
    13ee:	88 0f       	add	r24, r24
    13f0:	99 1f       	adc	r25, r25
    13f2:	e8 0f       	add	r30, r24
    13f4:	f9 1f       	adc	r31, r25
    13f6:	e2 52       	subi	r30, 0x22	; 34
    13f8:	f8 4f       	sbci	r31, 0xF8	; 248
    13fa:	fb 87       	std	Y+11, r31	; 0x0b
    13fc:	ea 87       	std	Y+10, r30	; 0x0a
    13fe:	80 81       	ld	r24, Z
    1400:	8f 5f       	subi	r24, 0xFF	; 255
    1402:	80 83       	st	Z, r24
    1404:	0f 90       	pop	r0
    1406:	0f be       	out	0x3f, r0	; 63
    1408:	80 91 a7 07 	lds	r24, 0x07A7	; 0x8007a7 <xSchedulerRunning>
    140c:	88 23       	and	r24, r24
    140e:	21 f0       	breq	.+8      	; 0x1418 <prvAddNewTaskToReadyList+0xe8>
    1410:	80 91 02 08 	lds	r24, 0x0802	; 0x800802 <pxCurrentTCB>
    1414:	90 91 03 08 	lds	r25, 0x0803	; 0x800803 <pxCurrentTCB+0x1>
    1418:	df 91       	pop	r29
    141a:	cf 91       	pop	r28
    141c:	08 95       	ret

0000141e <prvCheckTasksWaitingTermination>:
    141e:	cf 93       	push	r28
    1420:	df 93       	push	r29
    1422:	1c c0       	rjmp	.+56     	; 0x145c <prvCheckTasksWaitingTermination+0x3e>
    1424:	0f b6       	in	r0, 0x3f	; 63
    1426:	f8 94       	cli
    1428:	0f 92       	push	r0
    142a:	e0 91 bb 07 	lds	r30, 0x07BB	; 0x8007bb <xTasksWaitingTermination+0x5>
    142e:	f0 91 bc 07 	lds	r31, 0x07BC	; 0x8007bc <xTasksWaitingTermination+0x6>
    1432:	c6 81       	ldd	r28, Z+6	; 0x06
    1434:	d7 81       	ldd	r29, Z+7	; 0x07
    1436:	ce 01       	movw	r24, r28
    1438:	02 96       	adiw	r24, 0x02	; 2
    143a:	0e 94 bc 05 	call	0xb78	; 0xb78 <uxListRemove>
    143e:	80 91 ab 07 	lds	r24, 0x07AB	; 0x8007ab <uxCurrentNumberOfTasks>
    1442:	81 50       	subi	r24, 0x01	; 1
    1444:	80 93 ab 07 	sts	0x07AB, r24	; 0x8007ab <uxCurrentNumberOfTasks>
    1448:	80 91 b5 07 	lds	r24, 0x07B5	; 0x8007b5 <uxDeletedTasksWaitingCleanUp>
    144c:	81 50       	subi	r24, 0x01	; 1
    144e:	80 93 b5 07 	sts	0x07B5, r24	; 0x8007b5 <uxDeletedTasksWaitingCleanUp>
    1452:	0f 90       	pop	r0
    1454:	0f be       	out	0x3f, r0	; 63
    1456:	ce 01       	movw	r24, r28
    1458:	0e 94 eb 08 	call	0x11d6	; 0x11d6 <prvDeleteTCB>
    145c:	80 91 b5 07 	lds	r24, 0x07B5	; 0x8007b5 <uxDeletedTasksWaitingCleanUp>
    1460:	81 11       	cpse	r24, r1
    1462:	e0 cf       	rjmp	.-64     	; 0x1424 <prvCheckTasksWaitingTermination+0x6>
    1464:	df 91       	pop	r29
    1466:	cf 91       	pop	r28
    1468:	08 95       	ret

0000146a <prvIdleTask>:
    146a:	0e 94 0f 0a 	call	0x141e	; 0x141e <prvCheckTasksWaitingTermination>
    146e:	0e 94 87 06 	call	0xd0e	; 0xd0e <vPortYield>
    1472:	fb cf       	rjmp	.-10     	; 0x146a <prvIdleTask>

00001474 <prvAddCurrentTaskToDelayedList>:
    1474:	ff 92       	push	r15
    1476:	0f 93       	push	r16
    1478:	1f 93       	push	r17
    147a:	cf 93       	push	r28
    147c:	df 93       	push	r29
    147e:	ec 01       	movw	r28, r24
    1480:	f6 2e       	mov	r15, r22
    1482:	00 91 a9 07 	lds	r16, 0x07A9	; 0x8007a9 <xTickCount>
    1486:	10 91 aa 07 	lds	r17, 0x07AA	; 0x8007aa <xTickCount+0x1>
    148a:	80 91 02 08 	lds	r24, 0x0802	; 0x800802 <pxCurrentTCB>
    148e:	90 91 03 08 	lds	r25, 0x0803	; 0x800803 <pxCurrentTCB+0x1>
    1492:	02 96       	adiw	r24, 0x02	; 2
    1494:	0e 94 bc 05 	call	0xb78	; 0xb78 <uxListRemove>
    1498:	cf 3f       	cpi	r28, 0xFF	; 255
    149a:	8f ef       	ldi	r24, 0xFF	; 255
    149c:	d8 07       	cpc	r29, r24
    149e:	b1 f5       	brne	.+108    	; 0x150c <prvAddCurrentTaskToDelayedList+0x98>
    14a0:	ff 20       	and	r15, r15
    14a2:	a1 f1       	breq	.+104    	; 0x150c <prvAddCurrentTaskToDelayedList+0x98>
    14a4:	ec ea       	ldi	r30, 0xAC	; 172
    14a6:	f7 e0       	ldi	r31, 0x07	; 7
    14a8:	a1 81       	ldd	r26, Z+1	; 0x01
    14aa:	b2 81       	ldd	r27, Z+2	; 0x02
    14ac:	c0 91 02 08 	lds	r28, 0x0802	; 0x800802 <pxCurrentTCB>
    14b0:	d0 91 03 08 	lds	r29, 0x0803	; 0x800803 <pxCurrentTCB+0x1>
    14b4:	bd 83       	std	Y+5, r27	; 0x05
    14b6:	ac 83       	std	Y+4, r26	; 0x04
    14b8:	c0 91 02 08 	lds	r28, 0x0802	; 0x800802 <pxCurrentTCB>
    14bc:	d0 91 03 08 	lds	r29, 0x0803	; 0x800803 <pxCurrentTCB+0x1>
    14c0:	14 96       	adiw	r26, 0x04	; 4
    14c2:	8d 91       	ld	r24, X+
    14c4:	9c 91       	ld	r25, X
    14c6:	15 97       	sbiw	r26, 0x05	; 5
    14c8:	9f 83       	std	Y+7, r25	; 0x07
    14ca:	8e 83       	std	Y+6, r24	; 0x06
    14cc:	14 96       	adiw	r26, 0x04	; 4
    14ce:	cd 91       	ld	r28, X+
    14d0:	dc 91       	ld	r29, X
    14d2:	15 97       	sbiw	r26, 0x05	; 5
    14d4:	80 91 02 08 	lds	r24, 0x0802	; 0x800802 <pxCurrentTCB>
    14d8:	90 91 03 08 	lds	r25, 0x0803	; 0x800803 <pxCurrentTCB+0x1>
    14dc:	02 96       	adiw	r24, 0x02	; 2
    14de:	9b 83       	std	Y+3, r25	; 0x03
    14e0:	8a 83       	std	Y+2, r24	; 0x02
    14e2:	80 91 02 08 	lds	r24, 0x0802	; 0x800802 <pxCurrentTCB>
    14e6:	90 91 03 08 	lds	r25, 0x0803	; 0x800803 <pxCurrentTCB+0x1>
    14ea:	02 96       	adiw	r24, 0x02	; 2
    14ec:	15 96       	adiw	r26, 0x05	; 5
    14ee:	9c 93       	st	X, r25
    14f0:	8e 93       	st	-X, r24
    14f2:	14 97       	sbiw	r26, 0x04	; 4
    14f4:	a0 91 02 08 	lds	r26, 0x0802	; 0x800802 <pxCurrentTCB>
    14f8:	b0 91 03 08 	lds	r27, 0x0803	; 0x800803 <pxCurrentTCB+0x1>
    14fc:	1b 96       	adiw	r26, 0x0b	; 11
    14fe:	fc 93       	st	X, r31
    1500:	ee 93       	st	-X, r30
    1502:	1a 97       	sbiw	r26, 0x0a	; 10
    1504:	80 81       	ld	r24, Z
    1506:	8f 5f       	subi	r24, 0xFF	; 255
    1508:	80 83       	st	Z, r24
    150a:	2f c0       	rjmp	.+94     	; 0x156a <prvAddCurrentTaskToDelayedList+0xf6>
    150c:	c0 0f       	add	r28, r16
    150e:	d1 1f       	adc	r29, r17
    1510:	e0 91 02 08 	lds	r30, 0x0802	; 0x800802 <pxCurrentTCB>
    1514:	f0 91 03 08 	lds	r31, 0x0803	; 0x800803 <pxCurrentTCB+0x1>
    1518:	d3 83       	std	Z+3, r29	; 0x03
    151a:	c2 83       	std	Z+2, r28	; 0x02
    151c:	c0 17       	cp	r28, r16
    151e:	d1 07       	cpc	r29, r17
    1520:	68 f4       	brcc	.+26     	; 0x153c <prvAddCurrentTaskToDelayedList+0xc8>
    1522:	60 91 02 08 	lds	r22, 0x0802	; 0x800802 <pxCurrentTCB>
    1526:	70 91 03 08 	lds	r23, 0x0803	; 0x800803 <pxCurrentTCB+0x1>
    152a:	80 91 c8 07 	lds	r24, 0x07C8	; 0x8007c8 <pxOverflowDelayedTaskList>
    152e:	90 91 c9 07 	lds	r25, 0x07C9	; 0x8007c9 <pxOverflowDelayedTaskList+0x1>
    1532:	6e 5f       	subi	r22, 0xFE	; 254
    1534:	7f 4f       	sbci	r23, 0xFF	; 255
    1536:	0e 94 8b 05 	call	0xb16	; 0xb16 <vListInsert>
    153a:	17 c0       	rjmp	.+46     	; 0x156a <prvAddCurrentTaskToDelayedList+0xf6>
    153c:	60 91 02 08 	lds	r22, 0x0802	; 0x800802 <pxCurrentTCB>
    1540:	70 91 03 08 	lds	r23, 0x0803	; 0x800803 <pxCurrentTCB+0x1>
    1544:	80 91 ca 07 	lds	r24, 0x07CA	; 0x8007ca <pxDelayedTaskList>
    1548:	90 91 cb 07 	lds	r25, 0x07CB	; 0x8007cb <pxDelayedTaskList+0x1>
    154c:	6e 5f       	subi	r22, 0xFE	; 254
    154e:	7f 4f       	sbci	r23, 0xFF	; 255
    1550:	0e 94 8b 05 	call	0xb16	; 0xb16 <vListInsert>
    1554:	80 91 a0 07 	lds	r24, 0x07A0	; 0x8007a0 <xNextTaskUnblockTime>
    1558:	90 91 a1 07 	lds	r25, 0x07A1	; 0x8007a1 <xNextTaskUnblockTime+0x1>
    155c:	c8 17       	cp	r28, r24
    155e:	d9 07       	cpc	r29, r25
    1560:	20 f4       	brcc	.+8      	; 0x156a <prvAddCurrentTaskToDelayedList+0xf6>
    1562:	d0 93 a1 07 	sts	0x07A1, r29	; 0x8007a1 <xNextTaskUnblockTime+0x1>
    1566:	c0 93 a0 07 	sts	0x07A0, r28	; 0x8007a0 <xNextTaskUnblockTime>
    156a:	df 91       	pop	r29
    156c:	cf 91       	pop	r28
    156e:	1f 91       	pop	r17
    1570:	0f 91       	pop	r16
    1572:	ff 90       	pop	r15
    1574:	08 95       	ret

00001576 <xTaskCreate>:
    1576:	2f 92       	push	r2
    1578:	3f 92       	push	r3
    157a:	4f 92       	push	r4
    157c:	5f 92       	push	r5
    157e:	6f 92       	push	r6
    1580:	7f 92       	push	r7
    1582:	8f 92       	push	r8
    1584:	9f 92       	push	r9
    1586:	af 92       	push	r10
    1588:	bf 92       	push	r11
    158a:	cf 92       	push	r12
    158c:	df 92       	push	r13
    158e:	ef 92       	push	r14
    1590:	ff 92       	push	r15
    1592:	0f 93       	push	r16
    1594:	1f 93       	push	r17
    1596:	cf 93       	push	r28
    1598:	df 93       	push	r29
    159a:	3c 01       	movw	r6, r24
    159c:	1b 01       	movw	r2, r22
    159e:	5a 01       	movw	r10, r20
    15a0:	29 01       	movw	r4, r18
    15a2:	ca 01       	movw	r24, r20
    15a4:	0e 94 1d 05 	call	0xa3a	; 0xa3a <pvPortMalloc>
    15a8:	6c 01       	movw	r12, r24
    15aa:	89 2b       	or	r24, r25
    15ac:	99 f0       	breq	.+38     	; 0x15d4 <xTaskCreate+0x5e>
    15ae:	86 e2       	ldi	r24, 0x26	; 38
    15b0:	90 e0       	ldi	r25, 0x00	; 0
    15b2:	0e 94 1d 05 	call	0xa3a	; 0xa3a <pvPortMalloc>
    15b6:	ec 01       	movw	r28, r24
    15b8:	89 2b       	or	r24, r25
    15ba:	41 f0       	breq	.+16     	; 0x15cc <xTaskCreate+0x56>
    15bc:	86 e2       	ldi	r24, 0x26	; 38
    15be:	fe 01       	movw	r30, r28
    15c0:	11 92       	st	Z+, r1
    15c2:	8a 95       	dec	r24
    15c4:	e9 f7       	brne	.-6      	; 0x15c0 <xTaskCreate+0x4a>
    15c6:	d8 8e       	std	Y+24, r13	; 0x18
    15c8:	cf 8a       	std	Y+23, r12	; 0x17
    15ca:	06 c0       	rjmp	.+12     	; 0x15d8 <xTaskCreate+0x62>
    15cc:	c6 01       	movw	r24, r12
    15ce:	0e 94 57 05 	call	0xaae	; 0xaae <vPortFree>
    15d2:	02 c0       	rjmp	.+4      	; 0x15d8 <xTaskCreate+0x62>
    15d4:	c0 e0       	ldi	r28, 0x00	; 0
    15d6:	d0 e0       	ldi	r29, 0x00	; 0
    15d8:	20 97       	sbiw	r28, 0x00	; 0
    15da:	91 f0       	breq	.+36     	; 0x1600 <xTaskCreate+0x8a>
    15dc:	95 01       	movw	r18, r10
    15de:	40 e0       	ldi	r20, 0x00	; 0
    15e0:	50 e0       	ldi	r21, 0x00	; 0
    15e2:	81 2c       	mov	r8, r1
    15e4:	91 2c       	mov	r9, r1
    15e6:	5e 01       	movw	r10, r28
    15e8:	67 01       	movw	r12, r14
    15ea:	e0 2e       	mov	r14, r16
    15ec:	82 01       	movw	r16, r4
    15ee:	b1 01       	movw	r22, r2
    15f0:	c3 01       	movw	r24, r6
    15f2:	0e 94 f8 08 	call	0x11f0	; 0x11f0 <prvInitialiseNewTask>
    15f6:	ce 01       	movw	r24, r28
    15f8:	0e 94 98 09 	call	0x1330	; 0x1330 <prvAddNewTaskToReadyList>
    15fc:	81 e0       	ldi	r24, 0x01	; 1
    15fe:	01 c0       	rjmp	.+2      	; 0x1602 <xTaskCreate+0x8c>
    1600:	8f ef       	ldi	r24, 0xFF	; 255
    1602:	df 91       	pop	r29
    1604:	cf 91       	pop	r28
    1606:	1f 91       	pop	r17
    1608:	0f 91       	pop	r16
    160a:	ff 90       	pop	r15
    160c:	ef 90       	pop	r14
    160e:	df 90       	pop	r13
    1610:	cf 90       	pop	r12
    1612:	bf 90       	pop	r11
    1614:	af 90       	pop	r10
    1616:	9f 90       	pop	r9
    1618:	8f 90       	pop	r8
    161a:	7f 90       	pop	r7
    161c:	6f 90       	pop	r6
    161e:	5f 90       	pop	r5
    1620:	4f 90       	pop	r4
    1622:	3f 90       	pop	r3
    1624:	2f 90       	pop	r2
    1626:	08 95       	ret

00001628 <vTaskDelete>:
    1628:	0f 93       	push	r16
    162a:	1f 93       	push	r17
    162c:	cf 93       	push	r28
    162e:	df 93       	push	r29
    1630:	ec 01       	movw	r28, r24
    1632:	0f b6       	in	r0, 0x3f	; 63
    1634:	f8 94       	cli
    1636:	0f 92       	push	r0
    1638:	89 2b       	or	r24, r25
    163a:	21 f4       	brne	.+8      	; 0x1644 <vTaskDelete+0x1c>
    163c:	c0 91 02 08 	lds	r28, 0x0802	; 0x800802 <pxCurrentTCB>
    1640:	d0 91 03 08 	lds	r29, 0x0803	; 0x800803 <pxCurrentTCB+0x1>
    1644:	8e 01       	movw	r16, r28
    1646:	0e 5f       	subi	r16, 0xFE	; 254
    1648:	1f 4f       	sbci	r17, 0xFF	; 255
    164a:	c8 01       	movw	r24, r16
    164c:	0e 94 bc 05 	call	0xb78	; 0xb78 <uxListRemove>
    1650:	8c 89       	ldd	r24, Y+20	; 0x14
    1652:	9d 89       	ldd	r25, Y+21	; 0x15
    1654:	89 2b       	or	r24, r25
    1656:	21 f0       	breq	.+8      	; 0x1660 <vTaskDelete+0x38>
    1658:	ce 01       	movw	r24, r28
    165a:	0c 96       	adiw	r24, 0x0c	; 12
    165c:	0e 94 bc 05 	call	0xb78	; 0xb78 <uxListRemove>
    1660:	80 91 a2 07 	lds	r24, 0x07A2	; 0x8007a2 <uxTaskNumber>
    1664:	8f 5f       	subi	r24, 0xFF	; 255
    1666:	80 93 a2 07 	sts	0x07A2, r24	; 0x8007a2 <uxTaskNumber>
    166a:	80 91 02 08 	lds	r24, 0x0802	; 0x800802 <pxCurrentTCB>
    166e:	90 91 03 08 	lds	r25, 0x0803	; 0x800803 <pxCurrentTCB+0x1>
    1672:	c8 17       	cp	r28, r24
    1674:	d9 07       	cpc	r29, r25
    1676:	59 f4       	brne	.+22     	; 0x168e <vTaskDelete+0x66>
    1678:	b8 01       	movw	r22, r16
    167a:	86 eb       	ldi	r24, 0xB6	; 182
    167c:	97 e0       	ldi	r25, 0x07	; 7
    167e:	0e 94 6a 05 	call	0xad4	; 0xad4 <vListInsertEnd>
    1682:	80 91 b5 07 	lds	r24, 0x07B5	; 0x8007b5 <uxDeletedTasksWaitingCleanUp>
    1686:	8f 5f       	subi	r24, 0xFF	; 255
    1688:	80 93 b5 07 	sts	0x07B5, r24	; 0x8007b5 <uxDeletedTasksWaitingCleanUp>
    168c:	07 c0       	rjmp	.+14     	; 0x169c <vTaskDelete+0x74>
    168e:	80 91 ab 07 	lds	r24, 0x07AB	; 0x8007ab <uxCurrentNumberOfTasks>
    1692:	81 50       	subi	r24, 0x01	; 1
    1694:	80 93 ab 07 	sts	0x07AB, r24	; 0x8007ab <uxCurrentNumberOfTasks>
    1698:	0e 94 cf 08 	call	0x119e	; 0x119e <prvResetNextTaskUnblockTime>
    169c:	0f 90       	pop	r0
    169e:	0f be       	out	0x3f, r0	; 63
    16a0:	80 91 02 08 	lds	r24, 0x0802	; 0x800802 <pxCurrentTCB>
    16a4:	90 91 03 08 	lds	r25, 0x0803	; 0x800803 <pxCurrentTCB+0x1>
    16a8:	c8 17       	cp	r28, r24
    16aa:	d9 07       	cpc	r29, r25
    16ac:	19 f0       	breq	.+6      	; 0x16b4 <vTaskDelete+0x8c>
    16ae:	ce 01       	movw	r24, r28
    16b0:	0e 94 eb 08 	call	0x11d6	; 0x11d6 <prvDeleteTCB>
    16b4:	80 91 a7 07 	lds	r24, 0x07A7	; 0x8007a7 <xSchedulerRunning>
    16b8:	88 23       	and	r24, r24
    16ba:	49 f0       	breq	.+18     	; 0x16ce <vTaskDelete+0xa6>
    16bc:	80 91 02 08 	lds	r24, 0x0802	; 0x800802 <pxCurrentTCB>
    16c0:	90 91 03 08 	lds	r25, 0x0803	; 0x800803 <pxCurrentTCB+0x1>
    16c4:	c8 17       	cp	r28, r24
    16c6:	d9 07       	cpc	r29, r25
    16c8:	11 f4       	brne	.+4      	; 0x16ce <vTaskDelete+0xa6>
    16ca:	0e 94 87 06 	call	0xd0e	; 0xd0e <vPortYield>
    16ce:	df 91       	pop	r29
    16d0:	cf 91       	pop	r28
    16d2:	1f 91       	pop	r17
    16d4:	0f 91       	pop	r16
    16d6:	08 95       	ret

000016d8 <vTaskResume>:
    16d8:	0f 93       	push	r16
    16da:	1f 93       	push	r17
    16dc:	cf 93       	push	r28
    16de:	df 93       	push	r29
    16e0:	20 91 02 08 	lds	r18, 0x0802	; 0x800802 <pxCurrentTCB>
    16e4:	30 91 03 08 	lds	r19, 0x0803	; 0x800803 <pxCurrentTCB+0x1>
    16e8:	82 17       	cp	r24, r18
    16ea:	93 07       	cpc	r25, r19
    16ec:	09 f4       	brne	.+2      	; 0x16f0 <vTaskResume+0x18>
    16ee:	4f c0       	rjmp	.+158    	; 0x178e <vTaskResume+0xb6>
    16f0:	00 97       	sbiw	r24, 0x00	; 0
    16f2:	09 f4       	brne	.+2      	; 0x16f6 <vTaskResume+0x1e>
    16f4:	4c c0       	rjmp	.+152    	; 0x178e <vTaskResume+0xb6>
    16f6:	ec 01       	movw	r28, r24
    16f8:	0f b6       	in	r0, 0x3f	; 63
    16fa:	f8 94       	cli
    16fc:	0f 92       	push	r0
    16fe:	0e 94 b8 08 	call	0x1170	; 0x1170 <prvTaskIsTaskSuspended>
    1702:	88 23       	and	r24, r24
    1704:	09 f4       	brne	.+2      	; 0x1708 <vTaskResume+0x30>
    1706:	41 c0       	rjmp	.+130    	; 0x178a <vTaskResume+0xb2>
    1708:	8e 01       	movw	r16, r28
    170a:	0e 5f       	subi	r16, 0xFE	; 254
    170c:	1f 4f       	sbci	r17, 0xFF	; 255
    170e:	c8 01       	movw	r24, r16
    1710:	0e 94 bc 05 	call	0xb78	; 0xb78 <uxListRemove>
    1714:	8e 89       	ldd	r24, Y+22	; 0x16
    1716:	90 91 a8 07 	lds	r25, 0x07A8	; 0x8007a8 <uxTopReadyPriority>
    171a:	98 17       	cp	r25, r24
    171c:	10 f4       	brcc	.+4      	; 0x1722 <vTaskResume+0x4a>
    171e:	80 93 a8 07 	sts	0x07A8, r24	; 0x8007a8 <uxTopReadyPriority>
    1722:	90 e0       	ldi	r25, 0x00	; 0
    1724:	fc 01       	movw	r30, r24
    1726:	ee 0f       	add	r30, r30
    1728:	ff 1f       	adc	r31, r31
    172a:	ee 0f       	add	r30, r30
    172c:	ff 1f       	adc	r31, r31
    172e:	ee 0f       	add	r30, r30
    1730:	ff 1f       	adc	r31, r31
    1732:	8e 0f       	add	r24, r30
    1734:	9f 1f       	adc	r25, r31
    1736:	fc 01       	movw	r30, r24
    1738:	e2 52       	subi	r30, 0x22	; 34
    173a:	f8 4f       	sbci	r31, 0xF8	; 248
    173c:	01 80       	ldd	r0, Z+1	; 0x01
    173e:	f2 81       	ldd	r31, Z+2	; 0x02
    1740:	e0 2d       	mov	r30, r0
    1742:	fd 83       	std	Y+5, r31	; 0x05
    1744:	ec 83       	std	Y+4, r30	; 0x04
    1746:	84 81       	ldd	r24, Z+4	; 0x04
    1748:	95 81       	ldd	r25, Z+5	; 0x05
    174a:	9f 83       	std	Y+7, r25	; 0x07
    174c:	8e 83       	std	Y+6, r24	; 0x06
    174e:	a4 81       	ldd	r26, Z+4	; 0x04
    1750:	b5 81       	ldd	r27, Z+5	; 0x05
    1752:	13 96       	adiw	r26, 0x03	; 3
    1754:	1c 93       	st	X, r17
    1756:	0e 93       	st	-X, r16
    1758:	12 97       	sbiw	r26, 0x02	; 2
    175a:	15 83       	std	Z+5, r17	; 0x05
    175c:	04 83       	std	Z+4, r16	; 0x04
    175e:	ee 89       	ldd	r30, Y+22	; 0x16
    1760:	f0 e0       	ldi	r31, 0x00	; 0
    1762:	cf 01       	movw	r24, r30
    1764:	88 0f       	add	r24, r24
    1766:	99 1f       	adc	r25, r25
    1768:	88 0f       	add	r24, r24
    176a:	99 1f       	adc	r25, r25
    176c:	88 0f       	add	r24, r24
    176e:	99 1f       	adc	r25, r25
    1770:	e8 0f       	add	r30, r24
    1772:	f9 1f       	adc	r31, r25
    1774:	e2 52       	subi	r30, 0x22	; 34
    1776:	f8 4f       	sbci	r31, 0xF8	; 248
    1778:	fb 87       	std	Y+11, r31	; 0x0b
    177a:	ea 87       	std	Y+10, r30	; 0x0a
    177c:	80 81       	ld	r24, Z
    177e:	8f 5f       	subi	r24, 0xFF	; 255
    1780:	80 83       	st	Z, r24
    1782:	80 91 02 08 	lds	r24, 0x0802	; 0x800802 <pxCurrentTCB>
    1786:	90 91 03 08 	lds	r25, 0x0803	; 0x800803 <pxCurrentTCB+0x1>
    178a:	0f 90       	pop	r0
    178c:	0f be       	out	0x3f, r0	; 63
    178e:	df 91       	pop	r29
    1790:	cf 91       	pop	r28
    1792:	1f 91       	pop	r17
    1794:	0f 91       	pop	r16
    1796:	08 95       	ret

00001798 <vTaskStartScheduler>:
    1798:	ef 92       	push	r14
    179a:	ff 92       	push	r15
    179c:	0f 93       	push	r16
    179e:	0f 2e       	mov	r0, r31
    17a0:	fe e9       	ldi	r31, 0x9E	; 158
    17a2:	ef 2e       	mov	r14, r31
    17a4:	f7 e0       	ldi	r31, 0x07	; 7
    17a6:	ff 2e       	mov	r15, r31
    17a8:	f0 2d       	mov	r31, r0
    17aa:	00 e0       	ldi	r16, 0x00	; 0
    17ac:	20 e0       	ldi	r18, 0x00	; 0
    17ae:	30 e0       	ldi	r19, 0x00	; 0
    17b0:	45 e5       	ldi	r20, 0x55	; 85
    17b2:	50 e0       	ldi	r21, 0x00	; 0
    17b4:	64 e3       	ldi	r22, 0x34	; 52
    17b6:	71 e0       	ldi	r23, 0x01	; 1
    17b8:	85 e3       	ldi	r24, 0x35	; 53
    17ba:	9a e0       	ldi	r25, 0x0A	; 10
    17bc:	0e 94 bb 0a 	call	0x1576	; 0x1576 <xTaskCreate>
    17c0:	81 30       	cpi	r24, 0x01	; 1
    17c2:	11 f4       	brne	.+4      	; 0x17c8 <vTaskStartScheduler+0x30>
    17c4:	0e 94 eb 11 	call	0x23d6	; 0x23d6 <xTimerCreateTimerTask>
    17c8:	81 30       	cpi	r24, 0x01	; 1
    17ca:	81 f4       	brne	.+32     	; 0x17ec <vTaskStartScheduler+0x54>
    17cc:	f8 94       	cli
    17ce:	8f ef       	ldi	r24, 0xFF	; 255
    17d0:	9f ef       	ldi	r25, 0xFF	; 255
    17d2:	90 93 a1 07 	sts	0x07A1, r25	; 0x8007a1 <xNextTaskUnblockTime+0x1>
    17d6:	80 93 a0 07 	sts	0x07A0, r24	; 0x8007a0 <xNextTaskUnblockTime>
    17da:	81 e0       	ldi	r24, 0x01	; 1
    17dc:	80 93 a7 07 	sts	0x07A7, r24	; 0x8007a7 <xSchedulerRunning>
    17e0:	10 92 aa 07 	sts	0x07AA, r1	; 0x8007aa <xTickCount+0x1>
    17e4:	10 92 a9 07 	sts	0x07A9, r1	; 0x8007a9 <xTickCount>
    17e8:	0e 94 58 06 	call	0xcb0	; 0xcb0 <xPortStartScheduler>
    17ec:	80 91 65 00 	lds	r24, 0x0065	; 0x800065 <uxTopUsedPriority>
    17f0:	0f 91       	pop	r16
    17f2:	ff 90       	pop	r15
    17f4:	ef 90       	pop	r14
    17f6:	08 95       	ret

000017f8 <vTaskSuspendAll>:
    17f8:	80 91 9d 07 	lds	r24, 0x079D	; 0x80079d <uxSchedulerSuspended>
    17fc:	8f 5f       	subi	r24, 0xFF	; 255
    17fe:	80 93 9d 07 	sts	0x079D, r24	; 0x80079d <uxSchedulerSuspended>
    1802:	08 95       	ret

00001804 <xTaskGetTickCount>:
    1804:	0f b6       	in	r0, 0x3f	; 63
    1806:	f8 94       	cli
    1808:	0f 92       	push	r0
    180a:	80 91 a9 07 	lds	r24, 0x07A9	; 0x8007a9 <xTickCount>
    180e:	90 91 aa 07 	lds	r25, 0x07AA	; 0x8007aa <xTickCount+0x1>
    1812:	0f 90       	pop	r0
    1814:	0f be       	out	0x3f, r0	; 63
    1816:	08 95       	ret

00001818 <xTaskIncrementTick>:
    1818:	0f 93       	push	r16
    181a:	1f 93       	push	r17
    181c:	cf 93       	push	r28
    181e:	df 93       	push	r29
    1820:	80 91 9d 07 	lds	r24, 0x079D	; 0x80079d <uxSchedulerSuspended>
    1824:	81 11       	cpse	r24, r1
    1826:	d8 c0       	rjmp	.+432    	; 0x19d8 <xTaskIncrementTick+0x1c0>
    1828:	c0 91 a9 07 	lds	r28, 0x07A9	; 0x8007a9 <xTickCount>
    182c:	d0 91 aa 07 	lds	r29, 0x07AA	; 0x8007aa <xTickCount+0x1>
    1830:	8e 01       	movw	r16, r28
    1832:	0f 5f       	subi	r16, 0xFF	; 255
    1834:	1f 4f       	sbci	r17, 0xFF	; 255
    1836:	10 93 aa 07 	sts	0x07AA, r17	; 0x8007aa <xTickCount+0x1>
    183a:	00 93 a9 07 	sts	0x07A9, r16	; 0x8007a9 <xTickCount>
    183e:	01 15       	cp	r16, r1
    1840:	11 05       	cpc	r17, r1
    1842:	b9 f4       	brne	.+46     	; 0x1872 <xTaskIncrementTick+0x5a>
    1844:	80 91 ca 07 	lds	r24, 0x07CA	; 0x8007ca <pxDelayedTaskList>
    1848:	90 91 cb 07 	lds	r25, 0x07CB	; 0x8007cb <pxDelayedTaskList+0x1>
    184c:	20 91 c8 07 	lds	r18, 0x07C8	; 0x8007c8 <pxOverflowDelayedTaskList>
    1850:	30 91 c9 07 	lds	r19, 0x07C9	; 0x8007c9 <pxOverflowDelayedTaskList+0x1>
    1854:	30 93 cb 07 	sts	0x07CB, r19	; 0x8007cb <pxDelayedTaskList+0x1>
    1858:	20 93 ca 07 	sts	0x07CA, r18	; 0x8007ca <pxDelayedTaskList>
    185c:	90 93 c9 07 	sts	0x07C9, r25	; 0x8007c9 <pxOverflowDelayedTaskList+0x1>
    1860:	80 93 c8 07 	sts	0x07C8, r24	; 0x8007c8 <pxOverflowDelayedTaskList>
    1864:	80 91 a3 07 	lds	r24, 0x07A3	; 0x8007a3 <xNumOfOverflows>
    1868:	8f 5f       	subi	r24, 0xFF	; 255
    186a:	80 93 a3 07 	sts	0x07A3, r24	; 0x8007a3 <xNumOfOverflows>
    186e:	0e 94 cf 08 	call	0x119e	; 0x119e <prvResetNextTaskUnblockTime>
    1872:	80 91 a0 07 	lds	r24, 0x07A0	; 0x8007a0 <xNextTaskUnblockTime>
    1876:	90 91 a1 07 	lds	r25, 0x07A1	; 0x8007a1 <xNextTaskUnblockTime+0x1>
    187a:	08 17       	cp	r16, r24
    187c:	19 07       	cpc	r17, r25
    187e:	08 f4       	brcc	.+2      	; 0x1882 <xTaskIncrementTick+0x6a>
    1880:	b4 c0       	rjmp	.+360    	; 0x19ea <xTaskIncrementTick+0x1d2>
    1882:	e0 91 ca 07 	lds	r30, 0x07CA	; 0x8007ca <pxDelayedTaskList>
    1886:	f0 91 cb 07 	lds	r31, 0x07CB	; 0x8007cb <pxDelayedTaskList+0x1>
    188a:	80 81       	ld	r24, Z
    188c:	81 11       	cpse	r24, r1
    188e:	07 c0       	rjmp	.+14     	; 0x189e <xTaskIncrementTick+0x86>
    1890:	8f ef       	ldi	r24, 0xFF	; 255
    1892:	9f ef       	ldi	r25, 0xFF	; 255
    1894:	90 93 a1 07 	sts	0x07A1, r25	; 0x8007a1 <xNextTaskUnblockTime+0x1>
    1898:	80 93 a0 07 	sts	0x07A0, r24	; 0x8007a0 <xNextTaskUnblockTime>
    189c:	a6 c0       	rjmp	.+332    	; 0x19ea <xTaskIncrementTick+0x1d2>
    189e:	e0 91 ca 07 	lds	r30, 0x07CA	; 0x8007ca <pxDelayedTaskList>
    18a2:	f0 91 cb 07 	lds	r31, 0x07CB	; 0x8007cb <pxDelayedTaskList+0x1>
    18a6:	05 80       	ldd	r0, Z+5	; 0x05
    18a8:	f6 81       	ldd	r31, Z+6	; 0x06
    18aa:	e0 2d       	mov	r30, r0
    18ac:	06 80       	ldd	r0, Z+6	; 0x06
    18ae:	f7 81       	ldd	r31, Z+7	; 0x07
    18b0:	e0 2d       	mov	r30, r0
    18b2:	82 81       	ldd	r24, Z+2	; 0x02
    18b4:	93 81       	ldd	r25, Z+3	; 0x03
    18b6:	08 17       	cp	r16, r24
    18b8:	19 07       	cpc	r17, r25
    18ba:	28 f4       	brcc	.+10     	; 0x18c6 <xTaskIncrementTick+0xae>
    18bc:	90 93 a1 07 	sts	0x07A1, r25	; 0x8007a1 <xNextTaskUnblockTime+0x1>
    18c0:	80 93 a0 07 	sts	0x07A0, r24	; 0x8007a0 <xNextTaskUnblockTime>
    18c4:	92 c0       	rjmp	.+292    	; 0x19ea <xTaskIncrementTick+0x1d2>
    18c6:	a2 85       	ldd	r26, Z+10	; 0x0a
    18c8:	b3 85       	ldd	r27, Z+11	; 0x0b
    18ca:	84 81       	ldd	r24, Z+4	; 0x04
    18cc:	95 81       	ldd	r25, Z+5	; 0x05
    18ce:	26 81       	ldd	r18, Z+6	; 0x06
    18d0:	37 81       	ldd	r19, Z+7	; 0x07
    18d2:	ec 01       	movw	r28, r24
    18d4:	3d 83       	std	Y+5, r19	; 0x05
    18d6:	2c 83       	std	Y+4, r18	; 0x04
    18d8:	86 81       	ldd	r24, Z+6	; 0x06
    18da:	97 81       	ldd	r25, Z+7	; 0x07
    18dc:	24 81       	ldd	r18, Z+4	; 0x04
    18de:	35 81       	ldd	r19, Z+5	; 0x05
    18e0:	ec 01       	movw	r28, r24
    18e2:	3b 83       	std	Y+3, r19	; 0x03
    18e4:	2a 83       	std	Y+2, r18	; 0x02
    18e6:	11 96       	adiw	r26, 0x01	; 1
    18e8:	8d 91       	ld	r24, X+
    18ea:	9c 91       	ld	r25, X
    18ec:	12 97       	sbiw	r26, 0x02	; 2
    18ee:	9f 01       	movw	r18, r30
    18f0:	2e 5f       	subi	r18, 0xFE	; 254
    18f2:	3f 4f       	sbci	r19, 0xFF	; 255
    18f4:	82 17       	cp	r24, r18
    18f6:	93 07       	cpc	r25, r19
    18f8:	31 f4       	brne	.+12     	; 0x1906 <xTaskIncrementTick+0xee>
    18fa:	86 81       	ldd	r24, Z+6	; 0x06
    18fc:	97 81       	ldd	r25, Z+7	; 0x07
    18fe:	12 96       	adiw	r26, 0x02	; 2
    1900:	9c 93       	st	X, r25
    1902:	8e 93       	st	-X, r24
    1904:	11 97       	sbiw	r26, 0x01	; 1
    1906:	13 86       	std	Z+11, r1	; 0x0b
    1908:	12 86       	std	Z+10, r1	; 0x0a
    190a:	8c 91       	ld	r24, X
    190c:	81 50       	subi	r24, 0x01	; 1
    190e:	8c 93       	st	X, r24
    1910:	a4 89       	ldd	r26, Z+20	; 0x14
    1912:	b5 89       	ldd	r27, Z+21	; 0x15
    1914:	10 97       	sbiw	r26, 0x00	; 0
    1916:	11 f1       	breq	.+68     	; 0x195c <xTaskIncrementTick+0x144>
    1918:	86 85       	ldd	r24, Z+14	; 0x0e
    191a:	97 85       	ldd	r25, Z+15	; 0x0f
    191c:	40 89       	ldd	r20, Z+16	; 0x10
    191e:	51 89       	ldd	r21, Z+17	; 0x11
    1920:	ec 01       	movw	r28, r24
    1922:	5d 83       	std	Y+5, r21	; 0x05
    1924:	4c 83       	std	Y+4, r20	; 0x04
    1926:	80 89       	ldd	r24, Z+16	; 0x10
    1928:	91 89       	ldd	r25, Z+17	; 0x11
    192a:	46 85       	ldd	r20, Z+14	; 0x0e
    192c:	57 85       	ldd	r21, Z+15	; 0x0f
    192e:	ec 01       	movw	r28, r24
    1930:	5b 83       	std	Y+3, r21	; 0x03
    1932:	4a 83       	std	Y+2, r20	; 0x02
    1934:	11 96       	adiw	r26, 0x01	; 1
    1936:	4d 91       	ld	r20, X+
    1938:	5c 91       	ld	r21, X
    193a:	12 97       	sbiw	r26, 0x02	; 2
    193c:	cf 01       	movw	r24, r30
    193e:	0c 96       	adiw	r24, 0x0c	; 12
    1940:	48 17       	cp	r20, r24
    1942:	59 07       	cpc	r21, r25
    1944:	31 f4       	brne	.+12     	; 0x1952 <xTaskIncrementTick+0x13a>
    1946:	80 89       	ldd	r24, Z+16	; 0x10
    1948:	91 89       	ldd	r25, Z+17	; 0x11
    194a:	12 96       	adiw	r26, 0x02	; 2
    194c:	9c 93       	st	X, r25
    194e:	8e 93       	st	-X, r24
    1950:	11 97       	sbiw	r26, 0x01	; 1
    1952:	15 8a       	std	Z+21, r1	; 0x15
    1954:	14 8a       	std	Z+20, r1	; 0x14
    1956:	8c 91       	ld	r24, X
    1958:	81 50       	subi	r24, 0x01	; 1
    195a:	8c 93       	st	X, r24
    195c:	86 89       	ldd	r24, Z+22	; 0x16
    195e:	90 91 a8 07 	lds	r25, 0x07A8	; 0x8007a8 <uxTopReadyPriority>
    1962:	98 17       	cp	r25, r24
    1964:	10 f4       	brcc	.+4      	; 0x196a <xTaskIncrementTick+0x152>
    1966:	80 93 a8 07 	sts	0x07A8, r24	; 0x8007a8 <uxTopReadyPriority>
    196a:	90 e0       	ldi	r25, 0x00	; 0
    196c:	dc 01       	movw	r26, r24
    196e:	aa 0f       	add	r26, r26
    1970:	bb 1f       	adc	r27, r27
    1972:	aa 0f       	add	r26, r26
    1974:	bb 1f       	adc	r27, r27
    1976:	aa 0f       	add	r26, r26
    1978:	bb 1f       	adc	r27, r27
    197a:	8a 0f       	add	r24, r26
    197c:	9b 1f       	adc	r25, r27
    197e:	dc 01       	movw	r26, r24
    1980:	a2 52       	subi	r26, 0x22	; 34
    1982:	b8 4f       	sbci	r27, 0xF8	; 248
    1984:	11 96       	adiw	r26, 0x01	; 1
    1986:	0d 90       	ld	r0, X+
    1988:	bc 91       	ld	r27, X
    198a:	a0 2d       	mov	r26, r0
    198c:	b5 83       	std	Z+5, r27	; 0x05
    198e:	a4 83       	std	Z+4, r26	; 0x04
    1990:	14 96       	adiw	r26, 0x04	; 4
    1992:	8d 91       	ld	r24, X+
    1994:	9c 91       	ld	r25, X
    1996:	15 97       	sbiw	r26, 0x05	; 5
    1998:	97 83       	std	Z+7, r25	; 0x07
    199a:	86 83       	std	Z+6, r24	; 0x06
    199c:	14 96       	adiw	r26, 0x04	; 4
    199e:	8d 91       	ld	r24, X+
    19a0:	9c 91       	ld	r25, X
    19a2:	15 97       	sbiw	r26, 0x05	; 5
    19a4:	ec 01       	movw	r28, r24
    19a6:	3b 83       	std	Y+3, r19	; 0x03
    19a8:	2a 83       	std	Y+2, r18	; 0x02
    19aa:	15 96       	adiw	r26, 0x05	; 5
    19ac:	3c 93       	st	X, r19
    19ae:	2e 93       	st	-X, r18
    19b0:	14 97       	sbiw	r26, 0x04	; 4
    19b2:	a6 89       	ldd	r26, Z+22	; 0x16
    19b4:	b0 e0       	ldi	r27, 0x00	; 0
    19b6:	cd 01       	movw	r24, r26
    19b8:	88 0f       	add	r24, r24
    19ba:	99 1f       	adc	r25, r25
    19bc:	88 0f       	add	r24, r24
    19be:	99 1f       	adc	r25, r25
    19c0:	88 0f       	add	r24, r24
    19c2:	99 1f       	adc	r25, r25
    19c4:	a8 0f       	add	r26, r24
    19c6:	b9 1f       	adc	r27, r25
    19c8:	a2 52       	subi	r26, 0x22	; 34
    19ca:	b8 4f       	sbci	r27, 0xF8	; 248
    19cc:	b3 87       	std	Z+11, r27	; 0x0b
    19ce:	a2 87       	std	Z+10, r26	; 0x0a
    19d0:	8c 91       	ld	r24, X
    19d2:	8f 5f       	subi	r24, 0xFF	; 255
    19d4:	8c 93       	st	X, r24
    19d6:	55 cf       	rjmp	.-342    	; 0x1882 <xTaskIncrementTick+0x6a>
    19d8:	80 91 a5 07 	lds	r24, 0x07A5	; 0x8007a5 <xPendedTicks>
    19dc:	90 91 a6 07 	lds	r25, 0x07A6	; 0x8007a6 <xPendedTicks+0x1>
    19e0:	01 96       	adiw	r24, 0x01	; 1
    19e2:	90 93 a6 07 	sts	0x07A6, r25	; 0x8007a6 <xPendedTicks+0x1>
    19e6:	80 93 a5 07 	sts	0x07A5, r24	; 0x8007a5 <xPendedTicks>
    19ea:	80 e0       	ldi	r24, 0x00	; 0
    19ec:	df 91       	pop	r29
    19ee:	cf 91       	pop	r28
    19f0:	1f 91       	pop	r17
    19f2:	0f 91       	pop	r16
    19f4:	08 95       	ret

000019f6 <xTaskResumeAll>:
    19f6:	cf 93       	push	r28
    19f8:	df 93       	push	r29
    19fa:	0f b6       	in	r0, 0x3f	; 63
    19fc:	f8 94       	cli
    19fe:	0f 92       	push	r0
    1a00:	80 91 9d 07 	lds	r24, 0x079D	; 0x80079d <uxSchedulerSuspended>
    1a04:	81 50       	subi	r24, 0x01	; 1
    1a06:	80 93 9d 07 	sts	0x079D, r24	; 0x80079d <uxSchedulerSuspended>
    1a0a:	80 91 9d 07 	lds	r24, 0x079D	; 0x80079d <uxSchedulerSuspended>
    1a0e:	81 11       	cpse	r24, r1
    1a10:	b9 c0       	rjmp	.+370    	; 0x1b84 <xTaskResumeAll+0x18e>
    1a12:	80 91 ab 07 	lds	r24, 0x07AB	; 0x8007ab <uxCurrentNumberOfTasks>
    1a16:	81 11       	cpse	r24, r1
    1a18:	96 c0       	rjmp	.+300    	; 0x1b46 <xTaskResumeAll+0x150>
    1a1a:	b4 c0       	rjmp	.+360    	; 0x1b84 <xTaskResumeAll+0x18e>
    1a1c:	e0 91 c4 07 	lds	r30, 0x07C4	; 0x8007c4 <xPendingReadyList+0x5>
    1a20:	f0 91 c5 07 	lds	r31, 0x07C5	; 0x8007c5 <xPendingReadyList+0x6>
    1a24:	06 80       	ldd	r0, Z+6	; 0x06
    1a26:	f7 81       	ldd	r31, Z+7	; 0x07
    1a28:	e0 2d       	mov	r30, r0
    1a2a:	a4 89       	ldd	r26, Z+20	; 0x14
    1a2c:	b5 89       	ldd	r27, Z+21	; 0x15
    1a2e:	c6 85       	ldd	r28, Z+14	; 0x0e
    1a30:	d7 85       	ldd	r29, Z+15	; 0x0f
    1a32:	80 89       	ldd	r24, Z+16	; 0x10
    1a34:	91 89       	ldd	r25, Z+17	; 0x11
    1a36:	9d 83       	std	Y+5, r25	; 0x05
    1a38:	8c 83       	std	Y+4, r24	; 0x04
    1a3a:	c0 89       	ldd	r28, Z+16	; 0x10
    1a3c:	d1 89       	ldd	r29, Z+17	; 0x11
    1a3e:	86 85       	ldd	r24, Z+14	; 0x0e
    1a40:	97 85       	ldd	r25, Z+15	; 0x0f
    1a42:	9b 83       	std	Y+3, r25	; 0x03
    1a44:	8a 83       	std	Y+2, r24	; 0x02
    1a46:	11 96       	adiw	r26, 0x01	; 1
    1a48:	2d 91       	ld	r18, X+
    1a4a:	3c 91       	ld	r19, X
    1a4c:	12 97       	sbiw	r26, 0x02	; 2
    1a4e:	cf 01       	movw	r24, r30
    1a50:	0c 96       	adiw	r24, 0x0c	; 12
    1a52:	28 17       	cp	r18, r24
    1a54:	39 07       	cpc	r19, r25
    1a56:	31 f4       	brne	.+12     	; 0x1a64 <xTaskResumeAll+0x6e>
    1a58:	80 89       	ldd	r24, Z+16	; 0x10
    1a5a:	91 89       	ldd	r25, Z+17	; 0x11
    1a5c:	12 96       	adiw	r26, 0x02	; 2
    1a5e:	9c 93       	st	X, r25
    1a60:	8e 93       	st	-X, r24
    1a62:	11 97       	sbiw	r26, 0x01	; 1
    1a64:	15 8a       	std	Z+21, r1	; 0x15
    1a66:	14 8a       	std	Z+20, r1	; 0x14
    1a68:	8c 91       	ld	r24, X
    1a6a:	81 50       	subi	r24, 0x01	; 1
    1a6c:	8c 93       	st	X, r24
    1a6e:	a2 85       	ldd	r26, Z+10	; 0x0a
    1a70:	b3 85       	ldd	r27, Z+11	; 0x0b
    1a72:	c4 81       	ldd	r28, Z+4	; 0x04
    1a74:	d5 81       	ldd	r29, Z+5	; 0x05
    1a76:	86 81       	ldd	r24, Z+6	; 0x06
    1a78:	97 81       	ldd	r25, Z+7	; 0x07
    1a7a:	9d 83       	std	Y+5, r25	; 0x05
    1a7c:	8c 83       	std	Y+4, r24	; 0x04
    1a7e:	c6 81       	ldd	r28, Z+6	; 0x06
    1a80:	d7 81       	ldd	r29, Z+7	; 0x07
    1a82:	84 81       	ldd	r24, Z+4	; 0x04
    1a84:	95 81       	ldd	r25, Z+5	; 0x05
    1a86:	9b 83       	std	Y+3, r25	; 0x03
    1a88:	8a 83       	std	Y+2, r24	; 0x02
    1a8a:	11 96       	adiw	r26, 0x01	; 1
    1a8c:	8d 91       	ld	r24, X+
    1a8e:	9c 91       	ld	r25, X
    1a90:	12 97       	sbiw	r26, 0x02	; 2
    1a92:	9f 01       	movw	r18, r30
    1a94:	2e 5f       	subi	r18, 0xFE	; 254
    1a96:	3f 4f       	sbci	r19, 0xFF	; 255
    1a98:	82 17       	cp	r24, r18
    1a9a:	93 07       	cpc	r25, r19
    1a9c:	31 f4       	brne	.+12     	; 0x1aaa <xTaskResumeAll+0xb4>
    1a9e:	86 81       	ldd	r24, Z+6	; 0x06
    1aa0:	97 81       	ldd	r25, Z+7	; 0x07
    1aa2:	12 96       	adiw	r26, 0x02	; 2
    1aa4:	9c 93       	st	X, r25
    1aa6:	8e 93       	st	-X, r24
    1aa8:	11 97       	sbiw	r26, 0x01	; 1
    1aaa:	13 86       	std	Z+11, r1	; 0x0b
    1aac:	12 86       	std	Z+10, r1	; 0x0a
    1aae:	8c 91       	ld	r24, X
    1ab0:	81 50       	subi	r24, 0x01	; 1
    1ab2:	8c 93       	st	X, r24
    1ab4:	86 89       	ldd	r24, Z+22	; 0x16
    1ab6:	90 91 a8 07 	lds	r25, 0x07A8	; 0x8007a8 <uxTopReadyPriority>
    1aba:	98 17       	cp	r25, r24
    1abc:	10 f4       	brcc	.+4      	; 0x1ac2 <xTaskResumeAll+0xcc>
    1abe:	80 93 a8 07 	sts	0x07A8, r24	; 0x8007a8 <uxTopReadyPriority>
    1ac2:	90 e0       	ldi	r25, 0x00	; 0
    1ac4:	dc 01       	movw	r26, r24
    1ac6:	aa 0f       	add	r26, r26
    1ac8:	bb 1f       	adc	r27, r27
    1aca:	aa 0f       	add	r26, r26
    1acc:	bb 1f       	adc	r27, r27
    1ace:	aa 0f       	add	r26, r26
    1ad0:	bb 1f       	adc	r27, r27
    1ad2:	8a 0f       	add	r24, r26
    1ad4:	9b 1f       	adc	r25, r27
    1ad6:	dc 01       	movw	r26, r24
    1ad8:	a2 52       	subi	r26, 0x22	; 34
    1ada:	b8 4f       	sbci	r27, 0xF8	; 248
    1adc:	11 96       	adiw	r26, 0x01	; 1
    1ade:	0d 90       	ld	r0, X+
    1ae0:	bc 91       	ld	r27, X
    1ae2:	a0 2d       	mov	r26, r0
    1ae4:	b5 83       	std	Z+5, r27	; 0x05
    1ae6:	a4 83       	std	Z+4, r26	; 0x04
    1ae8:	14 96       	adiw	r26, 0x04	; 4
    1aea:	8d 91       	ld	r24, X+
    1aec:	9c 91       	ld	r25, X
    1aee:	15 97       	sbiw	r26, 0x05	; 5
    1af0:	97 83       	std	Z+7, r25	; 0x07
    1af2:	86 83       	std	Z+6, r24	; 0x06
    1af4:	14 96       	adiw	r26, 0x04	; 4
    1af6:	cd 91       	ld	r28, X+
    1af8:	dc 91       	ld	r29, X
    1afa:	15 97       	sbiw	r26, 0x05	; 5
    1afc:	3b 83       	std	Y+3, r19	; 0x03
    1afe:	2a 83       	std	Y+2, r18	; 0x02
    1b00:	15 96       	adiw	r26, 0x05	; 5
    1b02:	3c 93       	st	X, r19
    1b04:	2e 93       	st	-X, r18
    1b06:	14 97       	sbiw	r26, 0x04	; 4
    1b08:	a6 89       	ldd	r26, Z+22	; 0x16
    1b0a:	b0 e0       	ldi	r27, 0x00	; 0
    1b0c:	cd 01       	movw	r24, r26
    1b0e:	88 0f       	add	r24, r24
    1b10:	99 1f       	adc	r25, r25
    1b12:	88 0f       	add	r24, r24
    1b14:	99 1f       	adc	r25, r25
    1b16:	88 0f       	add	r24, r24
    1b18:	99 1f       	adc	r25, r25
    1b1a:	a8 0f       	add	r26, r24
    1b1c:	b9 1f       	adc	r27, r25
    1b1e:	a2 52       	subi	r26, 0x22	; 34
    1b20:	b8 4f       	sbci	r27, 0xF8	; 248
    1b22:	b3 87       	std	Z+11, r27	; 0x0b
    1b24:	a2 87       	std	Z+10, r26	; 0x0a
    1b26:	8c 91       	ld	r24, X
    1b28:	8f 5f       	subi	r24, 0xFF	; 255
    1b2a:	8c 93       	st	X, r24
    1b2c:	96 89       	ldd	r25, Z+22	; 0x16
    1b2e:	a0 91 02 08 	lds	r26, 0x0802	; 0x800802 <pxCurrentTCB>
    1b32:	b0 91 03 08 	lds	r27, 0x0803	; 0x800803 <pxCurrentTCB+0x1>
    1b36:	56 96       	adiw	r26, 0x16	; 22
    1b38:	8c 91       	ld	r24, X
    1b3a:	98 17       	cp	r25, r24
    1b3c:	30 f0       	brcs	.+12     	; 0x1b4a <xTaskResumeAll+0x154>
    1b3e:	81 e0       	ldi	r24, 0x01	; 1
    1b40:	80 93 a4 07 	sts	0x07A4, r24	; 0x8007a4 <xYieldPending>
    1b44:	02 c0       	rjmp	.+4      	; 0x1b4a <xTaskResumeAll+0x154>
    1b46:	e0 e0       	ldi	r30, 0x00	; 0
    1b48:	f0 e0       	ldi	r31, 0x00	; 0
    1b4a:	80 91 bf 07 	lds	r24, 0x07BF	; 0x8007bf <xPendingReadyList>
    1b4e:	81 11       	cpse	r24, r1
    1b50:	65 cf       	rjmp	.-310    	; 0x1a1c <xTaskResumeAll+0x26>
    1b52:	ef 2b       	or	r30, r31
    1b54:	11 f0       	breq	.+4      	; 0x1b5a <xTaskResumeAll+0x164>
    1b56:	0e 94 cf 08 	call	0x119e	; 0x119e <prvResetNextTaskUnblockTime>
    1b5a:	c0 91 a5 07 	lds	r28, 0x07A5	; 0x8007a5 <xPendedTicks>
    1b5e:	d0 91 a6 07 	lds	r29, 0x07A6	; 0x8007a6 <xPendedTicks+0x1>
    1b62:	20 97       	sbiw	r28, 0x00	; 0
    1b64:	69 f0       	breq	.+26     	; 0x1b80 <xTaskResumeAll+0x18a>
    1b66:	0e 94 0c 0c 	call	0x1818	; 0x1818 <xTaskIncrementTick>
    1b6a:	88 23       	and	r24, r24
    1b6c:	19 f0       	breq	.+6      	; 0x1b74 <xTaskResumeAll+0x17e>
    1b6e:	81 e0       	ldi	r24, 0x01	; 1
    1b70:	80 93 a4 07 	sts	0x07A4, r24	; 0x8007a4 <xYieldPending>
    1b74:	21 97       	sbiw	r28, 0x01	; 1
    1b76:	b9 f7       	brne	.-18     	; 0x1b66 <xTaskResumeAll+0x170>
    1b78:	10 92 a6 07 	sts	0x07A6, r1	; 0x8007a6 <xPendedTicks+0x1>
    1b7c:	10 92 a5 07 	sts	0x07A5, r1	; 0x8007a5 <xPendedTicks>
    1b80:	80 91 a4 07 	lds	r24, 0x07A4	; 0x8007a4 <xYieldPending>
    1b84:	0f 90       	pop	r0
    1b86:	0f be       	out	0x3f, r0	; 63
    1b88:	80 e0       	ldi	r24, 0x00	; 0
    1b8a:	df 91       	pop	r29
    1b8c:	cf 91       	pop	r28
    1b8e:	08 95       	ret

00001b90 <vTaskDelay>:
    1b90:	cf 93       	push	r28
    1b92:	df 93       	push	r29
    1b94:	ec 01       	movw	r28, r24
    1b96:	89 2b       	or	r24, r25
    1b98:	49 f0       	breq	.+18     	; 0x1bac <vTaskDelay+0x1c>
    1b9a:	0e 94 fc 0b 	call	0x17f8	; 0x17f8 <vTaskSuspendAll>
    1b9e:	60 e0       	ldi	r22, 0x00	; 0
    1ba0:	ce 01       	movw	r24, r28
    1ba2:	0e 94 3a 0a 	call	0x1474	; 0x1474 <prvAddCurrentTaskToDelayedList>
    1ba6:	0e 94 fb 0c 	call	0x19f6	; 0x19f6 <xTaskResumeAll>
    1baa:	01 c0       	rjmp	.+2      	; 0x1bae <vTaskDelay+0x1e>
    1bac:	80 e0       	ldi	r24, 0x00	; 0
    1bae:	81 11       	cpse	r24, r1
    1bb0:	02 c0       	rjmp	.+4      	; 0x1bb6 <vTaskDelay+0x26>
    1bb2:	0e 94 87 06 	call	0xd0e	; 0xd0e <vPortYield>
    1bb6:	df 91       	pop	r29
    1bb8:	cf 91       	pop	r28
    1bba:	08 95       	ret

00001bbc <vTaskSwitchContext>:
    1bbc:	80 91 9d 07 	lds	r24, 0x079D	; 0x80079d <uxSchedulerSuspended>
    1bc0:	88 23       	and	r24, r24
    1bc2:	21 f0       	breq	.+8      	; 0x1bcc <vTaskSwitchContext+0x10>
    1bc4:	81 e0       	ldi	r24, 0x01	; 1
    1bc6:	80 93 a4 07 	sts	0x07A4, r24	; 0x8007a4 <xYieldPending>
    1bca:	08 95       	ret
    1bcc:	10 92 a4 07 	sts	0x07A4, r1	; 0x8007a4 <xYieldPending>
    1bd0:	20 91 a8 07 	lds	r18, 0x07A8	; 0x8007a8 <uxTopReadyPriority>
    1bd4:	01 c0       	rjmp	.+2      	; 0x1bd8 <vTaskSwitchContext+0x1c>
    1bd6:	21 50       	subi	r18, 0x01	; 1
    1bd8:	82 2f       	mov	r24, r18
    1bda:	90 e0       	ldi	r25, 0x00	; 0
    1bdc:	fc 01       	movw	r30, r24
    1bde:	ee 0f       	add	r30, r30
    1be0:	ff 1f       	adc	r31, r31
    1be2:	ee 0f       	add	r30, r30
    1be4:	ff 1f       	adc	r31, r31
    1be6:	ee 0f       	add	r30, r30
    1be8:	ff 1f       	adc	r31, r31
    1bea:	e8 0f       	add	r30, r24
    1bec:	f9 1f       	adc	r31, r25
    1bee:	e2 52       	subi	r30, 0x22	; 34
    1bf0:	f8 4f       	sbci	r31, 0xF8	; 248
    1bf2:	30 81       	ld	r19, Z
    1bf4:	33 23       	and	r19, r19
    1bf6:	79 f3       	breq	.-34     	; 0x1bd6 <vTaskSwitchContext+0x1a>
    1bf8:	ac 01       	movw	r20, r24
    1bfa:	44 0f       	add	r20, r20
    1bfc:	55 1f       	adc	r21, r21
    1bfe:	44 0f       	add	r20, r20
    1c00:	55 1f       	adc	r21, r21
    1c02:	44 0f       	add	r20, r20
    1c04:	55 1f       	adc	r21, r21
    1c06:	48 0f       	add	r20, r24
    1c08:	59 1f       	adc	r21, r25
    1c0a:	df 01       	movw	r26, r30
    1c0c:	01 80       	ldd	r0, Z+1	; 0x01
    1c0e:	f2 81       	ldd	r31, Z+2	; 0x02
    1c10:	e0 2d       	mov	r30, r0
    1c12:	02 80       	ldd	r0, Z+2	; 0x02
    1c14:	f3 81       	ldd	r31, Z+3	; 0x03
    1c16:	e0 2d       	mov	r30, r0
    1c18:	12 96       	adiw	r26, 0x02	; 2
    1c1a:	fc 93       	st	X, r31
    1c1c:	ee 93       	st	-X, r30
    1c1e:	11 97       	sbiw	r26, 0x01	; 1
    1c20:	4f 51       	subi	r20, 0x1F	; 31
    1c22:	58 4f       	sbci	r21, 0xF8	; 248
    1c24:	e4 17       	cp	r30, r20
    1c26:	f5 07       	cpc	r31, r21
    1c28:	29 f4       	brne	.+10     	; 0x1c34 <vTaskSwitchContext+0x78>
    1c2a:	42 81       	ldd	r20, Z+2	; 0x02
    1c2c:	53 81       	ldd	r21, Z+3	; 0x03
    1c2e:	fd 01       	movw	r30, r26
    1c30:	52 83       	std	Z+2, r21	; 0x02
    1c32:	41 83       	std	Z+1, r20	; 0x01
    1c34:	fc 01       	movw	r30, r24
    1c36:	ee 0f       	add	r30, r30
    1c38:	ff 1f       	adc	r31, r31
    1c3a:	ee 0f       	add	r30, r30
    1c3c:	ff 1f       	adc	r31, r31
    1c3e:	ee 0f       	add	r30, r30
    1c40:	ff 1f       	adc	r31, r31
    1c42:	8e 0f       	add	r24, r30
    1c44:	9f 1f       	adc	r25, r31
    1c46:	fc 01       	movw	r30, r24
    1c48:	e2 52       	subi	r30, 0x22	; 34
    1c4a:	f8 4f       	sbci	r31, 0xF8	; 248
    1c4c:	01 80       	ldd	r0, Z+1	; 0x01
    1c4e:	f2 81       	ldd	r31, Z+2	; 0x02
    1c50:	e0 2d       	mov	r30, r0
    1c52:	86 81       	ldd	r24, Z+6	; 0x06
    1c54:	97 81       	ldd	r25, Z+7	; 0x07
    1c56:	90 93 03 08 	sts	0x0803, r25	; 0x800803 <pxCurrentTCB+0x1>
    1c5a:	80 93 02 08 	sts	0x0802, r24	; 0x800802 <pxCurrentTCB>
    1c5e:	20 93 a8 07 	sts	0x07A8, r18	; 0x8007a8 <uxTopReadyPriority>
    1c62:	08 95       	ret

00001c64 <vTaskSuspend>:
    1c64:	0f 93       	push	r16
    1c66:	1f 93       	push	r17
    1c68:	cf 93       	push	r28
    1c6a:	df 93       	push	r29
    1c6c:	ec 01       	movw	r28, r24
    1c6e:	0f b6       	in	r0, 0x3f	; 63
    1c70:	f8 94       	cli
    1c72:	0f 92       	push	r0
    1c74:	89 2b       	or	r24, r25
    1c76:	21 f4       	brne	.+8      	; 0x1c80 <vTaskSuspend+0x1c>
    1c78:	c0 91 02 08 	lds	r28, 0x0802	; 0x800802 <pxCurrentTCB>
    1c7c:	d0 91 03 08 	lds	r29, 0x0803	; 0x800803 <pxCurrentTCB+0x1>
    1c80:	8e 01       	movw	r16, r28
    1c82:	0e 5f       	subi	r16, 0xFE	; 254
    1c84:	1f 4f       	sbci	r17, 0xFF	; 255
    1c86:	c8 01       	movw	r24, r16
    1c88:	0e 94 bc 05 	call	0xb78	; 0xb78 <uxListRemove>
    1c8c:	8c 89       	ldd	r24, Y+20	; 0x14
    1c8e:	9d 89       	ldd	r25, Y+21	; 0x15
    1c90:	89 2b       	or	r24, r25
    1c92:	21 f0       	breq	.+8      	; 0x1c9c <vTaskSuspend+0x38>
    1c94:	ce 01       	movw	r24, r28
    1c96:	0c 96       	adiw	r24, 0x0c	; 12
    1c98:	0e 94 bc 05 	call	0xb78	; 0xb78 <uxListRemove>
    1c9c:	b8 01       	movw	r22, r16
    1c9e:	8c ea       	ldi	r24, 0xAC	; 172
    1ca0:	97 e0       	ldi	r25, 0x07	; 7
    1ca2:	0e 94 6a 05 	call	0xad4	; 0xad4 <vListInsertEnd>
    1ca6:	80 e0       	ldi	r24, 0x00	; 0
    1ca8:	0f c0       	rjmp	.+30     	; 0x1cc8 <vTaskSuspend+0x64>
    1caa:	28 2f       	mov	r18, r24
    1cac:	08 2e       	mov	r0, r24
    1cae:	00 0c       	add	r0, r0
    1cb0:	33 0b       	sbc	r19, r19
    1cb2:	fe 01       	movw	r30, r28
    1cb4:	e2 0f       	add	r30, r18
    1cb6:	f3 1f       	adc	r31, r19
    1cb8:	95 a1       	ldd	r25, Z+37	; 0x25
    1cba:	91 30       	cpi	r25, 0x01	; 1
    1cbc:	21 f4       	brne	.+8      	; 0x1cc6 <vTaskSuspend+0x62>
    1cbe:	fe 01       	movw	r30, r28
    1cc0:	e2 0f       	add	r30, r18
    1cc2:	f3 1f       	adc	r31, r19
    1cc4:	15 a2       	std	Z+37, r1	; 0x25
    1cc6:	8f 5f       	subi	r24, 0xFF	; 255
    1cc8:	18 16       	cp	r1, r24
    1cca:	7c f7       	brge	.-34     	; 0x1caa <vTaskSuspend+0x46>
    1ccc:	0f 90       	pop	r0
    1cce:	0f be       	out	0x3f, r0	; 63
    1cd0:	80 91 a7 07 	lds	r24, 0x07A7	; 0x8007a7 <xSchedulerRunning>
    1cd4:	88 23       	and	r24, r24
    1cd6:	39 f0       	breq	.+14     	; 0x1ce6 <vTaskSuspend+0x82>
    1cd8:	0f b6       	in	r0, 0x3f	; 63
    1cda:	f8 94       	cli
    1cdc:	0f 92       	push	r0
    1cde:	0e 94 cf 08 	call	0x119e	; 0x119e <prvResetNextTaskUnblockTime>
    1ce2:	0f 90       	pop	r0
    1ce4:	0f be       	out	0x3f, r0	; 63
    1ce6:	80 91 02 08 	lds	r24, 0x0802	; 0x800802 <pxCurrentTCB>
    1cea:	90 91 03 08 	lds	r25, 0x0803	; 0x800803 <pxCurrentTCB+0x1>
    1cee:	c8 17       	cp	r28, r24
    1cf0:	d9 07       	cpc	r29, r25
    1cf2:	a1 f4       	brne	.+40     	; 0x1d1c <vTaskSuspend+0xb8>
    1cf4:	80 91 a7 07 	lds	r24, 0x07A7	; 0x8007a7 <xSchedulerRunning>
    1cf8:	88 23       	and	r24, r24
    1cfa:	19 f0       	breq	.+6      	; 0x1d02 <vTaskSuspend+0x9e>
    1cfc:	0e 94 87 06 	call	0xd0e	; 0xd0e <vPortYield>
    1d00:	0d c0       	rjmp	.+26     	; 0x1d1c <vTaskSuspend+0xb8>
    1d02:	90 91 ac 07 	lds	r25, 0x07AC	; 0x8007ac <xSuspendedTaskList>
    1d06:	80 91 ab 07 	lds	r24, 0x07AB	; 0x8007ab <uxCurrentNumberOfTasks>
    1d0a:	98 13       	cpse	r25, r24
    1d0c:	05 c0       	rjmp	.+10     	; 0x1d18 <vTaskSuspend+0xb4>
    1d0e:	10 92 03 08 	sts	0x0803, r1	; 0x800803 <pxCurrentTCB+0x1>
    1d12:	10 92 02 08 	sts	0x0802, r1	; 0x800802 <pxCurrentTCB>
    1d16:	02 c0       	rjmp	.+4      	; 0x1d1c <vTaskSuspend+0xb8>
    1d18:	0e 94 de 0d 	call	0x1bbc	; 0x1bbc <vTaskSwitchContext>
    1d1c:	df 91       	pop	r29
    1d1e:	cf 91       	pop	r28
    1d20:	1f 91       	pop	r17
    1d22:	0f 91       	pop	r16
    1d24:	08 95       	ret

00001d26 <vTaskPlaceOnEventList>:
    1d26:	cf 93       	push	r28
    1d28:	df 93       	push	r29
    1d2a:	eb 01       	movw	r28, r22
    1d2c:	60 91 02 08 	lds	r22, 0x0802	; 0x800802 <pxCurrentTCB>
    1d30:	70 91 03 08 	lds	r23, 0x0803	; 0x800803 <pxCurrentTCB+0x1>
    1d34:	64 5f       	subi	r22, 0xF4	; 244
    1d36:	7f 4f       	sbci	r23, 0xFF	; 255
    1d38:	0e 94 8b 05 	call	0xb16	; 0xb16 <vListInsert>
    1d3c:	61 e0       	ldi	r22, 0x01	; 1
    1d3e:	ce 01       	movw	r24, r28
    1d40:	0e 94 3a 0a 	call	0x1474	; 0x1474 <prvAddCurrentTaskToDelayedList>
    1d44:	df 91       	pop	r29
    1d46:	cf 91       	pop	r28
    1d48:	08 95       	ret

00001d4a <vTaskPlaceOnEventListRestricted>:
    1d4a:	0f 93       	push	r16
    1d4c:	1f 93       	push	r17
    1d4e:	cf 93       	push	r28
    1d50:	df 93       	push	r29
    1d52:	fc 01       	movw	r30, r24
    1d54:	8b 01       	movw	r16, r22
    1d56:	a1 81       	ldd	r26, Z+1	; 0x01
    1d58:	b2 81       	ldd	r27, Z+2	; 0x02
    1d5a:	80 91 02 08 	lds	r24, 0x0802	; 0x800802 <pxCurrentTCB>
    1d5e:	90 91 03 08 	lds	r25, 0x0803	; 0x800803 <pxCurrentTCB+0x1>
    1d62:	ec 01       	movw	r28, r24
    1d64:	bf 87       	std	Y+15, r27	; 0x0f
    1d66:	ae 87       	std	Y+14, r26	; 0x0e
    1d68:	80 91 02 08 	lds	r24, 0x0802	; 0x800802 <pxCurrentTCB>
    1d6c:	90 91 03 08 	lds	r25, 0x0803	; 0x800803 <pxCurrentTCB+0x1>
    1d70:	14 96       	adiw	r26, 0x04	; 4
    1d72:	2d 91       	ld	r18, X+
    1d74:	3c 91       	ld	r19, X
    1d76:	15 97       	sbiw	r26, 0x05	; 5
    1d78:	ec 01       	movw	r28, r24
    1d7a:	39 8b       	std	Y+17, r19	; 0x11
    1d7c:	28 8b       	std	Y+16, r18	; 0x10
    1d7e:	14 96       	adiw	r26, 0x04	; 4
    1d80:	8d 91       	ld	r24, X+
    1d82:	9c 91       	ld	r25, X
    1d84:	15 97       	sbiw	r26, 0x05	; 5
    1d86:	20 91 02 08 	lds	r18, 0x0802	; 0x800802 <pxCurrentTCB>
    1d8a:	30 91 03 08 	lds	r19, 0x0803	; 0x800803 <pxCurrentTCB+0x1>
    1d8e:	24 5f       	subi	r18, 0xF4	; 244
    1d90:	3f 4f       	sbci	r19, 0xFF	; 255
    1d92:	ec 01       	movw	r28, r24
    1d94:	3b 83       	std	Y+3, r19	; 0x03
    1d96:	2a 83       	std	Y+2, r18	; 0x02
    1d98:	20 91 02 08 	lds	r18, 0x0802	; 0x800802 <pxCurrentTCB>
    1d9c:	30 91 03 08 	lds	r19, 0x0803	; 0x800803 <pxCurrentTCB+0x1>
    1da0:	24 5f       	subi	r18, 0xF4	; 244
    1da2:	3f 4f       	sbci	r19, 0xFF	; 255
    1da4:	15 96       	adiw	r26, 0x05	; 5
    1da6:	3c 93       	st	X, r19
    1da8:	2e 93       	st	-X, r18
    1daa:	14 97       	sbiw	r26, 0x04	; 4
    1dac:	a0 91 02 08 	lds	r26, 0x0802	; 0x800802 <pxCurrentTCB>
    1db0:	b0 91 03 08 	lds	r27, 0x0803	; 0x800803 <pxCurrentTCB+0x1>
    1db4:	55 96       	adiw	r26, 0x15	; 21
    1db6:	fc 93       	st	X, r31
    1db8:	ee 93       	st	-X, r30
    1dba:	54 97       	sbiw	r26, 0x14	; 20
    1dbc:	90 81       	ld	r25, Z
    1dbe:	9f 5f       	subi	r25, 0xFF	; 255
    1dc0:	90 83       	st	Z, r25
    1dc2:	44 23       	and	r20, r20
    1dc4:	11 f0       	breq	.+4      	; 0x1dca <vTaskPlaceOnEventListRestricted+0x80>
    1dc6:	0f ef       	ldi	r16, 0xFF	; 255
    1dc8:	1f ef       	ldi	r17, 0xFF	; 255
    1dca:	64 2f       	mov	r22, r20
    1dcc:	c8 01       	movw	r24, r16
    1dce:	0e 94 3a 0a 	call	0x1474	; 0x1474 <prvAddCurrentTaskToDelayedList>
    1dd2:	df 91       	pop	r29
    1dd4:	cf 91       	pop	r28
    1dd6:	1f 91       	pop	r17
    1dd8:	0f 91       	pop	r16
    1dda:	08 95       	ret

00001ddc <xTaskRemoveFromEventList>:
    1ddc:	cf 93       	push	r28
    1dde:	df 93       	push	r29
    1de0:	dc 01       	movw	r26, r24
    1de2:	15 96       	adiw	r26, 0x05	; 5
    1de4:	ed 91       	ld	r30, X+
    1de6:	fc 91       	ld	r31, X
    1de8:	16 97       	sbiw	r26, 0x06	; 6
    1dea:	06 80       	ldd	r0, Z+6	; 0x06
    1dec:	f7 81       	ldd	r31, Z+7	; 0x07
    1dee:	e0 2d       	mov	r30, r0
    1df0:	a4 89       	ldd	r26, Z+20	; 0x14
    1df2:	b5 89       	ldd	r27, Z+21	; 0x15
    1df4:	c6 85       	ldd	r28, Z+14	; 0x0e
    1df6:	d7 85       	ldd	r29, Z+15	; 0x0f
    1df8:	80 89       	ldd	r24, Z+16	; 0x10
    1dfa:	91 89       	ldd	r25, Z+17	; 0x11
    1dfc:	9d 83       	std	Y+5, r25	; 0x05
    1dfe:	8c 83       	std	Y+4, r24	; 0x04
    1e00:	c0 89       	ldd	r28, Z+16	; 0x10
    1e02:	d1 89       	ldd	r29, Z+17	; 0x11
    1e04:	86 85       	ldd	r24, Z+14	; 0x0e
    1e06:	97 85       	ldd	r25, Z+15	; 0x0f
    1e08:	9b 83       	std	Y+3, r25	; 0x03
    1e0a:	8a 83       	std	Y+2, r24	; 0x02
    1e0c:	11 96       	adiw	r26, 0x01	; 1
    1e0e:	8d 91       	ld	r24, X+
    1e10:	9c 91       	ld	r25, X
    1e12:	12 97       	sbiw	r26, 0x02	; 2
    1e14:	9f 01       	movw	r18, r30
    1e16:	24 5f       	subi	r18, 0xF4	; 244
    1e18:	3f 4f       	sbci	r19, 0xFF	; 255
    1e1a:	82 17       	cp	r24, r18
    1e1c:	93 07       	cpc	r25, r19
    1e1e:	31 f4       	brne	.+12     	; 0x1e2c <xTaskRemoveFromEventList+0x50>
    1e20:	80 89       	ldd	r24, Z+16	; 0x10
    1e22:	91 89       	ldd	r25, Z+17	; 0x11
    1e24:	12 96       	adiw	r26, 0x02	; 2
    1e26:	9c 93       	st	X, r25
    1e28:	8e 93       	st	-X, r24
    1e2a:	11 97       	sbiw	r26, 0x01	; 1
    1e2c:	15 8a       	std	Z+21, r1	; 0x15
    1e2e:	14 8a       	std	Z+20, r1	; 0x14
    1e30:	8c 91       	ld	r24, X
    1e32:	81 50       	subi	r24, 0x01	; 1
    1e34:	8c 93       	st	X, r24
    1e36:	80 91 9d 07 	lds	r24, 0x079D	; 0x80079d <uxSchedulerSuspended>
    1e3a:	81 11       	cpse	r24, r1
    1e3c:	60 c0       	rjmp	.+192    	; 0x1efe <xTaskRemoveFromEventList+0x122>
    1e3e:	a2 85       	ldd	r26, Z+10	; 0x0a
    1e40:	b3 85       	ldd	r27, Z+11	; 0x0b
    1e42:	c4 81       	ldd	r28, Z+4	; 0x04
    1e44:	d5 81       	ldd	r29, Z+5	; 0x05
    1e46:	86 81       	ldd	r24, Z+6	; 0x06
    1e48:	97 81       	ldd	r25, Z+7	; 0x07
    1e4a:	9d 83       	std	Y+5, r25	; 0x05
    1e4c:	8c 83       	std	Y+4, r24	; 0x04
    1e4e:	c6 81       	ldd	r28, Z+6	; 0x06
    1e50:	d7 81       	ldd	r29, Z+7	; 0x07
    1e52:	84 81       	ldd	r24, Z+4	; 0x04
    1e54:	95 81       	ldd	r25, Z+5	; 0x05
    1e56:	9b 83       	std	Y+3, r25	; 0x03
    1e58:	8a 83       	std	Y+2, r24	; 0x02
    1e5a:	11 96       	adiw	r26, 0x01	; 1
    1e5c:	8d 91       	ld	r24, X+
    1e5e:	9c 91       	ld	r25, X
    1e60:	12 97       	sbiw	r26, 0x02	; 2
    1e62:	9f 01       	movw	r18, r30
    1e64:	2e 5f       	subi	r18, 0xFE	; 254
    1e66:	3f 4f       	sbci	r19, 0xFF	; 255
    1e68:	82 17       	cp	r24, r18
    1e6a:	93 07       	cpc	r25, r19
    1e6c:	31 f4       	brne	.+12     	; 0x1e7a <xTaskRemoveFromEventList+0x9e>
    1e6e:	86 81       	ldd	r24, Z+6	; 0x06
    1e70:	97 81       	ldd	r25, Z+7	; 0x07
    1e72:	12 96       	adiw	r26, 0x02	; 2
    1e74:	9c 93       	st	X, r25
    1e76:	8e 93       	st	-X, r24
    1e78:	11 97       	sbiw	r26, 0x01	; 1
    1e7a:	13 86       	std	Z+11, r1	; 0x0b
    1e7c:	12 86       	std	Z+10, r1	; 0x0a
    1e7e:	8c 91       	ld	r24, X
    1e80:	81 50       	subi	r24, 0x01	; 1
    1e82:	8c 93       	st	X, r24
    1e84:	86 89       	ldd	r24, Z+22	; 0x16
    1e86:	90 91 a8 07 	lds	r25, 0x07A8	; 0x8007a8 <uxTopReadyPriority>
    1e8a:	98 17       	cp	r25, r24
    1e8c:	10 f4       	brcc	.+4      	; 0x1e92 <xTaskRemoveFromEventList+0xb6>
    1e8e:	80 93 a8 07 	sts	0x07A8, r24	; 0x8007a8 <uxTopReadyPriority>
    1e92:	90 e0       	ldi	r25, 0x00	; 0
    1e94:	dc 01       	movw	r26, r24
    1e96:	aa 0f       	add	r26, r26
    1e98:	bb 1f       	adc	r27, r27
    1e9a:	aa 0f       	add	r26, r26
    1e9c:	bb 1f       	adc	r27, r27
    1e9e:	aa 0f       	add	r26, r26
    1ea0:	bb 1f       	adc	r27, r27
    1ea2:	8a 0f       	add	r24, r26
    1ea4:	9b 1f       	adc	r25, r27
    1ea6:	dc 01       	movw	r26, r24
    1ea8:	a2 52       	subi	r26, 0x22	; 34
    1eaa:	b8 4f       	sbci	r27, 0xF8	; 248
    1eac:	11 96       	adiw	r26, 0x01	; 1
    1eae:	0d 90       	ld	r0, X+
    1eb0:	bc 91       	ld	r27, X
    1eb2:	a0 2d       	mov	r26, r0
    1eb4:	b5 83       	std	Z+5, r27	; 0x05
    1eb6:	a4 83       	std	Z+4, r26	; 0x04
    1eb8:	14 96       	adiw	r26, 0x04	; 4
    1eba:	8d 91       	ld	r24, X+
    1ebc:	9c 91       	ld	r25, X
    1ebe:	15 97       	sbiw	r26, 0x05	; 5
    1ec0:	97 83       	std	Z+7, r25	; 0x07
    1ec2:	86 83       	std	Z+6, r24	; 0x06
    1ec4:	14 96       	adiw	r26, 0x04	; 4
    1ec6:	cd 91       	ld	r28, X+
    1ec8:	dc 91       	ld	r29, X
    1eca:	15 97       	sbiw	r26, 0x05	; 5
    1ecc:	3b 83       	std	Y+3, r19	; 0x03
    1ece:	2a 83       	std	Y+2, r18	; 0x02
    1ed0:	15 96       	adiw	r26, 0x05	; 5
    1ed2:	3c 93       	st	X, r19
    1ed4:	2e 93       	st	-X, r18
    1ed6:	14 97       	sbiw	r26, 0x04	; 4
    1ed8:	a6 89       	ldd	r26, Z+22	; 0x16
    1eda:	b0 e0       	ldi	r27, 0x00	; 0
    1edc:	cd 01       	movw	r24, r26
    1ede:	88 0f       	add	r24, r24
    1ee0:	99 1f       	adc	r25, r25
    1ee2:	88 0f       	add	r24, r24
    1ee4:	99 1f       	adc	r25, r25
    1ee6:	88 0f       	add	r24, r24
    1ee8:	99 1f       	adc	r25, r25
    1eea:	a8 0f       	add	r26, r24
    1eec:	b9 1f       	adc	r27, r25
    1eee:	a2 52       	subi	r26, 0x22	; 34
    1ef0:	b8 4f       	sbci	r27, 0xF8	; 248
    1ef2:	b3 87       	std	Z+11, r27	; 0x0b
    1ef4:	a2 87       	std	Z+10, r26	; 0x0a
    1ef6:	8c 91       	ld	r24, X
    1ef8:	8f 5f       	subi	r24, 0xFF	; 255
    1efa:	8c 93       	st	X, r24
    1efc:	1c c0       	rjmp	.+56     	; 0x1f36 <xTaskRemoveFromEventList+0x15a>
    1efe:	4f eb       	ldi	r20, 0xBF	; 191
    1f00:	57 e0       	ldi	r21, 0x07	; 7
    1f02:	da 01       	movw	r26, r20
    1f04:	11 96       	adiw	r26, 0x01	; 1
    1f06:	cd 91       	ld	r28, X+
    1f08:	dc 91       	ld	r29, X
    1f0a:	12 97       	sbiw	r26, 0x02	; 2
    1f0c:	d7 87       	std	Z+15, r29	; 0x0f
    1f0e:	c6 87       	std	Z+14, r28	; 0x0e
    1f10:	8c 81       	ldd	r24, Y+4	; 0x04
    1f12:	9d 81       	ldd	r25, Y+5	; 0x05
    1f14:	91 8b       	std	Z+17, r25	; 0x11
    1f16:	80 8b       	std	Z+16, r24	; 0x10
    1f18:	8c 81       	ldd	r24, Y+4	; 0x04
    1f1a:	9d 81       	ldd	r25, Y+5	; 0x05
    1f1c:	dc 01       	movw	r26, r24
    1f1e:	13 96       	adiw	r26, 0x03	; 3
    1f20:	3c 93       	st	X, r19
    1f22:	2e 93       	st	-X, r18
    1f24:	12 97       	sbiw	r26, 0x02	; 2
    1f26:	3d 83       	std	Y+5, r19	; 0x05
    1f28:	2c 83       	std	Y+4, r18	; 0x04
    1f2a:	55 8b       	std	Z+21, r21	; 0x15
    1f2c:	44 8b       	std	Z+20, r20	; 0x14
    1f2e:	da 01       	movw	r26, r20
    1f30:	8c 91       	ld	r24, X
    1f32:	8f 5f       	subi	r24, 0xFF	; 255
    1f34:	8c 93       	st	X, r24
    1f36:	96 89       	ldd	r25, Z+22	; 0x16
    1f38:	e0 91 02 08 	lds	r30, 0x0802	; 0x800802 <pxCurrentTCB>
    1f3c:	f0 91 03 08 	lds	r31, 0x0803	; 0x800803 <pxCurrentTCB+0x1>
    1f40:	86 89       	ldd	r24, Z+22	; 0x16
    1f42:	89 17       	cp	r24, r25
    1f44:	20 f4       	brcc	.+8      	; 0x1f4e <xTaskRemoveFromEventList+0x172>
    1f46:	81 e0       	ldi	r24, 0x01	; 1
    1f48:	80 93 a4 07 	sts	0x07A4, r24	; 0x8007a4 <xYieldPending>
    1f4c:	01 c0       	rjmp	.+2      	; 0x1f50 <xTaskRemoveFromEventList+0x174>
    1f4e:	80 e0       	ldi	r24, 0x00	; 0
    1f50:	df 91       	pop	r29
    1f52:	cf 91       	pop	r28
    1f54:	08 95       	ret

00001f56 <vTaskInternalSetTimeOutState>:
/*-----------------------------------------------------------*/

void vTaskInternalSetTimeOutState( TimeOut_t * const pxTimeOut )
{
    /* For internal use only as it does not use a critical section. */
    pxTimeOut->xOverflowCount = xNumOfOverflows;
    1f56:	20 91 a3 07 	lds	r18, 0x07A3	; 0x8007a3 <xNumOfOverflows>
    1f5a:	fc 01       	movw	r30, r24
    1f5c:	20 83       	st	Z, r18
    pxTimeOut->xTimeOnEntering = xTickCount;
    1f5e:	20 91 a9 07 	lds	r18, 0x07A9	; 0x8007a9 <xTickCount>
    1f62:	30 91 aa 07 	lds	r19, 0x07AA	; 0x8007aa <xTickCount+0x1>
    1f66:	32 83       	std	Z+2, r19	; 0x02
    1f68:	21 83       	std	Z+1, r18	; 0x01
    1f6a:	08 95       	ret

00001f6c <xTaskCheckForTimeOut>:
}
/*-----------------------------------------------------------*/

BaseType_t xTaskCheckForTimeOut( TimeOut_t * const pxTimeOut,
                                 TickType_t * const pxTicksToWait )
{
    1f6c:	1f 93       	push	r17
    1f6e:	cf 93       	push	r28
    1f70:	df 93       	push	r29
    BaseType_t xReturn;

    configASSERT( pxTimeOut );
    configASSERT( pxTicksToWait );

    taskENTER_CRITICAL();
    1f72:	0f b6       	in	r0, 0x3f	; 63
    1f74:	f8 94       	cli
    1f76:	0f 92       	push	r0
    {
        /* Minor optimisation.  The tick count cannot change in this block. */
        const TickType_t xConstTickCount = xTickCount;
    1f78:	e0 91 a9 07 	lds	r30, 0x07A9	; 0x8007a9 <xTickCount>
    1f7c:	f0 91 aa 07 	lds	r31, 0x07AA	; 0x8007aa <xTickCount+0x1>
        const TickType_t xElapsedTime = xConstTickCount - pxTimeOut->xTimeOnEntering;
    1f80:	dc 01       	movw	r26, r24
    1f82:	11 96       	adiw	r26, 0x01	; 1
    1f84:	4d 91       	ld	r20, X+
    1f86:	5c 91       	ld	r21, X
    1f88:	12 97       	sbiw	r26, 0x02	; 2
    1f8a:	df 01       	movw	r26, r30
    1f8c:	a4 1b       	sub	r26, r20
    1f8e:	b5 0b       	sbc	r27, r21
            }
            else
        #endif

        #if ( INCLUDE_vTaskSuspend == 1 )
            if( *pxTicksToWait == portMAX_DELAY )
    1f90:	eb 01       	movw	r28, r22
    1f92:	28 81       	ld	r18, Y
    1f94:	39 81       	ldd	r19, Y+1	; 0x01
    1f96:	2f 3f       	cpi	r18, 0xFF	; 255
    1f98:	df ef       	ldi	r29, 0xFF	; 255
    1f9a:	3d 07       	cpc	r19, r29
    1f9c:	f9 f0       	breq	.+62     	; 0x1fdc <xTaskCheckForTimeOut+0x70>
                xReturn = pdFALSE;
            }
            else
        #endif

        if( ( xNumOfOverflows != pxTimeOut->xOverflowCount ) && ( xConstTickCount >= pxTimeOut->xTimeOnEntering ) ) /*lint !e525 Indentation preferred as is to make code within pre-processor directives clearer. */
    1f9e:	ec 01       	movw	r28, r24
    1fa0:	18 81       	ld	r17, Y
    1fa2:	c0 91 a3 07 	lds	r28, 0x07A3	; 0x8007a3 <xNumOfOverflows>
    1fa6:	1c 17       	cp	r17, r28
    1fa8:	41 f0       	breq	.+16     	; 0x1fba <xTaskCheckForTimeOut+0x4e>
    1faa:	e4 17       	cp	r30, r20
    1fac:	f5 07       	cpc	r31, r21
    1fae:	28 f0       	brcs	.+10     	; 0x1fba <xTaskCheckForTimeOut+0x4e>
             * vTaskSetTimeout() was called, but has also overflowed since
             * vTaskSetTimeOut() was called.  It must have wrapped all the way
             * around and gone past again. This passed since vTaskSetTimeout()
             * was called. */
            xReturn = pdTRUE;
            *pxTicksToWait = ( TickType_t ) 0;
    1fb0:	fb 01       	movw	r30, r22
    1fb2:	11 82       	std	Z+1, r1	; 0x01
    1fb4:	10 82       	st	Z, r1
            /* The tick count is greater than the time at which
             * vTaskSetTimeout() was called, but has also overflowed since
             * vTaskSetTimeOut() was called.  It must have wrapped all the way
             * around and gone past again. This passed since vTaskSetTimeout()
             * was called. */
            xReturn = pdTRUE;
    1fb6:	81 e0       	ldi	r24, 0x01	; 1
            *pxTicksToWait = ( TickType_t ) 0;
    1fb8:	12 c0       	rjmp	.+36     	; 0x1fde <xTaskCheckForTimeOut+0x72>
        }
        else if( xElapsedTime < *pxTicksToWait ) /*lint !e961 Explicit casting is only redundant with some compilers, whereas others require it to prevent integer conversion errors. */
    1fba:	a2 17       	cp	r26, r18
    1fbc:	b3 07       	cpc	r27, r19
    1fbe:	48 f4       	brcc	.+18     	; 0x1fd2 <xTaskCheckForTimeOut+0x66>
    1fc0:	fb 01       	movw	r30, r22
        {
            /* Not a genuine timeout. Adjust parameters for time remaining. */
            *pxTicksToWait -= xElapsedTime;
    1fc2:	2a 1b       	sub	r18, r26
    1fc4:	3b 0b       	sbc	r19, r27
    1fc6:	31 83       	std	Z+1, r19	; 0x01
    1fc8:	20 83       	st	Z, r18
            vTaskInternalSetTimeOutState( pxTimeOut );
    1fca:	0e 94 ab 0f 	call	0x1f56	; 0x1f56 <vTaskInternalSetTimeOutState>
            xReturn = pdFALSE;
    1fce:	80 e0       	ldi	r24, 0x00	; 0
    1fd0:	06 c0       	rjmp	.+12     	; 0x1fde <xTaskCheckForTimeOut+0x72>
        }
        else
        {
            *pxTicksToWait = ( TickType_t ) 0;
    1fd2:	db 01       	movw	r26, r22
    1fd4:	1d 92       	st	X+, r1
    1fd6:	1c 92       	st	X, r1
            xReturn = pdTRUE;
    1fd8:	81 e0       	ldi	r24, 0x01	; 1
    1fda:	01 c0       	rjmp	.+2      	; 0x1fde <xTaskCheckForTimeOut+0x72>
            if( *pxTicksToWait == portMAX_DELAY )
            {
                /* If INCLUDE_vTaskSuspend is set to 1 and the block time
                 * specified is the maximum block time then the task should block
                 * indefinitely, and therefore never time out. */
                xReturn = pdFALSE;
    1fdc:	80 e0       	ldi	r24, 0x00	; 0
        {
            *pxTicksToWait = ( TickType_t ) 0;
            xReturn = pdTRUE;
        }
    }
    taskEXIT_CRITICAL();
    1fde:	0f 90       	pop	r0
    1fe0:	0f be       	out	0x3f, r0	; 63

    return xReturn;
}
    1fe2:	df 91       	pop	r29
    1fe4:	cf 91       	pop	r28
    1fe6:	1f 91       	pop	r17
    1fe8:	08 95       	ret

00001fea <vTaskMissedYield>:
/*-----------------------------------------------------------*/

void vTaskMissedYield( void )
{
    xYieldPending = pdTRUE;
    1fea:	81 e0       	ldi	r24, 0x01	; 1
    1fec:	80 93 a4 07 	sts	0x07A4, r24	; 0x8007a4 <xYieldPending>
    1ff0:	08 95       	ret

00001ff2 <prvGetNextExpireTime>:
        {
            pxNewTimer->ucStatus |= tmrSTATUS_IS_AUTORELOAD;
        }

        traceTIMER_CREATE( pxNewTimer );
    }
    1ff2:	dc 01       	movw	r26, r24
    1ff4:	e0 91 0c 08 	lds	r30, 0x080C	; 0x80080c <pxCurrentTimerList>
    1ff8:	f0 91 0d 08 	lds	r31, 0x080D	; 0x80080d <pxCurrentTimerList+0x1>
    1ffc:	80 81       	ld	r24, Z
    1ffe:	91 e0       	ldi	r25, 0x01	; 1
    2000:	81 11       	cpse	r24, r1
    2002:	90 e0       	ldi	r25, 0x00	; 0
    2004:	9c 93       	st	X, r25
    2006:	91 11       	cpse	r25, r1
    2008:	06 c0       	rjmp	.+12     	; 0x2016 <prvGetNextExpireTime+0x24>
    200a:	05 80       	ldd	r0, Z+5	; 0x05
    200c:	f6 81       	ldd	r31, Z+6	; 0x06
    200e:	e0 2d       	mov	r30, r0
    2010:	80 81       	ld	r24, Z
    2012:	91 81       	ldd	r25, Z+1	; 0x01
    2014:	08 95       	ret
    2016:	80 e0       	ldi	r24, 0x00	; 0
    2018:	90 e0       	ldi	r25, 0x00	; 0
    201a:	08 95       	ret

0000201c <prvInsertTimerInActiveList>:
    201c:	fc 01       	movw	r30, r24
    201e:	73 83       	std	Z+3, r23	; 0x03
    2020:	62 83       	std	Z+2, r22	; 0x02
    2022:	91 87       	std	Z+9, r25	; 0x09
    2024:	80 87       	std	Z+8, r24	; 0x08
    2026:	46 17       	cp	r20, r22
    2028:	57 07       	cpc	r21, r23
    202a:	90 f0       	brcs	.+36     	; 0x2050 <prvInsertTimerInActiveList+0x34>
    202c:	42 1b       	sub	r20, r18
    202e:	53 0b       	sbc	r21, r19
    2030:	84 85       	ldd	r24, Z+12	; 0x0c
    2032:	95 85       	ldd	r25, Z+13	; 0x0d
    2034:	48 17       	cp	r20, r24
    2036:	59 07       	cpc	r21, r25
    2038:	e0 f4       	brcc	.+56     	; 0x2072 <prvInsertTimerInActiveList+0x56>
    203a:	bf 01       	movw	r22, r30
    203c:	6e 5f       	subi	r22, 0xFE	; 254
    203e:	7f 4f       	sbci	r23, 0xFF	; 255
    2040:	80 91 0a 08 	lds	r24, 0x080A	; 0x80080a <pxOverflowTimerList>
    2044:	90 91 0b 08 	lds	r25, 0x080B	; 0x80080b <pxOverflowTimerList+0x1>
    2048:	0e 94 8b 05 	call	0xb16	; 0xb16 <vListInsert>
    204c:	80 e0       	ldi	r24, 0x00	; 0
    204e:	08 95       	ret
    2050:	42 17       	cp	r20, r18
    2052:	53 07       	cpc	r21, r19
    2054:	18 f4       	brcc	.+6      	; 0x205c <prvInsertTimerInActiveList+0x40>
    2056:	62 17       	cp	r22, r18
    2058:	73 07       	cpc	r23, r19
    205a:	68 f4       	brcc	.+26     	; 0x2076 <prvInsertTimerInActiveList+0x5a>
    205c:	bf 01       	movw	r22, r30
    205e:	6e 5f       	subi	r22, 0xFE	; 254
    2060:	7f 4f       	sbci	r23, 0xFF	; 255
    2062:	80 91 0c 08 	lds	r24, 0x080C	; 0x80080c <pxCurrentTimerList>
    2066:	90 91 0d 08 	lds	r25, 0x080D	; 0x80080d <pxCurrentTimerList+0x1>
    206a:	0e 94 8b 05 	call	0xb16	; 0xb16 <vListInsert>
    206e:	80 e0       	ldi	r24, 0x00	; 0
    2070:	08 95       	ret
    2072:	81 e0       	ldi	r24, 0x01	; 1
    2074:	08 95       	ret
    2076:	81 e0       	ldi	r24, 0x01	; 1
    2078:	08 95       	ret

0000207a <prvReloadTimer>:
    207a:	ef 92       	push	r14
    207c:	ff 92       	push	r15
    207e:	0f 93       	push	r16
    2080:	1f 93       	push	r17
    2082:	cf 93       	push	r28
    2084:	df 93       	push	r29
    2086:	ec 01       	movw	r28, r24
    2088:	8b 01       	movw	r16, r22
    208a:	7a 01       	movw	r14, r20
    208c:	08 c0       	rjmp	.+16     	; 0x209e <prvReloadTimer+0x24>
    208e:	8c 85       	ldd	r24, Y+12	; 0x0c
    2090:	9d 85       	ldd	r25, Y+13	; 0x0d
    2092:	08 0f       	add	r16, r24
    2094:	19 1f       	adc	r17, r25
    2096:	e8 89       	ldd	r30, Y+16	; 0x10
    2098:	f9 89       	ldd	r31, Y+17	; 0x11
    209a:	ce 01       	movw	r24, r28
    209c:	09 95       	icall
    209e:	6c 85       	ldd	r22, Y+12	; 0x0c
    20a0:	7d 85       	ldd	r23, Y+13	; 0x0d
    20a2:	60 0f       	add	r22, r16
    20a4:	71 1f       	adc	r23, r17
    20a6:	98 01       	movw	r18, r16
    20a8:	a7 01       	movw	r20, r14
    20aa:	ce 01       	movw	r24, r28
    20ac:	0e 94 0e 10 	call	0x201c	; 0x201c <prvInsertTimerInActiveList>
    20b0:	81 11       	cpse	r24, r1
    20b2:	ed cf       	rjmp	.-38     	; 0x208e <prvReloadTimer+0x14>
    20b4:	df 91       	pop	r29
    20b6:	cf 91       	pop	r28
    20b8:	1f 91       	pop	r17
    20ba:	0f 91       	pop	r16
    20bc:	ff 90       	pop	r15
    20be:	ef 90       	pop	r14
    20c0:	08 95       	ret

000020c2 <prvProcessExpiredTimer>:
    20c2:	ef 92       	push	r14
    20c4:	ff 92       	push	r15
    20c6:	0f 93       	push	r16
    20c8:	1f 93       	push	r17
    20ca:	cf 93       	push	r28
    20cc:	df 93       	push	r29
    20ce:	8c 01       	movw	r16, r24
    20d0:	7b 01       	movw	r14, r22
    20d2:	e0 91 0c 08 	lds	r30, 0x080C	; 0x80080c <pxCurrentTimerList>
    20d6:	f0 91 0d 08 	lds	r31, 0x080D	; 0x80080d <pxCurrentTimerList+0x1>
    20da:	05 80       	ldd	r0, Z+5	; 0x05
    20dc:	f6 81       	ldd	r31, Z+6	; 0x06
    20de:	e0 2d       	mov	r30, r0
    20e0:	c6 81       	ldd	r28, Z+6	; 0x06
    20e2:	d7 81       	ldd	r29, Z+7	; 0x07
    20e4:	ce 01       	movw	r24, r28
    20e6:	02 96       	adiw	r24, 0x02	; 2
    20e8:	0e 94 bc 05 	call	0xb78	; 0xb78 <uxListRemove>
    20ec:	8a 89       	ldd	r24, Y+18	; 0x12
    20ee:	82 ff       	sbrs	r24, 2
    20f0:	06 c0       	rjmp	.+12     	; 0x20fe <prvProcessExpiredTimer+0x3c>
    20f2:	a7 01       	movw	r20, r14
    20f4:	b8 01       	movw	r22, r16
    20f6:	ce 01       	movw	r24, r28
    20f8:	0e 94 3d 10 	call	0x207a	; 0x207a <prvReloadTimer>
    20fc:	02 c0       	rjmp	.+4      	; 0x2102 <prvProcessExpiredTimer+0x40>
    20fe:	8e 7f       	andi	r24, 0xFE	; 254
    2100:	8a 8b       	std	Y+18, r24	; 0x12
    2102:	e8 89       	ldd	r30, Y+16	; 0x10
    2104:	f9 89       	ldd	r31, Y+17	; 0x11
    2106:	ce 01       	movw	r24, r28
    2108:	09 95       	icall
    210a:	df 91       	pop	r29
    210c:	cf 91       	pop	r28
    210e:	1f 91       	pop	r17
    2110:	0f 91       	pop	r16
    2112:	ff 90       	pop	r15
    2114:	ef 90       	pop	r14
    2116:	08 95       	ret

00002118 <prvSwitchTimerLists>:
    2118:	09 c0       	rjmp	.+18     	; 0x212c <prvSwitchTimerLists+0x14>
    211a:	05 80       	ldd	r0, Z+5	; 0x05
    211c:	f6 81       	ldd	r31, Z+6	; 0x06
    211e:	e0 2d       	mov	r30, r0
    2120:	6f ef       	ldi	r22, 0xFF	; 255
    2122:	7f ef       	ldi	r23, 0xFF	; 255
    2124:	80 81       	ld	r24, Z
    2126:	91 81       	ldd	r25, Z+1	; 0x01
    2128:	0e 94 61 10 	call	0x20c2	; 0x20c2 <prvProcessExpiredTimer>
    212c:	e0 91 0c 08 	lds	r30, 0x080C	; 0x80080c <pxCurrentTimerList>
    2130:	f0 91 0d 08 	lds	r31, 0x080D	; 0x80080d <pxCurrentTimerList+0x1>
    2134:	80 81       	ld	r24, Z
    2136:	81 11       	cpse	r24, r1
    2138:	f0 cf       	rjmp	.-32     	; 0x211a <prvSwitchTimerLists+0x2>
    213a:	80 91 0a 08 	lds	r24, 0x080A	; 0x80080a <pxOverflowTimerList>
    213e:	90 91 0b 08 	lds	r25, 0x080B	; 0x80080b <pxOverflowTimerList+0x1>
    2142:	90 93 0d 08 	sts	0x080D, r25	; 0x80080d <pxCurrentTimerList+0x1>
    2146:	80 93 0c 08 	sts	0x080C, r24	; 0x80080c <pxCurrentTimerList>
    214a:	f0 93 0b 08 	sts	0x080B, r31	; 0x80080b <pxOverflowTimerList+0x1>
    214e:	e0 93 0a 08 	sts	0x080A, r30	; 0x80080a <pxOverflowTimerList>
    2152:	08 95       	ret

00002154 <prvSampleTimeNow>:
    2154:	0f 93       	push	r16
    2156:	1f 93       	push	r17
    2158:	cf 93       	push	r28
    215a:	df 93       	push	r29
    215c:	8c 01       	movw	r16, r24
    215e:	0e 94 02 0c 	call	0x1804	; 0x1804 <xTaskGetTickCount>
    2162:	ec 01       	movw	r28, r24
    2164:	80 91 04 08 	lds	r24, 0x0804	; 0x800804 <xLastTime.2428>
    2168:	90 91 05 08 	lds	r25, 0x0805	; 0x800805 <xLastTime.2428+0x1>
    216c:	c8 17       	cp	r28, r24
    216e:	d9 07       	cpc	r29, r25
    2170:	30 f4       	brcc	.+12     	; 0x217e <prvSampleTimeNow+0x2a>
    2172:	0e 94 8c 10 	call	0x2118	; 0x2118 <prvSwitchTimerLists>
    2176:	81 e0       	ldi	r24, 0x01	; 1
    2178:	f8 01       	movw	r30, r16
    217a:	80 83       	st	Z, r24
    217c:	02 c0       	rjmp	.+4      	; 0x2182 <prvSampleTimeNow+0x2e>
    217e:	f8 01       	movw	r30, r16
    2180:	10 82       	st	Z, r1
    2182:	d0 93 05 08 	sts	0x0805, r29	; 0x800805 <xLastTime.2428+0x1>
    2186:	c0 93 04 08 	sts	0x0804, r28	; 0x800804 <xLastTime.2428>
    218a:	ce 01       	movw	r24, r28
    218c:	df 91       	pop	r29
    218e:	cf 91       	pop	r28
    2190:	1f 91       	pop	r17
    2192:	0f 91       	pop	r16
    2194:	08 95       	ret

00002196 <prvProcessTimerOrBlockTask>:
    2196:	cf 92       	push	r12
    2198:	df 92       	push	r13
    219a:	ef 92       	push	r14
    219c:	ff 92       	push	r15
    219e:	1f 93       	push	r17
    21a0:	cf 93       	push	r28
    21a2:	df 93       	push	r29
    21a4:	1f 92       	push	r1
    21a6:	cd b7       	in	r28, 0x3d	; 61
    21a8:	de b7       	in	r29, 0x3e	; 62
    21aa:	7c 01       	movw	r14, r24
    21ac:	16 2f       	mov	r17, r22
    21ae:	0e 94 fc 0b 	call	0x17f8	; 0x17f8 <vTaskSuspendAll>
    21b2:	ce 01       	movw	r24, r28
    21b4:	01 96       	adiw	r24, 0x01	; 1
    21b6:	0e 94 aa 10 	call	0x2154	; 0x2154 <prvSampleTimeNow>
    21ba:	6c 01       	movw	r12, r24
    21bc:	89 81       	ldd	r24, Y+1	; 0x01
    21be:	81 11       	cpse	r24, r1
    21c0:	27 c0       	rjmp	.+78     	; 0x2210 <prvProcessTimerOrBlockTask+0x7a>
    21c2:	11 11       	cpse	r17, r1
    21c4:	0a c0       	rjmp	.+20     	; 0x21da <prvProcessTimerOrBlockTask+0x44>
    21c6:	ce 14       	cp	r12, r14
    21c8:	df 04       	cpc	r13, r15
    21ca:	38 f0       	brcs	.+14     	; 0x21da <prvProcessTimerOrBlockTask+0x44>
    21cc:	0e 94 fb 0c 	call	0x19f6	; 0x19f6 <xTaskResumeAll>
    21d0:	b6 01       	movw	r22, r12
    21d2:	c7 01       	movw	r24, r14
    21d4:	0e 94 61 10 	call	0x20c2	; 0x20c2 <prvProcessExpiredTimer>
    21d8:	1d c0       	rjmp	.+58     	; 0x2214 <prvProcessTimerOrBlockTask+0x7e>
    21da:	11 23       	and	r17, r17
    21dc:	41 f0       	breq	.+16     	; 0x21ee <prvProcessTimerOrBlockTask+0x58>
    21de:	e0 91 0a 08 	lds	r30, 0x080A	; 0x80080a <pxOverflowTimerList>
    21e2:	f0 91 0b 08 	lds	r31, 0x080B	; 0x80080b <pxOverflowTimerList+0x1>
    21e6:	80 81       	ld	r24, Z
    21e8:	11 e0       	ldi	r17, 0x01	; 1
    21ea:	81 11       	cpse	r24, r1
    21ec:	10 e0       	ldi	r17, 0x00	; 0
    21ee:	b7 01       	movw	r22, r14
    21f0:	6c 19       	sub	r22, r12
    21f2:	7d 09       	sbc	r23, r13
    21f4:	41 2f       	mov	r20, r17
    21f6:	80 91 08 08 	lds	r24, 0x0808	; 0x800808 <xTimerQueue>
    21fa:	90 91 09 08 	lds	r25, 0x0809	; 0x800809 <xTimerQueue+0x1>
    21fe:	0e 94 9b 08 	call	0x1136	; 0x1136 <vQueueWaitForMessageRestricted>
    2202:	0e 94 fb 0c 	call	0x19f6	; 0x19f6 <xTaskResumeAll>
    2206:	81 11       	cpse	r24, r1
    2208:	05 c0       	rjmp	.+10     	; 0x2214 <prvProcessTimerOrBlockTask+0x7e>
    220a:	0e 94 87 06 	call	0xd0e	; 0xd0e <vPortYield>
    220e:	02 c0       	rjmp	.+4      	; 0x2214 <prvProcessTimerOrBlockTask+0x7e>
    2210:	0e 94 fb 0c 	call	0x19f6	; 0x19f6 <xTaskResumeAll>
    2214:	0f 90       	pop	r0
    2216:	df 91       	pop	r29
    2218:	cf 91       	pop	r28
    221a:	1f 91       	pop	r17
    221c:	ff 90       	pop	r15
    221e:	ef 90       	pop	r14
    2220:	df 90       	pop	r13
    2222:	cf 90       	pop	r12
    2224:	08 95       	ret

00002226 <prvProcessReceivedCommands>:
    2226:	ef 92       	push	r14
    2228:	ff 92       	push	r15
    222a:	0f 93       	push	r16
    222c:	1f 93       	push	r17
    222e:	cf 93       	push	r28
    2230:	df 93       	push	r29
    2232:	00 d0       	rcall	.+0      	; 0x2234 <prvProcessReceivedCommands+0xe>
    2234:	00 d0       	rcall	.+0      	; 0x2236 <prvProcessReceivedCommands+0x10>
    2236:	00 d0       	rcall	.+0      	; 0x2238 <prvProcessReceivedCommands+0x12>
    2238:	cd b7       	in	r28, 0x3d	; 61
    223a:	de b7       	in	r29, 0x3e	; 62
    223c:	7a c0       	rjmp	.+244    	; 0x2332 <prvProcessReceivedCommands+0x10c>
    223e:	89 81       	ldd	r24, Y+1	; 0x01
    2240:	88 23       	and	r24, r24
    2242:	0c f4       	brge	.+2      	; 0x2246 <prvProcessReceivedCommands+0x20>
    2244:	76 c0       	rjmp	.+236    	; 0x2332 <prvProcessReceivedCommands+0x10c>
    2246:	0c 81       	ldd	r16, Y+4	; 0x04
    2248:	1d 81       	ldd	r17, Y+5	; 0x05
    224a:	d8 01       	movw	r26, r16
    224c:	1a 96       	adiw	r26, 0x0a	; 10
    224e:	8d 91       	ld	r24, X+
    2250:	9c 91       	ld	r25, X
    2252:	1b 97       	sbiw	r26, 0x0b	; 11
    2254:	89 2b       	or	r24, r25
    2256:	21 f0       	breq	.+8      	; 0x2260 <prvProcessReceivedCommands+0x3a>
    2258:	c8 01       	movw	r24, r16
    225a:	02 96       	adiw	r24, 0x02	; 2
    225c:	0e 94 bc 05 	call	0xb78	; 0xb78 <uxListRemove>
    2260:	ce 01       	movw	r24, r28
    2262:	06 96       	adiw	r24, 0x06	; 6
    2264:	0e 94 aa 10 	call	0x2154	; 0x2154 <prvSampleTimeNow>
    2268:	7c 01       	movw	r14, r24
    226a:	e9 81       	ldd	r30, Y+1	; 0x01
    226c:	8e 2f       	mov	r24, r30
    226e:	ee 0f       	add	r30, r30
    2270:	99 0b       	sbc	r25, r25
    2272:	aa 0b       	sbc	r26, r26
    2274:	bb 0b       	sbc	r27, r27
    2276:	fc 01       	movw	r30, r24
    2278:	31 97       	sbiw	r30, 0x01	; 1
    227a:	e9 30       	cpi	r30, 0x09	; 9
    227c:	f1 05       	cpc	r31, r1
    227e:	08 f0       	brcs	.+2      	; 0x2282 <prvProcessReceivedCommands+0x5c>
    2280:	58 c0       	rjmp	.+176    	; 0x2332 <prvProcessReceivedCommands+0x10c>
    2282:	e6 5d       	subi	r30, 0xD6	; 214
    2284:	ff 4f       	sbci	r31, 0xFF	; 255
    2286:	0c 94 21 1a 	jmp	0x3442	; 0x3442 <__tablejump2__>
    228a:	f8 01       	movw	r30, r16
    228c:	82 89       	ldd	r24, Z+18	; 0x12
    228e:	81 60       	ori	r24, 0x01	; 1
    2290:	82 8b       	std	Z+18, r24	; 0x12
    2292:	2a 81       	ldd	r18, Y+2	; 0x02
    2294:	3b 81       	ldd	r19, Y+3	; 0x03
    2296:	64 85       	ldd	r22, Z+12	; 0x0c
    2298:	75 85       	ldd	r23, Z+13	; 0x0d
    229a:	62 0f       	add	r22, r18
    229c:	73 1f       	adc	r23, r19
    229e:	a7 01       	movw	r20, r14
    22a0:	c8 01       	movw	r24, r16
    22a2:	0e 94 0e 10 	call	0x201c	; 0x201c <prvInsertTimerInActiveList>
    22a6:	88 23       	and	r24, r24
    22a8:	09 f4       	brne	.+2      	; 0x22ac <prvProcessReceivedCommands+0x86>
    22aa:	43 c0       	rjmp	.+134    	; 0x2332 <prvProcessReceivedCommands+0x10c>
    22ac:	d8 01       	movw	r26, r16
    22ae:	52 96       	adiw	r26, 0x12	; 18
    22b0:	8c 91       	ld	r24, X
    22b2:	52 97       	sbiw	r26, 0x12	; 18
    22b4:	82 ff       	sbrs	r24, 2
    22b6:	0d c0       	rjmp	.+26     	; 0x22d2 <prvProcessReceivedCommands+0xac>
    22b8:	6a 81       	ldd	r22, Y+2	; 0x02
    22ba:	7b 81       	ldd	r23, Y+3	; 0x03
    22bc:	1c 96       	adiw	r26, 0x0c	; 12
    22be:	8d 91       	ld	r24, X+
    22c0:	9c 91       	ld	r25, X
    22c2:	1d 97       	sbiw	r26, 0x0d	; 13
    22c4:	68 0f       	add	r22, r24
    22c6:	79 1f       	adc	r23, r25
    22c8:	a7 01       	movw	r20, r14
    22ca:	c8 01       	movw	r24, r16
    22cc:	0e 94 3d 10 	call	0x207a	; 0x207a <prvReloadTimer>
    22d0:	03 c0       	rjmp	.+6      	; 0x22d8 <prvProcessReceivedCommands+0xb2>
    22d2:	8e 7f       	andi	r24, 0xFE	; 254
    22d4:	f8 01       	movw	r30, r16
    22d6:	82 8b       	std	Z+18, r24	; 0x12
    22d8:	d8 01       	movw	r26, r16
    22da:	50 96       	adiw	r26, 0x10	; 16
    22dc:	ed 91       	ld	r30, X+
    22de:	fc 91       	ld	r31, X
    22e0:	51 97       	sbiw	r26, 0x11	; 17
    22e2:	c8 01       	movw	r24, r16
    22e4:	09 95       	icall
    22e6:	25 c0       	rjmp	.+74     	; 0x2332 <prvProcessReceivedCommands+0x10c>
    22e8:	f8 01       	movw	r30, r16
    22ea:	82 89       	ldd	r24, Z+18	; 0x12
    22ec:	8e 7f       	andi	r24, 0xFE	; 254
    22ee:	82 8b       	std	Z+18, r24	; 0x12
    22f0:	20 c0       	rjmp	.+64     	; 0x2332 <prvProcessReceivedCommands+0x10c>
    22f2:	d8 01       	movw	r26, r16
    22f4:	52 96       	adiw	r26, 0x12	; 18
    22f6:	8c 91       	ld	r24, X
    22f8:	52 97       	sbiw	r26, 0x12	; 18
    22fa:	81 60       	ori	r24, 0x01	; 1
    22fc:	52 96       	adiw	r26, 0x12	; 18
    22fe:	8c 93       	st	X, r24
    2300:	52 97       	sbiw	r26, 0x12	; 18
    2302:	6a 81       	ldd	r22, Y+2	; 0x02
    2304:	7b 81       	ldd	r23, Y+3	; 0x03
    2306:	1d 96       	adiw	r26, 0x0d	; 13
    2308:	7c 93       	st	X, r23
    230a:	6e 93       	st	-X, r22
    230c:	1c 97       	sbiw	r26, 0x0c	; 12
    230e:	6e 0d       	add	r22, r14
    2310:	7f 1d       	adc	r23, r15
    2312:	97 01       	movw	r18, r14
    2314:	a7 01       	movw	r20, r14
    2316:	c8 01       	movw	r24, r16
    2318:	0e 94 0e 10 	call	0x201c	; 0x201c <prvInsertTimerInActiveList>
    231c:	0a c0       	rjmp	.+20     	; 0x2332 <prvProcessReceivedCommands+0x10c>
    231e:	f8 01       	movw	r30, r16
    2320:	82 89       	ldd	r24, Z+18	; 0x12
    2322:	81 fd       	sbrc	r24, 1
    2324:	04 c0       	rjmp	.+8      	; 0x232e <prvProcessReceivedCommands+0x108>
    2326:	c8 01       	movw	r24, r16
    2328:	0e 94 57 05 	call	0xaae	; 0xaae <vPortFree>
    232c:	02 c0       	rjmp	.+4      	; 0x2332 <prvProcessReceivedCommands+0x10c>
    232e:	8e 7f       	andi	r24, 0xFE	; 254
    2330:	82 8b       	std	Z+18, r24	; 0x12
    2332:	40 e0       	ldi	r20, 0x00	; 0
    2334:	50 e0       	ldi	r21, 0x00	; 0
    2336:	be 01       	movw	r22, r28
    2338:	6f 5f       	subi	r22, 0xFF	; 255
    233a:	7f 4f       	sbci	r23, 0xFF	; 255
    233c:	80 91 08 08 	lds	r24, 0x0808	; 0x800808 <xTimerQueue>
    2340:	90 91 09 08 	lds	r25, 0x0809	; 0x800809 <xTimerQueue+0x1>
    2344:	0e 94 0f 08 	call	0x101e	; 0x101e <xQueueReceive>
    2348:	81 11       	cpse	r24, r1
    234a:	79 cf       	rjmp	.-270    	; 0x223e <prvProcessReceivedCommands+0x18>
    234c:	26 96       	adiw	r28, 0x06	; 6
    234e:	0f b6       	in	r0, 0x3f	; 63
    2350:	f8 94       	cli
    2352:	de bf       	out	0x3e, r29	; 62
    2354:	0f be       	out	0x3f, r0	; 63
    2356:	cd bf       	out	0x3d, r28	; 61
    2358:	df 91       	pop	r29
    235a:	cf 91       	pop	r28
    235c:	1f 91       	pop	r17
    235e:	0f 91       	pop	r16
    2360:	ff 90       	pop	r15
    2362:	ef 90       	pop	r14
    2364:	08 95       	ret

00002366 <prvTimerTask>:
    2366:	cf 93       	push	r28
    2368:	df 93       	push	r29
    236a:	1f 92       	push	r1
    236c:	cd b7       	in	r28, 0x3d	; 61
    236e:	de b7       	in	r29, 0x3e	; 62
    2370:	ce 01       	movw	r24, r28
    2372:	01 96       	adiw	r24, 0x01	; 1
    2374:	0e 94 f9 0f 	call	0x1ff2	; 0x1ff2 <prvGetNextExpireTime>
    2378:	69 81       	ldd	r22, Y+1	; 0x01
    237a:	0e 94 cb 10 	call	0x2196	; 0x2196 <prvProcessTimerOrBlockTask>
    237e:	0e 94 13 11 	call	0x2226	; 0x2226 <prvProcessReceivedCommands>
    2382:	f6 cf       	rjmp	.-20     	; 0x2370 <prvTimerTask+0xa>

00002384 <prvCheckForValidListAndQueue>:
    2384:	0f b6       	in	r0, 0x3f	; 63
    2386:	f8 94       	cli
    2388:	0f 92       	push	r0
    238a:	80 91 08 08 	lds	r24, 0x0808	; 0x800808 <xTimerQueue>
    238e:	90 91 09 08 	lds	r25, 0x0809	; 0x800809 <xTimerQueue+0x1>
    2392:	89 2b       	or	r24, r25
    2394:	e9 f4       	brne	.+58     	; 0x23d0 <prvCheckForValidListAndQueue+0x4c>
    2396:	87 e1       	ldi	r24, 0x17	; 23
    2398:	98 e0       	ldi	r25, 0x08	; 8
    239a:	0e 94 58 05 	call	0xab0	; 0xab0 <vListInitialise>
    239e:	8e e0       	ldi	r24, 0x0E	; 14
    23a0:	98 e0       	ldi	r25, 0x08	; 8
    23a2:	0e 94 58 05 	call	0xab0	; 0xab0 <vListInitialise>
    23a6:	87 e1       	ldi	r24, 0x17	; 23
    23a8:	98 e0       	ldi	r25, 0x08	; 8
    23aa:	90 93 0d 08 	sts	0x080D, r25	; 0x80080d <pxCurrentTimerList+0x1>
    23ae:	80 93 0c 08 	sts	0x080C, r24	; 0x80080c <pxCurrentTimerList>
    23b2:	8e e0       	ldi	r24, 0x0E	; 14
    23b4:	98 e0       	ldi	r25, 0x08	; 8
    23b6:	90 93 0b 08 	sts	0x080B, r25	; 0x80080b <pxOverflowTimerList+0x1>
    23ba:	80 93 0a 08 	sts	0x080A, r24	; 0x80080a <pxOverflowTimerList>
    23be:	40 e0       	ldi	r20, 0x00	; 0
    23c0:	65 e0       	ldi	r22, 0x05	; 5
    23c2:	8a e0       	ldi	r24, 0x0A	; 10
    23c4:	0e 94 ce 07 	call	0xf9c	; 0xf9c <xQueueGenericCreate>
    23c8:	90 93 09 08 	sts	0x0809, r25	; 0x800809 <xTimerQueue+0x1>
    23cc:	80 93 08 08 	sts	0x0808, r24	; 0x800808 <xTimerQueue>
    23d0:	0f 90       	pop	r0
    23d2:	0f be       	out	0x3f, r0	; 63
    23d4:	08 95       	ret

000023d6 <xTimerCreateTimerTask>:
                                       TimerCallbackFunction_t pxCallbackFunction,
                                       Timer_t * pxNewTimer ) PRIVILEGED_FUNCTION;
/*-----------------------------------------------------------*/

    BaseType_t xTimerCreateTimerTask( void )
    {
    23d6:	ef 92       	push	r14
    23d8:	ff 92       	push	r15
    23da:	0f 93       	push	r16

        /* This function is called when the scheduler is started if
         * configUSE_TIMERS is set to 1.  Check that the infrastructure used by the
         * timer service task has been created/initialised.  If timers have already
         * been created then the initialisation will already have been performed. */
        prvCheckForValidListAndQueue();
    23dc:	0e 94 c2 11 	call	0x2384	; 0x2384 <prvCheckForValidListAndQueue>

        if( xTimerQueue != NULL )
    23e0:	80 91 08 08 	lds	r24, 0x0808	; 0x800808 <xTimerQueue>
    23e4:	90 91 09 08 	lds	r25, 0x0809	; 0x800809 <xTimerQueue+0x1>
    23e8:	89 2b       	or	r24, r25
    23ea:	91 f0       	breq	.+36     	; 0x2410 <xTimerCreateTimerTask+0x3a>
                    xReturn = pdPASS;
                }
            }
            #else /* if ( configSUPPORT_STATIC_ALLOCATION == 1 ) */
            {
                xReturn = xTaskCreate( prvTimerTask,
    23ec:	0f 2e       	mov	r0, r31
    23ee:	f6 e0       	ldi	r31, 0x06	; 6
    23f0:	ef 2e       	mov	r14, r31
    23f2:	f8 e0       	ldi	r31, 0x08	; 8
    23f4:	ff 2e       	mov	r15, r31
    23f6:	f0 2d       	mov	r31, r0
    23f8:	01 e0       	ldi	r16, 0x01	; 1
    23fa:	20 e0       	ldi	r18, 0x00	; 0
    23fc:	30 e0       	ldi	r19, 0x00	; 0
    23fe:	44 e6       	ldi	r20, 0x64	; 100
    2400:	50 e0       	ldi	r21, 0x00	; 0
    2402:	69 e3       	ldi	r22, 0x39	; 57
    2404:	71 e0       	ldi	r23, 0x01	; 1
    2406:	83 eb       	ldi	r24, 0xB3	; 179
    2408:	91 e1       	ldi	r25, 0x11	; 17
    240a:	0e 94 bb 0a 	call	0x1576	; 0x1576 <xTaskCreate>
    240e:	01 c0       	rjmp	.+2      	; 0x2412 <xTimerCreateTimerTask+0x3c>
                                       Timer_t * pxNewTimer ) PRIVILEGED_FUNCTION;
/*-----------------------------------------------------------*/

    BaseType_t xTimerCreateTimerTask( void )
    {
        BaseType_t xReturn = pdFAIL;
    2410:	80 e0       	ldi	r24, 0x00	; 0
            mtCOVERAGE_TEST_MARKER();
        }

        configASSERT( xReturn );
        return xReturn;
    }
    2412:	0f 91       	pop	r16
    2414:	ff 90       	pop	r15
    2416:	ef 90       	pop	r14
    2418:	08 95       	ret

0000241a <KPD_init>:
#include "KPD_INT.h"

//Initialize
void KPD_init()
{
	DIO_setPinDir(KPD_COL0, DIO_OUTPUT);
    241a:	61 e0       	ldi	r22, 0x01	; 1
    241c:	83 e1       	ldi	r24, 0x13	; 19
    241e:	0e 94 7b 14 	call	0x28f6	; 0x28f6 <DIO_setPinDir>
	DIO_setPinDir(KPD_COL1, DIO_OUTPUT);
    2422:	61 e0       	ldi	r22, 0x01	; 1
    2424:	84 e1       	ldi	r24, 0x14	; 20
    2426:	0e 94 7b 14 	call	0x28f6	; 0x28f6 <DIO_setPinDir>
	DIO_setPinDir(KPD_COL2, DIO_OUTPUT);
    242a:	61 e0       	ldi	r22, 0x01	; 1
    242c:	85 e1       	ldi	r24, 0x15	; 21
    242e:	0e 94 7b 14 	call	0x28f6	; 0x28f6 <DIO_setPinDir>

	DIO_setPinDir(KPD_ROW0, DIO_INPUT);
    2432:	60 e0       	ldi	r22, 0x00	; 0
    2434:	8c e0       	ldi	r24, 0x0C	; 12
    2436:	0e 94 7b 14 	call	0x28f6	; 0x28f6 <DIO_setPinDir>
	DIO_setPinDir(KPD_ROW1, DIO_INPUT);
    243a:	60 e0       	ldi	r22, 0x00	; 0
    243c:	8d e0       	ldi	r24, 0x0D	; 13
    243e:	0e 94 7b 14 	call	0x28f6	; 0x28f6 <DIO_setPinDir>
	DIO_setPinDir(KPD_ROW2, DIO_INPUT);
    2442:	60 e0       	ldi	r22, 0x00	; 0
    2444:	8e e0       	ldi	r24, 0x0E	; 14
    2446:	0e 94 7b 14 	call	0x28f6	; 0x28f6 <DIO_setPinDir>
	DIO_setPinDir(KPD_ROW3, DIO_INPUT);
    244a:	60 e0       	ldi	r22, 0x00	; 0
    244c:	8f e0       	ldi	r24, 0x0F	; 15
    244e:	0e 94 7b 14 	call	0x28f6	; 0x28f6 <DIO_setPinDir>

	DIO_setPullUp(KPD_ROW0);
    2452:	8c e0       	ldi	r24, 0x0C	; 12
    2454:	0e 94 d3 15 	call	0x2ba6	; 0x2ba6 <DIO_setPullUp>
	DIO_setPullUp(KPD_ROW1);
    2458:	8d e0       	ldi	r24, 0x0D	; 13
    245a:	0e 94 d3 15 	call	0x2ba6	; 0x2ba6 <DIO_setPullUp>
	DIO_setPullUp(KPD_ROW2);
    245e:	8e e0       	ldi	r24, 0x0E	; 14
    2460:	0e 94 d3 15 	call	0x2ba6	; 0x2ba6 <DIO_setPullUp>
	DIO_setPullUp(KPD_ROW3);
    2464:	8f e0       	ldi	r24, 0x0F	; 15
    2466:	0e 94 d3 15 	call	0x2ba6	; 0x2ba6 <DIO_setPullUp>
    246a:	08 95       	ret

0000246c <KPD_read>:
}


u8 KPD_read()
{
	DIO_setPinValue(KPD_COL0, DIO_LOW);
    246c:	60 e0       	ldi	r22, 0x00	; 0
    246e:	83 e1       	ldi	r24, 0x13	; 19
    2470:	0e 94 06 15 	call	0x2a0c	; 0x2a0c <DIO_setPinValue>
	DIO_setPinValue(KPD_COL1, DIO_HIGH);
    2474:	61 e0       	ldi	r22, 0x01	; 1
    2476:	84 e1       	ldi	r24, 0x14	; 20
    2478:	0e 94 06 15 	call	0x2a0c	; 0x2a0c <DIO_setPinValue>
	DIO_setPinValue(KPD_COL2, DIO_HIGH);
    247c:	61 e0       	ldi	r22, 0x01	; 1
    247e:	85 e1       	ldi	r24, 0x15	; 21
    2480:	0e 94 06 15 	call	0x2a0c	; 0x2a0c <DIO_setPinValue>

	if(DIO_readPinValue(KPD_ROW0) == DIO_LOW)
    2484:	8c e0       	ldi	r24, 0x0C	; 12
    2486:	0e 94 91 15 	call	0x2b22	; 0x2b22 <DIO_readPinValue>
    248a:	88 23       	and	r24, r24
    248c:	09 f4       	brne	.+2      	; 0x2490 <KPD_read+0x24>
    248e:	54 c0       	rjmp	.+168    	; 0x2538 <KPD_read+0xcc>
	{
		return KPD_ROW0_COL0;
	}
	else if(DIO_readPinValue(KPD_ROW1) == DIO_LOW)
    2490:	8d e0       	ldi	r24, 0x0D	; 13
    2492:	0e 94 91 15 	call	0x2b22	; 0x2b22 <DIO_readPinValue>
    2496:	88 23       	and	r24, r24
    2498:	09 f4       	brne	.+2      	; 0x249c <KPD_read+0x30>
    249a:	50 c0       	rjmp	.+160    	; 0x253c <KPD_read+0xd0>
	{
		return KPD_ROW1_COL0;
	}
	else if(DIO_readPinValue(KPD_ROW2) == DIO_LOW)
    249c:	8e e0       	ldi	r24, 0x0E	; 14
    249e:	0e 94 91 15 	call	0x2b22	; 0x2b22 <DIO_readPinValue>
    24a2:	88 23       	and	r24, r24
    24a4:	09 f4       	brne	.+2      	; 0x24a8 <KPD_read+0x3c>
    24a6:	4c c0       	rjmp	.+152    	; 0x2540 <KPD_read+0xd4>
	{
		return KPD_ROW2_COL0;
	}
	else if(DIO_readPinValue(KPD_ROW3) == DIO_LOW)
    24a8:	8f e0       	ldi	r24, 0x0F	; 15
    24aa:	0e 94 91 15 	call	0x2b22	; 0x2b22 <DIO_readPinValue>
    24ae:	88 23       	and	r24, r24
    24b0:	09 f4       	brne	.+2      	; 0x24b4 <KPD_read+0x48>
    24b2:	48 c0       	rjmp	.+144    	; 0x2544 <KPD_read+0xd8>
	{
		return KPD_ROW3_COL0;
	}

	DIO_setPinValue(KPD_COL0, DIO_HIGH);
    24b4:	61 e0       	ldi	r22, 0x01	; 1
    24b6:	83 e1       	ldi	r24, 0x13	; 19
    24b8:	0e 94 06 15 	call	0x2a0c	; 0x2a0c <DIO_setPinValue>
	DIO_setPinValue(KPD_COL1, DIO_LOW);
    24bc:	60 e0       	ldi	r22, 0x00	; 0
    24be:	84 e1       	ldi	r24, 0x14	; 20
    24c0:	0e 94 06 15 	call	0x2a0c	; 0x2a0c <DIO_setPinValue>
	DIO_setPinValue(KPD_COL2, DIO_HIGH);
    24c4:	61 e0       	ldi	r22, 0x01	; 1
    24c6:	85 e1       	ldi	r24, 0x15	; 21
    24c8:	0e 94 06 15 	call	0x2a0c	; 0x2a0c <DIO_setPinValue>

	if(DIO_readPinValue(KPD_ROW0) == DIO_LOW)
    24cc:	8c e0       	ldi	r24, 0x0C	; 12
    24ce:	0e 94 91 15 	call	0x2b22	; 0x2b22 <DIO_readPinValue>
    24d2:	88 23       	and	r24, r24
    24d4:	c9 f1       	breq	.+114    	; 0x2548 <KPD_read+0xdc>
	{
		return KPD_ROW0_COL1;
	}
	else if(DIO_readPinValue(KPD_ROW1) == DIO_LOW)
    24d6:	8d e0       	ldi	r24, 0x0D	; 13
    24d8:	0e 94 91 15 	call	0x2b22	; 0x2b22 <DIO_readPinValue>
    24dc:	88 23       	and	r24, r24
    24de:	b1 f1       	breq	.+108    	; 0x254c <KPD_read+0xe0>
	{
		return KPD_ROW1_COL1;
	}
	else if(DIO_readPinValue(KPD_ROW2) == DIO_LOW)
    24e0:	8e e0       	ldi	r24, 0x0E	; 14
    24e2:	0e 94 91 15 	call	0x2b22	; 0x2b22 <DIO_readPinValue>
    24e6:	88 23       	and	r24, r24
    24e8:	99 f1       	breq	.+102    	; 0x2550 <KPD_read+0xe4>
	{
		return KPD_ROW2_COL1;
	}
	else if(DIO_readPinValue(KPD_ROW3) == DIO_LOW)
    24ea:	8f e0       	ldi	r24, 0x0F	; 15
    24ec:	0e 94 91 15 	call	0x2b22	; 0x2b22 <DIO_readPinValue>
    24f0:	88 23       	and	r24, r24
    24f2:	81 f1       	breq	.+96     	; 0x2554 <KPD_read+0xe8>
	{
		return KPD_ROW3_COL1;
	}


	DIO_setPinValue(KPD_COL0, DIO_HIGH);
    24f4:	61 e0       	ldi	r22, 0x01	; 1
    24f6:	83 e1       	ldi	r24, 0x13	; 19
    24f8:	0e 94 06 15 	call	0x2a0c	; 0x2a0c <DIO_setPinValue>
	DIO_setPinValue(KPD_COL1, DIO_HIGH);
    24fc:	61 e0       	ldi	r22, 0x01	; 1
    24fe:	84 e1       	ldi	r24, 0x14	; 20
    2500:	0e 94 06 15 	call	0x2a0c	; 0x2a0c <DIO_setPinValue>
	DIO_setPinValue(KPD_COL2, DIO_LOW);
    2504:	60 e0       	ldi	r22, 0x00	; 0
    2506:	85 e1       	ldi	r24, 0x15	; 21
    2508:	0e 94 06 15 	call	0x2a0c	; 0x2a0c <DIO_setPinValue>

	if(DIO_readPinValue(KPD_ROW0) == DIO_LOW)
    250c:	8c e0       	ldi	r24, 0x0C	; 12
    250e:	0e 94 91 15 	call	0x2b22	; 0x2b22 <DIO_readPinValue>
    2512:	88 23       	and	r24, r24
    2514:	09 f1       	breq	.+66     	; 0x2558 <KPD_read+0xec>
	{
		return KPD_ROW0_COL2;
	}
	else if(DIO_readPinValue(KPD_ROW1) == DIO_LOW)
    2516:	8d e0       	ldi	r24, 0x0D	; 13
    2518:	0e 94 91 15 	call	0x2b22	; 0x2b22 <DIO_readPinValue>
    251c:	88 23       	and	r24, r24
    251e:	f1 f0       	breq	.+60     	; 0x255c <KPD_read+0xf0>
	{
		return KPD_ROW1_COL2;
	}
	else if(DIO_readPinValue(KPD_ROW2) == DIO_LOW)
    2520:	8e e0       	ldi	r24, 0x0E	; 14
    2522:	0e 94 91 15 	call	0x2b22	; 0x2b22 <DIO_readPinValue>
    2526:	88 23       	and	r24, r24
    2528:	d9 f0       	breq	.+54     	; 0x2560 <KPD_read+0xf4>
	{
		return KPD_ROW2_COL2;
	}
	else if(DIO_readPinValue(KPD_ROW3) == DIO_LOW)
    252a:	8f e0       	ldi	r24, 0x0F	; 15
    252c:	0e 94 91 15 	call	0x2b22	; 0x2b22 <DIO_readPinValue>
    2530:	81 11       	cpse	r24, r1
    2532:	18 c0       	rjmp	.+48     	; 0x2564 <KPD_read+0xf8>
	{
		return KPD_ROW3_COL2;
    2534:	83 e2       	ldi	r24, 0x23	; 35
    2536:	08 95       	ret
	DIO_setPinValue(KPD_COL1, DIO_HIGH);
	DIO_setPinValue(KPD_COL2, DIO_HIGH);

	if(DIO_readPinValue(KPD_ROW0) == DIO_LOW)
	{
		return KPD_ROW0_COL0;
    2538:	81 e3       	ldi	r24, 0x31	; 49
    253a:	08 95       	ret
	}
	else if(DIO_readPinValue(KPD_ROW1) == DIO_LOW)
	{
		return KPD_ROW1_COL0;
    253c:	84 e3       	ldi	r24, 0x34	; 52
    253e:	08 95       	ret
	}
	else if(DIO_readPinValue(KPD_ROW2) == DIO_LOW)
	{
		return KPD_ROW2_COL0;
    2540:	87 e3       	ldi	r24, 0x37	; 55
    2542:	08 95       	ret
	}
	else if(DIO_readPinValue(KPD_ROW3) == DIO_LOW)
	{
		return KPD_ROW3_COL0;
    2544:	8a e2       	ldi	r24, 0x2A	; 42
    2546:	08 95       	ret
	DIO_setPinValue(KPD_COL1, DIO_LOW);
	DIO_setPinValue(KPD_COL2, DIO_HIGH);

	if(DIO_readPinValue(KPD_ROW0) == DIO_LOW)
	{
		return KPD_ROW0_COL1;
    2548:	82 e3       	ldi	r24, 0x32	; 50
    254a:	08 95       	ret
	}
	else if(DIO_readPinValue(KPD_ROW1) == DIO_LOW)
	{
		return KPD_ROW1_COL1;
    254c:	85 e3       	ldi	r24, 0x35	; 53
    254e:	08 95       	ret
	}
	else if(DIO_readPinValue(KPD_ROW2) == DIO_LOW)
	{
		return KPD_ROW2_COL1;
    2550:	88 e3       	ldi	r24, 0x38	; 56
    2552:	08 95       	ret
	}
	else if(DIO_readPinValue(KPD_ROW3) == DIO_LOW)
	{
		return KPD_ROW3_COL1;
    2554:	80 e3       	ldi	r24, 0x30	; 48
    2556:	08 95       	ret
	DIO_setPinValue(KPD_COL1, DIO_HIGH);
	DIO_setPinValue(KPD_COL2, DIO_LOW);

	if(DIO_readPinValue(KPD_ROW0) == DIO_LOW)
	{
		return KPD_ROW0_COL2;
    2558:	83 e3       	ldi	r24, 0x33	; 51
    255a:	08 95       	ret
	}
	else if(DIO_readPinValue(KPD_ROW1) == DIO_LOW)
	{
		return KPD_ROW1_COL2;
    255c:	86 e3       	ldi	r24, 0x36	; 54
    255e:	08 95       	ret
	}
	else if(DIO_readPinValue(KPD_ROW2) == DIO_LOW)
	{
		return KPD_ROW2_COL2;
    2560:	89 e3       	ldi	r24, 0x39	; 57
    2562:	08 95       	ret
	else if(DIO_readPinValue(KPD_ROW3) == DIO_LOW)
	{
		return KPD_ROW3_COL2;
	}

	return KPD_UNPRESSED;
    2564:	88 e7       	ldi	r24, 0x78	; 120
}
    2566:	08 95       	ret

00002568 <LCD_Instruction>:
		LCD_sendCmd(0b00011100);
	}
	else if (direction==LCD_SHIFT_DIS_LIFT)
	{
		//Shift left
		LCD_sendCmd(0b00011000);
    2568:	81 11       	cpse	r24, r1
    256a:	09 c0       	rjmp	.+18     	; 0x257e <LCD_Instruction+0x16>
    256c:	60 e0       	ldi	r22, 0x00	; 0
    256e:	8a e0       	ldi	r24, 0x0A	; 10
    2570:	0e 94 06 15 	call	0x2a0c	; 0x2a0c <DIO_setPinValue>
    2574:	61 e0       	ldi	r22, 0x01	; 1
    2576:	89 e0       	ldi	r24, 0x09	; 9
    2578:	0e 94 06 15 	call	0x2a0c	; 0x2a0c <DIO_setPinValue>
    257c:	08 95       	ret
    257e:	81 30       	cpi	r24, 0x01	; 1
    2580:	41 f4       	brne	.+16     	; 0x2592 <LCD_Instruction+0x2a>
    2582:	60 e0       	ldi	r22, 0x00	; 0
    2584:	8a e0       	ldi	r24, 0x0A	; 10
    2586:	0e 94 06 15 	call	0x2a0c	; 0x2a0c <DIO_setPinValue>
    258a:	60 e0       	ldi	r22, 0x00	; 0
    258c:	89 e0       	ldi	r24, 0x09	; 9
    258e:	0e 94 06 15 	call	0x2a0c	; 0x2a0c <DIO_setPinValue>
    2592:	08 95       	ret

00002594 <LCD_pulse>:
    2594:	61 e0       	ldi	r22, 0x01	; 1
    2596:	8b e0       	ldi	r24, 0x0B	; 11
    2598:	0e 94 06 15 	call	0x2a0c	; 0x2a0c <DIO_setPinValue>
    259c:	8f e9       	ldi	r24, 0x9F	; 159
    259e:	9f e0       	ldi	r25, 0x0F	; 15
    25a0:	01 97       	sbiw	r24, 0x01	; 1
    25a2:	f1 f7       	brne	.-4      	; 0x25a0 <LCD_pulse+0xc>
    25a4:	00 c0       	rjmp	.+0      	; 0x25a6 <LCD_pulse+0x12>
    25a6:	00 00       	nop
    25a8:	60 e0       	ldi	r22, 0x00	; 0
    25aa:	8b e0       	ldi	r24, 0x0B	; 11
    25ac:	0e 94 06 15 	call	0x2a0c	; 0x2a0c <DIO_setPinValue>
    25b0:	08 95       	ret

000025b2 <LCD_sendData>:
    25b2:	cf 93       	push	r28
    25b4:	c8 2f       	mov	r28, r24
    25b6:	80 e0       	ldi	r24, 0x00	; 0
    25b8:	0e 94 b4 12 	call	0x2568	; 0x2568 <LCD_Instruction>
    25bc:	c4 fb       	bst	r28, 4
    25be:	66 27       	eor	r22, r22
    25c0:	60 f9       	bld	r22, 0
    25c2:	84 e0       	ldi	r24, 0x04	; 4
    25c4:	0e 94 06 15 	call	0x2a0c	; 0x2a0c <DIO_setPinValue>
    25c8:	c5 fb       	bst	r28, 5
    25ca:	66 27       	eor	r22, r22
    25cc:	60 f9       	bld	r22, 0
    25ce:	85 e0       	ldi	r24, 0x05	; 5
    25d0:	0e 94 06 15 	call	0x2a0c	; 0x2a0c <DIO_setPinValue>
    25d4:	c6 fb       	bst	r28, 6
    25d6:	66 27       	eor	r22, r22
    25d8:	60 f9       	bld	r22, 0
    25da:	86 e0       	ldi	r24, 0x06	; 6
    25dc:	0e 94 06 15 	call	0x2a0c	; 0x2a0c <DIO_setPinValue>
    25e0:	6c 2f       	mov	r22, r28
    25e2:	66 1f       	adc	r22, r22
    25e4:	66 27       	eor	r22, r22
    25e6:	66 1f       	adc	r22, r22
    25e8:	87 e0       	ldi	r24, 0x07	; 7
    25ea:	0e 94 06 15 	call	0x2a0c	; 0x2a0c <DIO_setPinValue>
    25ee:	0e 94 ca 12 	call	0x2594	; 0x2594 <LCD_pulse>
    25f2:	6c 2f       	mov	r22, r28
    25f4:	61 70       	andi	r22, 0x01	; 1
    25f6:	84 e0       	ldi	r24, 0x04	; 4
    25f8:	0e 94 06 15 	call	0x2a0c	; 0x2a0c <DIO_setPinValue>
    25fc:	c1 fb       	bst	r28, 1
    25fe:	66 27       	eor	r22, r22
    2600:	60 f9       	bld	r22, 0
    2602:	85 e0       	ldi	r24, 0x05	; 5
    2604:	0e 94 06 15 	call	0x2a0c	; 0x2a0c <DIO_setPinValue>
    2608:	c2 fb       	bst	r28, 2
    260a:	66 27       	eor	r22, r22
    260c:	60 f9       	bld	r22, 0
    260e:	86 e0       	ldi	r24, 0x06	; 6
    2610:	0e 94 06 15 	call	0x2a0c	; 0x2a0c <DIO_setPinValue>
    2614:	c3 fb       	bst	r28, 3
    2616:	66 27       	eor	r22, r22
    2618:	60 f9       	bld	r22, 0
    261a:	87 e0       	ldi	r24, 0x07	; 7
    261c:	0e 94 06 15 	call	0x2a0c	; 0x2a0c <DIO_setPinValue>
    2620:	0e 94 ca 12 	call	0x2594	; 0x2594 <LCD_pulse>
    2624:	cf 91       	pop	r28
    2626:	08 95       	ret

00002628 <LCD_sendCmd>:
    2628:	cf 93       	push	r28
    262a:	c8 2f       	mov	r28, r24
    262c:	81 e0       	ldi	r24, 0x01	; 1
    262e:	0e 94 b4 12 	call	0x2568	; 0x2568 <LCD_Instruction>
    2632:	c4 fb       	bst	r28, 4
    2634:	66 27       	eor	r22, r22
    2636:	60 f9       	bld	r22, 0
    2638:	84 e0       	ldi	r24, 0x04	; 4
    263a:	0e 94 06 15 	call	0x2a0c	; 0x2a0c <DIO_setPinValue>
    263e:	c5 fb       	bst	r28, 5
    2640:	66 27       	eor	r22, r22
    2642:	60 f9       	bld	r22, 0
    2644:	85 e0       	ldi	r24, 0x05	; 5
    2646:	0e 94 06 15 	call	0x2a0c	; 0x2a0c <DIO_setPinValue>
    264a:	c6 fb       	bst	r28, 6
    264c:	66 27       	eor	r22, r22
    264e:	60 f9       	bld	r22, 0
    2650:	86 e0       	ldi	r24, 0x06	; 6
    2652:	0e 94 06 15 	call	0x2a0c	; 0x2a0c <DIO_setPinValue>
    2656:	6c 2f       	mov	r22, r28
    2658:	66 1f       	adc	r22, r22
    265a:	66 27       	eor	r22, r22
    265c:	66 1f       	adc	r22, r22
    265e:	87 e0       	ldi	r24, 0x07	; 7
    2660:	0e 94 06 15 	call	0x2a0c	; 0x2a0c <DIO_setPinValue>
    2664:	0e 94 ca 12 	call	0x2594	; 0x2594 <LCD_pulse>
    2668:	6c 2f       	mov	r22, r28
    266a:	61 70       	andi	r22, 0x01	; 1
    266c:	84 e0       	ldi	r24, 0x04	; 4
    266e:	0e 94 06 15 	call	0x2a0c	; 0x2a0c <DIO_setPinValue>
    2672:	c1 fb       	bst	r28, 1
    2674:	66 27       	eor	r22, r22
    2676:	60 f9       	bld	r22, 0
    2678:	85 e0       	ldi	r24, 0x05	; 5
    267a:	0e 94 06 15 	call	0x2a0c	; 0x2a0c <DIO_setPinValue>
    267e:	c2 fb       	bst	r28, 2
    2680:	66 27       	eor	r22, r22
    2682:	60 f9       	bld	r22, 0
    2684:	86 e0       	ldi	r24, 0x06	; 6
    2686:	0e 94 06 15 	call	0x2a0c	; 0x2a0c <DIO_setPinValue>
    268a:	c3 fb       	bst	r28, 3
    268c:	66 27       	eor	r22, r22
    268e:	60 f9       	bld	r22, 0
    2690:	87 e0       	ldi	r24, 0x07	; 7
    2692:	0e 94 06 15 	call	0x2a0c	; 0x2a0c <DIO_setPinValue>
    2696:	0e 94 ca 12 	call	0x2594	; 0x2594 <LCD_pulse>
    269a:	cf 91       	pop	r28
    269c:	08 95       	ret

0000269e <LCD_init>:
    269e:	61 e0       	ldi	r22, 0x01	; 1
    26a0:	84 e0       	ldi	r24, 0x04	; 4
    26a2:	0e 94 7b 14 	call	0x28f6	; 0x28f6 <DIO_setPinDir>
    26a6:	61 e0       	ldi	r22, 0x01	; 1
    26a8:	85 e0       	ldi	r24, 0x05	; 5
    26aa:	0e 94 7b 14 	call	0x28f6	; 0x28f6 <DIO_setPinDir>
    26ae:	61 e0       	ldi	r22, 0x01	; 1
    26b0:	86 e0       	ldi	r24, 0x06	; 6
    26b2:	0e 94 7b 14 	call	0x28f6	; 0x28f6 <DIO_setPinDir>
    26b6:	61 e0       	ldi	r22, 0x01	; 1
    26b8:	87 e0       	ldi	r24, 0x07	; 7
    26ba:	0e 94 7b 14 	call	0x28f6	; 0x28f6 <DIO_setPinDir>
    26be:	61 e0       	ldi	r22, 0x01	; 1
    26c0:	8b e0       	ldi	r24, 0x0B	; 11
    26c2:	0e 94 7b 14 	call	0x28f6	; 0x28f6 <DIO_setPinDir>
    26c6:	61 e0       	ldi	r22, 0x01	; 1
    26c8:	8a e0       	ldi	r24, 0x0A	; 10
    26ca:	0e 94 7b 14 	call	0x28f6	; 0x28f6 <DIO_setPinDir>
    26ce:	61 e0       	ldi	r22, 0x01	; 1
    26d0:	89 e0       	ldi	r24, 0x09	; 9
    26d2:	0e 94 7b 14 	call	0x28f6	; 0x28f6 <DIO_setPinDir>
    26d6:	82 e0       	ldi	r24, 0x02	; 2
    26d8:	0e 94 14 13 	call	0x2628	; 0x2628 <LCD_sendCmd>
    26dc:	2f ef       	ldi	r18, 0xFF	; 255
    26de:	86 e7       	ldi	r24, 0x76	; 118
    26e0:	91 e0       	ldi	r25, 0x01	; 1
    26e2:	21 50       	subi	r18, 0x01	; 1
    26e4:	80 40       	sbci	r24, 0x00	; 0
    26e6:	90 40       	sbci	r25, 0x00	; 0
    26e8:	e1 f7       	brne	.-8      	; 0x26e2 <LCD_init+0x44>
    26ea:	00 c0       	rjmp	.+0      	; 0x26ec <LCD_init+0x4e>
    26ec:	00 00       	nop
    26ee:	88 e2       	ldi	r24, 0x28	; 40
    26f0:	0e 94 14 13 	call	0x2628	; 0x2628 <LCD_sendCmd>
    26f4:	8f e9       	ldi	r24, 0x9F	; 159
    26f6:	9f e0       	ldi	r25, 0x0F	; 15
    26f8:	01 97       	sbiw	r24, 0x01	; 1
    26fa:	f1 f7       	brne	.-4      	; 0x26f8 <LCD_init+0x5a>
    26fc:	00 c0       	rjmp	.+0      	; 0x26fe <LCD_init+0x60>
    26fe:	00 00       	nop
    2700:	8f e0       	ldi	r24, 0x0F	; 15
    2702:	0e 94 14 13 	call	0x2628	; 0x2628 <LCD_sendCmd>
    2706:	8f e9       	ldi	r24, 0x9F	; 159
    2708:	9f e0       	ldi	r25, 0x0F	; 15
    270a:	01 97       	sbiw	r24, 0x01	; 1
    270c:	f1 f7       	brne	.-4      	; 0x270a <LCD_init+0x6c>
    270e:	00 c0       	rjmp	.+0      	; 0x2710 <LCD_init+0x72>
    2710:	00 00       	nop
    2712:	81 e0       	ldi	r24, 0x01	; 1
    2714:	0e 94 14 13 	call	0x2628	; 0x2628 <LCD_sendCmd>
    2718:	8f e3       	ldi	r24, 0x3F	; 63
    271a:	9f e1       	ldi	r25, 0x1F	; 31
    271c:	01 97       	sbiw	r24, 0x01	; 1
    271e:	f1 f7       	brne	.-4      	; 0x271c <LCD_init+0x7e>
    2720:	00 c0       	rjmp	.+0      	; 0x2722 <LCD_init+0x84>
    2722:	00 00       	nop
    2724:	86 e0       	ldi	r24, 0x06	; 6
    2726:	0e 94 14 13 	call	0x2628	; 0x2628 <LCD_sendCmd>
    272a:	08 95       	ret

0000272c <LCD_clearDis>:
    272c:	81 e0       	ldi	r24, 0x01	; 1
    272e:	0e 94 14 13 	call	0x2628	; 0x2628 <LCD_sendCmd>
    2732:	08 95       	ret

00002734 <LCD_GoTo>:
    2734:	61 11       	cpse	r22, r1
    2736:	04 c0       	rjmp	.+8      	; 0x2740 <LCD_GoTo+0xc>
    2738:	80 58       	subi	r24, 0x80	; 128
    273a:	0e 94 14 13 	call	0x2628	; 0x2628 <LCD_sendCmd>
    273e:	08 95       	ret
    2740:	61 30       	cpi	r22, 0x01	; 1
    2742:	19 f4       	brne	.+6      	; 0x274a <LCD_GoTo+0x16>
    2744:	80 54       	subi	r24, 0x40	; 64
    2746:	0e 94 14 13 	call	0x2628	; 0x2628 <LCD_sendCmd>
    274a:	08 95       	ret

0000274c <LCD_sendStr>:
	DIO_setPinValue(LCD_D7,GET_BIT(cmd,3));
	
	LCD_pulse();
}

void LCD_sendStr(u8* str){
    274c:	0f 93       	push	r16
    274e:	1f 93       	push	r17
    2750:	cf 93       	push	r28
    2752:	8c 01       	movw	r16, r24
	u8 i=0;
    2754:	c0 e0       	ldi	r28, 0x00	; 0
	while (str[i]!='\0')
    2756:	03 c0       	rjmp	.+6      	; 0x275e <LCD_sendStr+0x12>
	{
		LCD_sendData(str[i]);
    2758:	0e 94 d9 12 	call	0x25b2	; 0x25b2 <LCD_sendData>
		i++;
    275c:	cf 5f       	subi	r28, 0xFF	; 255
	LCD_pulse();
}

void LCD_sendStr(u8* str){
	u8 i=0;
	while (str[i]!='\0')
    275e:	f8 01       	movw	r30, r16
    2760:	ec 0f       	add	r30, r28
    2762:	f1 1d       	adc	r31, r1
    2764:	80 81       	ld	r24, Z
    2766:	81 11       	cpse	r24, r1
    2768:	f7 cf       	rjmp	.-18     	; 0x2758 <LCD_sendStr+0xc>
	{
		LCD_sendData(str[i]);
		i++;
	}
	
}
    276a:	cf 91       	pop	r28
    276c:	1f 91       	pop	r17
    276e:	0f 91       	pop	r16
    2770:	08 95       	ret

00002772 <LCD_sendNum>:

void LCD_sendNum(s32 num){
    2772:	ef 92       	push	r14
    2774:	ff 92       	push	r15
    2776:	1f 93       	push	r17
    2778:	cf 93       	push	r28
    277a:	df 93       	push	r29
    277c:	cd b7       	in	r28, 0x3d	; 61
    277e:	de b7       	in	r29, 0x3e	; 62
    2780:	2a 97       	sbiw	r28, 0x0a	; 10
    2782:	0f b6       	in	r0, 0x3f	; 63
    2784:	f8 94       	cli
    2786:	de bf       	out	0x3e, r29	; 62
    2788:	0f be       	out	0x3f, r0	; 63
    278a:	cd bf       	out	0x3d, r28	; 61
    278c:	7c 01       	movw	r14, r24
	u8 arr_numbers[10] ;
	s8 i=0;	
	if(num==0){
    278e:	00 97       	sbiw	r24, 0x00	; 0
    2790:	21 f4       	brne	.+8      	; 0x279a <LCD_sendNum+0x28>
		LCD_sendData('0');
    2792:	80 e3       	ldi	r24, 0x30	; 48
    2794:	0e 94 d9 12 	call	0x25b2	; 0x25b2 <LCD_sendData>
    2798:	2c c0       	rjmp	.+88     	; 0x27f2 <LCD_sendNum+0x80>
		return;
	}
	else if (num<0)
    279a:	99 23       	and	r25, r25
    279c:	1c f4       	brge	.+6      	; 0x27a4 <LCD_sendNum+0x32>
	{
		LCD_sendData('-');
    279e:	8d e2       	ldi	r24, 0x2D	; 45
    27a0:	0e 94 d9 12 	call	0x25b2	; 0x25b2 <LCD_sendData>
		i++;
	}
	
}

void LCD_sendNum(s32 num){
    27a4:	10 e0       	ldi	r17, 0x00	; 0
    27a6:	12 c0       	rjmp	.+36     	; 0x27cc <LCD_sendNum+0x5a>
		LCD_sendData('-');
	}
	
	while (num>0)
	{
		arr_numbers[i]=(num%10)+48;
    27a8:	c7 01       	movw	r24, r14
    27aa:	6a e0       	ldi	r22, 0x0A	; 10
    27ac:	70 e0       	ldi	r23, 0x00	; 0
    27ae:	0e 94 ee 19 	call	0x33dc	; 0x33dc <__divmodhi4>
    27b2:	e1 e0       	ldi	r30, 0x01	; 1
    27b4:	f0 e0       	ldi	r31, 0x00	; 0
    27b6:	ec 0f       	add	r30, r28
    27b8:	fd 1f       	adc	r31, r29
    27ba:	e1 0f       	add	r30, r17
    27bc:	f1 1d       	adc	r31, r1
    27be:	17 fd       	sbrc	r17, 7
    27c0:	fa 95       	dec	r31
    27c2:	80 5d       	subi	r24, 0xD0	; 208
    27c4:	80 83       	st	Z, r24
		num=num/10;
    27c6:	e6 2e       	mov	r14, r22
    27c8:	f7 2e       	mov	r15, r23
		i++;
    27ca:	1f 5f       	subi	r17, 0xFF	; 255
	else if (num<0)
	{
		LCD_sendData('-');
	}
	
	while (num>0)
    27cc:	1e 14       	cp	r1, r14
    27ce:	1f 04       	cpc	r1, r15
    27d0:	5c f3       	brlt	.-42     	; 0x27a8 <LCD_sendNum+0x36>
	{
		arr_numbers[i]=(num%10)+48;
		num=num/10;
		i++;
	}
	i--;
    27d2:	11 50       	subi	r17, 0x01	; 1
	while (i>=0)
    27d4:	0c c0       	rjmp	.+24     	; 0x27ee <LCD_sendNum+0x7c>
	{
		LCD_sendData(arr_numbers[i]);
    27d6:	e1 e0       	ldi	r30, 0x01	; 1
    27d8:	f0 e0       	ldi	r31, 0x00	; 0
    27da:	ec 0f       	add	r30, r28
    27dc:	fd 1f       	adc	r31, r29
    27de:	e1 0f       	add	r30, r17
    27e0:	f1 1d       	adc	r31, r1
    27e2:	17 fd       	sbrc	r17, 7
    27e4:	fa 95       	dec	r31
    27e6:	80 81       	ld	r24, Z
    27e8:	0e 94 d9 12 	call	0x25b2	; 0x25b2 <LCD_sendData>
		i--;
    27ec:	11 50       	subi	r17, 0x01	; 1
		arr_numbers[i]=(num%10)+48;
		num=num/10;
		i++;
	}
	i--;
	while (i>=0)
    27ee:	11 23       	and	r17, r17
    27f0:	94 f7       	brge	.-28     	; 0x27d6 <LCD_sendNum+0x64>
	{
		LCD_sendData(arr_numbers[i]);
		i--;
	}
}
    27f2:	2a 96       	adiw	r28, 0x0a	; 10
    27f4:	0f b6       	in	r0, 0x3f	; 63
    27f6:	f8 94       	cli
    27f8:	de bf       	out	0x3e, r29	; 62
    27fa:	0f be       	out	0x3f, r0	; 63
    27fc:	cd bf       	out	0x3d, r28	; 61
    27fe:	df 91       	pop	r29
    2800:	cf 91       	pop	r28
    2802:	1f 91       	pop	r17
    2804:	ff 90       	pop	r15
    2806:	ef 90       	pop	r14
    2808:	08 95       	ret

0000280a <LCD_sendFloatNum>:

void LCD_sendFloatNum(f32 num){
    280a:	cf 92       	push	r12
    280c:	df 92       	push	r13
    280e:	ef 92       	push	r14
    2810:	ff 92       	push	r15
    2812:	6b 01       	movw	r12, r22
    2814:	7c 01       	movw	r14, r24
	
	LCD_sendNum((s32)num);
    2816:	0e 94 80 18 	call	0x3100	; 0x3100 <__fixsfsi>
    281a:	cb 01       	movw	r24, r22
    281c:	0e 94 b9 13 	call	0x2772	; 0x2772 <LCD_sendNum>
	
	LCD_sendData('.');
    2820:	8e e2       	ldi	r24, 0x2E	; 46
    2822:	0e 94 d9 12 	call	0x25b2	; 0x25b2 <LCD_sendData>
	
	num = num - (u32) num;
    2826:	c7 01       	movw	r24, r14
    2828:	b6 01       	movw	r22, r12
    282a:	0e 94 87 18 	call	0x310e	; 0x310e <__fixunssfsi>
    282e:	80 e0       	ldi	r24, 0x00	; 0
    2830:	90 e0       	ldi	r25, 0x00	; 0
    2832:	0e 94 b6 18 	call	0x316c	; 0x316c <__floatunsisf>
    2836:	9b 01       	movw	r18, r22
    2838:	ac 01       	movw	r20, r24
    283a:	c7 01       	movw	r24, r14
    283c:	b6 01       	movw	r22, r12
    283e:	0e 94 0e 18 	call	0x301c	; 0x301c <__subsf3>
	num = num * 1000;
    2842:	20 e0       	ldi	r18, 0x00	; 0
    2844:	30 e0       	ldi	r19, 0x00	; 0
    2846:	4a e7       	ldi	r20, 0x7A	; 122
    2848:	54 e4       	ldi	r21, 0x44	; 68
    284a:	0e 94 6d 19 	call	0x32da	; 0x32da <__mulsf3>
	
	LCD_sendNum((u32)num);
    284e:	0e 94 87 18 	call	0x310e	; 0x310e <__fixunssfsi>
    2852:	cb 01       	movw	r24, r22
    2854:	0e 94 b9 13 	call	0x2772	; 0x2772 <LCD_sendNum>
}
    2858:	ff 90       	pop	r15
    285a:	ef 90       	pop	r14
    285c:	df 90       	pop	r13
    285e:	cf 90       	pop	r12
    2860:	08 95       	ret

00002862 <ADC_init>:
#include "ADC_INT.h"

void ADC_init()
{
	//select Vref -> AVCC
	SET_BIT(ADMUX,REFS0);
    2862:	87 b1       	in	r24, 0x07	; 7
    2864:	80 64       	ori	r24, 0x40	; 64
    2866:	87 b9       	out	0x07, r24	; 7
	CLEAR_BIT(ADMUX,REFS1);
    2868:	87 b1       	in	r24, 0x07	; 7
    286a:	8f 77       	andi	r24, 0x7F	; 127
    286c:	87 b9       	out	0x07, r24	; 7
	
	//Prescaler select 128
	SET_BIT(ADCSRA,ADPS0);
    286e:	86 b1       	in	r24, 0x06	; 6
    2870:	81 60       	ori	r24, 0x01	; 1
    2872:	86 b9       	out	0x06, r24	; 6
	SET_BIT(ADCSRA,ADPS1);
    2874:	86 b1       	in	r24, 0x06	; 6
    2876:	82 60       	ori	r24, 0x02	; 2
    2878:	86 b9       	out	0x06, r24	; 6
	SET_BIT(ADCSRA,ADPS2);
    287a:	86 b1       	in	r24, 0x06	; 6
    287c:	84 60       	ori	r24, 0x04	; 4
    287e:	86 b9       	out	0x06, r24	; 6
	
	//enable ADC
	SET_BIT(ADCSRA,ADEN);
    2880:	86 b1       	in	r24, 0x06	; 6
    2882:	80 68       	ori	r24, 0x80	; 128
    2884:	86 b9       	out	0x06, r24	; 6
    2886:	08 95       	ret

00002888 <ADC_read>:
}

u16 ADC_read(u8 chNum)
{
	//select ch.
	if(chNum == ADC_CH0)
    2888:	81 11       	cpse	r24, r1
    288a:	10 c0       	rjmp	.+32     	; 0x28ac <ADC_read+0x24>
	{
		CLEAR_BIT(ADMUX,MUX0);
    288c:	87 b1       	in	r24, 0x07	; 7
    288e:	8e 7f       	andi	r24, 0xFE	; 254
    2890:	87 b9       	out	0x07, r24	; 7
		CLEAR_BIT(ADMUX,MUX1);
    2892:	87 b1       	in	r24, 0x07	; 7
    2894:	8d 7f       	andi	r24, 0xFD	; 253
    2896:	87 b9       	out	0x07, r24	; 7
		CLEAR_BIT(ADMUX,MUX2);
    2898:	87 b1       	in	r24, 0x07	; 7
    289a:	8b 7f       	andi	r24, 0xFB	; 251
    289c:	87 b9       	out	0x07, r24	; 7
		CLEAR_BIT(ADMUX,MUX3);
    289e:	87 b1       	in	r24, 0x07	; 7
    28a0:	87 7f       	andi	r24, 0xF7	; 247
    28a2:	87 b9       	out	0x07, r24	; 7
		CLEAR_BIT(ADMUX,MUX4);
    28a4:	87 b1       	in	r24, 0x07	; 7
    28a6:	8f 7e       	andi	r24, 0xEF	; 239
    28a8:	87 b9       	out	0x07, r24	; 7
    28aa:	11 c0       	rjmp	.+34     	; 0x28ce <ADC_read+0x46>
	}
	else if(chNum == ADC_CH1)
    28ac:	81 30       	cpi	r24, 0x01	; 1
    28ae:	79 f4       	brne	.+30     	; 0x28ce <ADC_read+0x46>
	{
		SET_BIT(ADMUX,MUX0);
    28b0:	87 b1       	in	r24, 0x07	; 7
    28b2:	81 60       	ori	r24, 0x01	; 1
    28b4:	87 b9       	out	0x07, r24	; 7
		CLEAR_BIT(ADMUX,MUX1);
    28b6:	87 b1       	in	r24, 0x07	; 7
    28b8:	8d 7f       	andi	r24, 0xFD	; 253
    28ba:	87 b9       	out	0x07, r24	; 7
		CLEAR_BIT(ADMUX,MUX2);
    28bc:	87 b1       	in	r24, 0x07	; 7
    28be:	8b 7f       	andi	r24, 0xFB	; 251
    28c0:	87 b9       	out	0x07, r24	; 7
		CLEAR_BIT(ADMUX,MUX3);
    28c2:	87 b1       	in	r24, 0x07	; 7
    28c4:	87 7f       	andi	r24, 0xF7	; 247
    28c6:	87 b9       	out	0x07, r24	; 7
		CLEAR_BIT(ADMUX,MUX4);
    28c8:	87 b1       	in	r24, 0x07	; 7
    28ca:	8f 7e       	andi	r24, 0xEF	; 239
    28cc:	87 b9       	out	0x07, r24	; 7
	}
	
	//start
	SET_BIT(ADCSRA,ADSC);
    28ce:	86 b1       	in	r24, 0x06	; 6
    28d0:	80 64       	ori	r24, 0x40	; 64
    28d2:	86 b9       	out	0x06, r24	; 6
	//wait conv.
	while(GET_BIT(ADCSRA ,ADSC) == 1);
    28d4:	36 99       	sbic	0x06, 6	; 6
    28d6:	fe cf       	rjmp	.-4      	; 0x28d4 <ADC_read+0x4c>
	
	//read
	return ADCLH;
    28d8:	84 b1       	in	r24, 0x04	; 4
    28da:	95 b1       	in	r25, 0x05	; 5
}
    28dc:	08 95       	ret

000028de <ADC_convertAnalog>:

f32 ADC_convertAnalog(u16 digitalValue)
{
	//analog = digital * step (5.0/1024)
	return (digitalValue*(((f32)5)/1024));
    28de:	bc 01       	movw	r22, r24
    28e0:	80 e0       	ldi	r24, 0x00	; 0
    28e2:	90 e0       	ldi	r25, 0x00	; 0
    28e4:	0e 94 b6 18 	call	0x316c	; 0x316c <__floatunsisf>
    28e8:	20 e0       	ldi	r18, 0x00	; 0
    28ea:	30 e0       	ldi	r19, 0x00	; 0
    28ec:	40 ea       	ldi	r20, 0xA0	; 160
    28ee:	5b e3       	ldi	r21, 0x3B	; 59
    28f0:	0e 94 6d 19 	call	0x32da	; 0x32da <__mulsf3>
    28f4:	08 95       	ret

000028f6 <DIO_setPinDir>:

#include "DIO_INT.h"

void DIO_setPinDir(u8 pinNum, u8 dir){
	//PORTA
	if (pinNum>=0 && pinNum<=7) 
    28f6:	88 30       	cpi	r24, 0x08	; 8
    28f8:	00 f5       	brcc	.+64     	; 0x293a <DIO_setPinDir+0x44>
	{
		if (dir==DIO_INPUT){
    28fa:	61 11       	cpse	r22, r1
    28fc:	0e c0       	rjmp	.+28     	; 0x291a <DIO_setPinDir+0x24>
			CLEAR_BIT(DDRA,pinNum);
    28fe:	4a b3       	in	r20, 0x1a	; 26
    2900:	21 e0       	ldi	r18, 0x01	; 1
    2902:	30 e0       	ldi	r19, 0x00	; 0
    2904:	b9 01       	movw	r22, r18
    2906:	02 c0       	rjmp	.+4      	; 0x290c <DIO_setPinDir+0x16>
    2908:	66 0f       	add	r22, r22
    290a:	77 1f       	adc	r23, r23
    290c:	8a 95       	dec	r24
    290e:	e2 f7       	brpl	.-8      	; 0x2908 <DIO_setPinDir+0x12>
    2910:	cb 01       	movw	r24, r22
    2912:	80 95       	com	r24
    2914:	84 23       	and	r24, r20
    2916:	8a bb       	out	0x1a, r24	; 26
    2918:	08 95       	ret
		}
		else if(dir==DIO_OUTPUT){
    291a:	61 30       	cpi	r22, 0x01	; 1
    291c:	09 f0       	breq	.+2      	; 0x2920 <DIO_setPinDir+0x2a>
    291e:	75 c0       	rjmp	.+234    	; 0x2a0a <DIO_setPinDir+0x114>
			SET_BIT(DDRA,pinNum);
    2920:	4a b3       	in	r20, 0x1a	; 26
    2922:	21 e0       	ldi	r18, 0x01	; 1
    2924:	30 e0       	ldi	r19, 0x00	; 0
    2926:	b9 01       	movw	r22, r18
    2928:	02 c0       	rjmp	.+4      	; 0x292e <DIO_setPinDir+0x38>
    292a:	66 0f       	add	r22, r22
    292c:	77 1f       	adc	r23, r23
    292e:	8a 95       	dec	r24
    2930:	e2 f7       	brpl	.-8      	; 0x292a <DIO_setPinDir+0x34>
    2932:	cb 01       	movw	r24, r22
    2934:	84 2b       	or	r24, r20
    2936:	8a bb       	out	0x1a, r24	; 26
    2938:	08 95       	ret
		}
	}
	else //PORTB
	if (pinNum>=8 && pinNum<=15) 
    293a:	98 ef       	ldi	r25, 0xF8	; 248
    293c:	98 0f       	add	r25, r24
    293e:	98 30       	cpi	r25, 0x08	; 8
    2940:	00 f5       	brcc	.+64     	; 0x2982 <DIO_setPinDir+0x8c>
	{
		pinNum=pinNum-8;
		if (dir==DIO_INPUT){
    2942:	61 11       	cpse	r22, r1
    2944:	0e c0       	rjmp	.+28     	; 0x2962 <DIO_setPinDir+0x6c>
			CLEAR_BIT(DDRB,pinNum);
    2946:	47 b3       	in	r20, 0x17	; 23
    2948:	21 e0       	ldi	r18, 0x01	; 1
    294a:	30 e0       	ldi	r19, 0x00	; 0
    294c:	b9 01       	movw	r22, r18
    294e:	02 c0       	rjmp	.+4      	; 0x2954 <DIO_setPinDir+0x5e>
    2950:	66 0f       	add	r22, r22
    2952:	77 1f       	adc	r23, r23
    2954:	9a 95       	dec	r25
    2956:	e2 f7       	brpl	.-8      	; 0x2950 <DIO_setPinDir+0x5a>
    2958:	cb 01       	movw	r24, r22
    295a:	80 95       	com	r24
    295c:	84 23       	and	r24, r20
    295e:	87 bb       	out	0x17, r24	; 23
    2960:	08 95       	ret
		}
		else if(dir==DIO_OUTPUT){
    2962:	61 30       	cpi	r22, 0x01	; 1
    2964:	09 f0       	breq	.+2      	; 0x2968 <DIO_setPinDir+0x72>
    2966:	51 c0       	rjmp	.+162    	; 0x2a0a <DIO_setPinDir+0x114>
			SET_BIT(DDRB,pinNum);
    2968:	47 b3       	in	r20, 0x17	; 23
    296a:	21 e0       	ldi	r18, 0x01	; 1
    296c:	30 e0       	ldi	r19, 0x00	; 0
    296e:	b9 01       	movw	r22, r18
    2970:	02 c0       	rjmp	.+4      	; 0x2976 <DIO_setPinDir+0x80>
    2972:	66 0f       	add	r22, r22
    2974:	77 1f       	adc	r23, r23
    2976:	9a 95       	dec	r25
    2978:	e2 f7       	brpl	.-8      	; 0x2972 <DIO_setPinDir+0x7c>
    297a:	cb 01       	movw	r24, r22
    297c:	84 2b       	or	r24, r20
    297e:	87 bb       	out	0x17, r24	; 23
    2980:	08 95       	ret
		}
	}
	else //PORTC
	if (pinNum>=16 && pinNum<=23) 
    2982:	90 ef       	ldi	r25, 0xF0	; 240
    2984:	98 0f       	add	r25, r24
    2986:	98 30       	cpi	r25, 0x08	; 8
    2988:	f8 f4       	brcc	.+62     	; 0x29c8 <DIO_setPinDir+0xd2>
	{
		pinNum=pinNum-16;
		if (dir==DIO_INPUT){
    298a:	61 11       	cpse	r22, r1
    298c:	0e c0       	rjmp	.+28     	; 0x29aa <DIO_setPinDir+0xb4>
			CLEAR_BIT(DDRC,pinNum);
    298e:	44 b3       	in	r20, 0x14	; 20
    2990:	21 e0       	ldi	r18, 0x01	; 1
    2992:	30 e0       	ldi	r19, 0x00	; 0
    2994:	b9 01       	movw	r22, r18
    2996:	02 c0       	rjmp	.+4      	; 0x299c <DIO_setPinDir+0xa6>
    2998:	66 0f       	add	r22, r22
    299a:	77 1f       	adc	r23, r23
    299c:	9a 95       	dec	r25
    299e:	e2 f7       	brpl	.-8      	; 0x2998 <DIO_setPinDir+0xa2>
    29a0:	cb 01       	movw	r24, r22
    29a2:	80 95       	com	r24
    29a4:	84 23       	and	r24, r20
    29a6:	84 bb       	out	0x14, r24	; 20
    29a8:	08 95       	ret
		}
		else if(dir==DIO_OUTPUT){
    29aa:	61 30       	cpi	r22, 0x01	; 1
    29ac:	71 f5       	brne	.+92     	; 0x2a0a <DIO_setPinDir+0x114>
			SET_BIT(DDRC,pinNum);
    29ae:	44 b3       	in	r20, 0x14	; 20
    29b0:	21 e0       	ldi	r18, 0x01	; 1
    29b2:	30 e0       	ldi	r19, 0x00	; 0
    29b4:	b9 01       	movw	r22, r18
    29b6:	02 c0       	rjmp	.+4      	; 0x29bc <DIO_setPinDir+0xc6>
    29b8:	66 0f       	add	r22, r22
    29ba:	77 1f       	adc	r23, r23
    29bc:	9a 95       	dec	r25
    29be:	e2 f7       	brpl	.-8      	; 0x29b8 <DIO_setPinDir+0xc2>
    29c0:	cb 01       	movw	r24, r22
    29c2:	84 2b       	or	r24, r20
    29c4:	84 bb       	out	0x14, r24	; 20
    29c6:	08 95       	ret
		}
	}
	else //PORTD
	if (pinNum>=24 && pinNum<=31) 
    29c8:	88 51       	subi	r24, 0x18	; 24
    29ca:	88 30       	cpi	r24, 0x08	; 8
    29cc:	f0 f4       	brcc	.+60     	; 0x2a0a <DIO_setPinDir+0x114>
	{
		pinNum=pinNum-24;
		if (dir==DIO_INPUT){
    29ce:	61 11       	cpse	r22, r1
    29d0:	0e c0       	rjmp	.+28     	; 0x29ee <DIO_setPinDir+0xf8>
			CLEAR_BIT(DDRD,pinNum);
    29d2:	41 b3       	in	r20, 0x11	; 17
    29d4:	21 e0       	ldi	r18, 0x01	; 1
    29d6:	30 e0       	ldi	r19, 0x00	; 0
    29d8:	b9 01       	movw	r22, r18
    29da:	02 c0       	rjmp	.+4      	; 0x29e0 <DIO_setPinDir+0xea>
    29dc:	66 0f       	add	r22, r22
    29de:	77 1f       	adc	r23, r23
    29e0:	8a 95       	dec	r24
    29e2:	e2 f7       	brpl	.-8      	; 0x29dc <DIO_setPinDir+0xe6>
    29e4:	cb 01       	movw	r24, r22
    29e6:	80 95       	com	r24
    29e8:	84 23       	and	r24, r20
    29ea:	81 bb       	out	0x11, r24	; 17
    29ec:	08 95       	ret
		}
		else if(dir==DIO_OUTPUT){
    29ee:	61 30       	cpi	r22, 0x01	; 1
    29f0:	61 f4       	brne	.+24     	; 0x2a0a <DIO_setPinDir+0x114>
			SET_BIT(DDRD,pinNum);
    29f2:	41 b3       	in	r20, 0x11	; 17
    29f4:	21 e0       	ldi	r18, 0x01	; 1
    29f6:	30 e0       	ldi	r19, 0x00	; 0
    29f8:	b9 01       	movw	r22, r18
    29fa:	02 c0       	rjmp	.+4      	; 0x2a00 <DIO_setPinDir+0x10a>
    29fc:	66 0f       	add	r22, r22
    29fe:	77 1f       	adc	r23, r23
    2a00:	8a 95       	dec	r24
    2a02:	e2 f7       	brpl	.-8      	; 0x29fc <DIO_setPinDir+0x106>
    2a04:	cb 01       	movw	r24, r22
    2a06:	84 2b       	or	r24, r20
    2a08:	81 bb       	out	0x11, r24	; 17
    2a0a:	08 95       	ret

00002a0c <DIO_setPinValue>:
	}
}

void DIO_setPinValue(u8 pinNum, u8 level){
	//PORTA
	if (pinNum>=0 && pinNum<=7) 
    2a0c:	88 30       	cpi	r24, 0x08	; 8
    2a0e:	00 f5       	brcc	.+64     	; 0x2a50 <DIO_setPinValue+0x44>
	{
		if (level==DIO_LOW){
    2a10:	61 11       	cpse	r22, r1
    2a12:	0e c0       	rjmp	.+28     	; 0x2a30 <DIO_setPinValue+0x24>
			CLEAR_BIT(PORTA,pinNum);
    2a14:	4b b3       	in	r20, 0x1b	; 27
    2a16:	21 e0       	ldi	r18, 0x01	; 1
    2a18:	30 e0       	ldi	r19, 0x00	; 0
    2a1a:	b9 01       	movw	r22, r18
    2a1c:	02 c0       	rjmp	.+4      	; 0x2a22 <DIO_setPinValue+0x16>
    2a1e:	66 0f       	add	r22, r22
    2a20:	77 1f       	adc	r23, r23
    2a22:	8a 95       	dec	r24
    2a24:	e2 f7       	brpl	.-8      	; 0x2a1e <DIO_setPinValue+0x12>
    2a26:	cb 01       	movw	r24, r22
    2a28:	80 95       	com	r24
    2a2a:	84 23       	and	r24, r20
    2a2c:	8b bb       	out	0x1b, r24	; 27
    2a2e:	08 95       	ret
		}
		else if(level==DIO_HIGH){
    2a30:	61 30       	cpi	r22, 0x01	; 1
    2a32:	09 f0       	breq	.+2      	; 0x2a36 <DIO_setPinValue+0x2a>
    2a34:	75 c0       	rjmp	.+234    	; 0x2b20 <DIO_setPinValue+0x114>
			SET_BIT(PORTA,pinNum);
    2a36:	4b b3       	in	r20, 0x1b	; 27
    2a38:	21 e0       	ldi	r18, 0x01	; 1
    2a3a:	30 e0       	ldi	r19, 0x00	; 0
    2a3c:	b9 01       	movw	r22, r18
    2a3e:	02 c0       	rjmp	.+4      	; 0x2a44 <DIO_setPinValue+0x38>
    2a40:	66 0f       	add	r22, r22
    2a42:	77 1f       	adc	r23, r23
    2a44:	8a 95       	dec	r24
    2a46:	e2 f7       	brpl	.-8      	; 0x2a40 <DIO_setPinValue+0x34>
    2a48:	cb 01       	movw	r24, r22
    2a4a:	84 2b       	or	r24, r20
    2a4c:	8b bb       	out	0x1b, r24	; 27
    2a4e:	08 95       	ret
		}
	}
	else //PORTB
	if (pinNum>=8 && pinNum<=15) 
    2a50:	98 ef       	ldi	r25, 0xF8	; 248
    2a52:	98 0f       	add	r25, r24
    2a54:	98 30       	cpi	r25, 0x08	; 8
    2a56:	00 f5       	brcc	.+64     	; 0x2a98 <DIO_setPinValue+0x8c>
	{
		pinNum=pinNum-8;
		if (level==DIO_LOW){
    2a58:	61 11       	cpse	r22, r1
    2a5a:	0e c0       	rjmp	.+28     	; 0x2a78 <DIO_setPinValue+0x6c>
			CLEAR_BIT(PORTB,pinNum);
    2a5c:	48 b3       	in	r20, 0x18	; 24
    2a5e:	21 e0       	ldi	r18, 0x01	; 1
    2a60:	30 e0       	ldi	r19, 0x00	; 0
    2a62:	b9 01       	movw	r22, r18
    2a64:	02 c0       	rjmp	.+4      	; 0x2a6a <DIO_setPinValue+0x5e>
    2a66:	66 0f       	add	r22, r22
    2a68:	77 1f       	adc	r23, r23
    2a6a:	9a 95       	dec	r25
    2a6c:	e2 f7       	brpl	.-8      	; 0x2a66 <DIO_setPinValue+0x5a>
    2a6e:	cb 01       	movw	r24, r22
    2a70:	80 95       	com	r24
    2a72:	84 23       	and	r24, r20
    2a74:	88 bb       	out	0x18, r24	; 24
    2a76:	08 95       	ret
		}
		else if(level==DIO_HIGH){
    2a78:	61 30       	cpi	r22, 0x01	; 1
    2a7a:	09 f0       	breq	.+2      	; 0x2a7e <DIO_setPinValue+0x72>
    2a7c:	51 c0       	rjmp	.+162    	; 0x2b20 <DIO_setPinValue+0x114>
			SET_BIT(PORTB,pinNum);
    2a7e:	48 b3       	in	r20, 0x18	; 24
    2a80:	21 e0       	ldi	r18, 0x01	; 1
    2a82:	30 e0       	ldi	r19, 0x00	; 0
    2a84:	b9 01       	movw	r22, r18
    2a86:	02 c0       	rjmp	.+4      	; 0x2a8c <DIO_setPinValue+0x80>
    2a88:	66 0f       	add	r22, r22
    2a8a:	77 1f       	adc	r23, r23
    2a8c:	9a 95       	dec	r25
    2a8e:	e2 f7       	brpl	.-8      	; 0x2a88 <DIO_setPinValue+0x7c>
    2a90:	cb 01       	movw	r24, r22
    2a92:	84 2b       	or	r24, r20
    2a94:	88 bb       	out	0x18, r24	; 24
    2a96:	08 95       	ret
		}
	}
	else //PORTC
	if (pinNum>=16 && pinNum<=23) 
    2a98:	90 ef       	ldi	r25, 0xF0	; 240
    2a9a:	98 0f       	add	r25, r24
    2a9c:	98 30       	cpi	r25, 0x08	; 8
    2a9e:	f8 f4       	brcc	.+62     	; 0x2ade <DIO_setPinValue+0xd2>
	{
		pinNum=pinNum-16;
		if (level==DIO_LOW){
    2aa0:	61 11       	cpse	r22, r1
    2aa2:	0e c0       	rjmp	.+28     	; 0x2ac0 <DIO_setPinValue+0xb4>
			CLEAR_BIT(PORTC,pinNum);
    2aa4:	45 b3       	in	r20, 0x15	; 21
    2aa6:	21 e0       	ldi	r18, 0x01	; 1
    2aa8:	30 e0       	ldi	r19, 0x00	; 0
    2aaa:	b9 01       	movw	r22, r18
    2aac:	02 c0       	rjmp	.+4      	; 0x2ab2 <DIO_setPinValue+0xa6>
    2aae:	66 0f       	add	r22, r22
    2ab0:	77 1f       	adc	r23, r23
    2ab2:	9a 95       	dec	r25
    2ab4:	e2 f7       	brpl	.-8      	; 0x2aae <DIO_setPinValue+0xa2>
    2ab6:	cb 01       	movw	r24, r22
    2ab8:	80 95       	com	r24
    2aba:	84 23       	and	r24, r20
    2abc:	85 bb       	out	0x15, r24	; 21
    2abe:	08 95       	ret
		}
		else if(level==DIO_HIGH){
    2ac0:	61 30       	cpi	r22, 0x01	; 1
    2ac2:	71 f5       	brne	.+92     	; 0x2b20 <DIO_setPinValue+0x114>
			SET_BIT(PORTC,pinNum);
    2ac4:	45 b3       	in	r20, 0x15	; 21
    2ac6:	21 e0       	ldi	r18, 0x01	; 1
    2ac8:	30 e0       	ldi	r19, 0x00	; 0
    2aca:	b9 01       	movw	r22, r18
    2acc:	02 c0       	rjmp	.+4      	; 0x2ad2 <DIO_setPinValue+0xc6>
    2ace:	66 0f       	add	r22, r22
    2ad0:	77 1f       	adc	r23, r23
    2ad2:	9a 95       	dec	r25
    2ad4:	e2 f7       	brpl	.-8      	; 0x2ace <DIO_setPinValue+0xc2>
    2ad6:	cb 01       	movw	r24, r22
    2ad8:	84 2b       	or	r24, r20
    2ada:	85 bb       	out	0x15, r24	; 21
    2adc:	08 95       	ret
		}
	}
	else //PORTD
	if (pinNum>=24 && pinNum<=31) 
    2ade:	88 51       	subi	r24, 0x18	; 24
    2ae0:	88 30       	cpi	r24, 0x08	; 8
    2ae2:	f0 f4       	brcc	.+60     	; 0x2b20 <DIO_setPinValue+0x114>
	{
		pinNum=pinNum-24;
		if (level==DIO_LOW){
    2ae4:	61 11       	cpse	r22, r1
    2ae6:	0e c0       	rjmp	.+28     	; 0x2b04 <DIO_setPinValue+0xf8>
			CLEAR_BIT(PORTD,pinNum);
    2ae8:	42 b3       	in	r20, 0x12	; 18
    2aea:	21 e0       	ldi	r18, 0x01	; 1
    2aec:	30 e0       	ldi	r19, 0x00	; 0
    2aee:	b9 01       	movw	r22, r18
    2af0:	02 c0       	rjmp	.+4      	; 0x2af6 <DIO_setPinValue+0xea>
    2af2:	66 0f       	add	r22, r22
    2af4:	77 1f       	adc	r23, r23
    2af6:	8a 95       	dec	r24
    2af8:	e2 f7       	brpl	.-8      	; 0x2af2 <DIO_setPinValue+0xe6>
    2afa:	cb 01       	movw	r24, r22
    2afc:	80 95       	com	r24
    2afe:	84 23       	and	r24, r20
    2b00:	82 bb       	out	0x12, r24	; 18
    2b02:	08 95       	ret
		}
		else if(level==DIO_HIGH){
    2b04:	61 30       	cpi	r22, 0x01	; 1
    2b06:	61 f4       	brne	.+24     	; 0x2b20 <DIO_setPinValue+0x114>
			SET_BIT(PORTD,pinNum);
    2b08:	42 b3       	in	r20, 0x12	; 18
    2b0a:	21 e0       	ldi	r18, 0x01	; 1
    2b0c:	30 e0       	ldi	r19, 0x00	; 0
    2b0e:	b9 01       	movw	r22, r18
    2b10:	02 c0       	rjmp	.+4      	; 0x2b16 <DIO_setPinValue+0x10a>
    2b12:	66 0f       	add	r22, r22
    2b14:	77 1f       	adc	r23, r23
    2b16:	8a 95       	dec	r24
    2b18:	e2 f7       	brpl	.-8      	; 0x2b12 <DIO_setPinValue+0x106>
    2b1a:	cb 01       	movw	r24, r22
    2b1c:	84 2b       	or	r24, r20
    2b1e:	82 bb       	out	0x12, r24	; 18
    2b20:	08 95       	ret

00002b22 <DIO_readPinValue>:
	}
}

u8 DIO_readPinValue(u8 pinNum){
	//PORTA
	if (pinNum>=0 && pinNum<=7)
    2b22:	88 30       	cpi	r24, 0x08	; 8
    2b24:	58 f4       	brcc	.+22     	; 0x2b3c <DIO_readPinValue+0x1a>
	{
		return GET_BIT(PINA,pinNum);
    2b26:	29 b3       	in	r18, 0x19	; 25
    2b28:	30 e0       	ldi	r19, 0x00	; 0
    2b2a:	a9 01       	movw	r20, r18
    2b2c:	02 c0       	rjmp	.+4      	; 0x2b32 <DIO_readPinValue+0x10>
    2b2e:	55 95       	asr	r21
    2b30:	47 95       	ror	r20
    2b32:	8a 95       	dec	r24
    2b34:	e2 f7       	brpl	.-8      	; 0x2b2e <DIO_readPinValue+0xc>
    2b36:	ca 01       	movw	r24, r20
    2b38:	81 70       	andi	r24, 0x01	; 1
    2b3a:	08 95       	ret
	}
	else //PORTB
	if (pinNum>=8 && pinNum<=15)
    2b3c:	28 ef       	ldi	r18, 0xF8	; 248
    2b3e:	28 0f       	add	r18, r24
    2b40:	28 30       	cpi	r18, 0x08	; 8
    2b42:	48 f4       	brcc	.+18     	; 0x2b56 <DIO_readPinValue+0x34>
	{
		pinNum=pinNum-8;
		return GET_BIT(PINB,pinNum);
    2b44:	86 b3       	in	r24, 0x16	; 22
    2b46:	90 e0       	ldi	r25, 0x00	; 0
    2b48:	02 c0       	rjmp	.+4      	; 0x2b4e <DIO_readPinValue+0x2c>
    2b4a:	95 95       	asr	r25
    2b4c:	87 95       	ror	r24
    2b4e:	2a 95       	dec	r18
    2b50:	e2 f7       	brpl	.-8      	; 0x2b4a <DIO_readPinValue+0x28>
    2b52:	81 70       	andi	r24, 0x01	; 1
    2b54:	08 95       	ret
	}
	else //PORTC
	if (pinNum>=16 && pinNum<=23)
    2b56:	20 ef       	ldi	r18, 0xF0	; 240
    2b58:	28 0f       	add	r18, r24
    2b5a:	28 30       	cpi	r18, 0x08	; 8
    2b5c:	48 f4       	brcc	.+18     	; 0x2b70 <DIO_readPinValue+0x4e>
	{
		pinNum=pinNum-16;
		return GET_BIT(PINC,pinNum);
    2b5e:	83 b3       	in	r24, 0x13	; 19
    2b60:	90 e0       	ldi	r25, 0x00	; 0
    2b62:	02 c0       	rjmp	.+4      	; 0x2b68 <DIO_readPinValue+0x46>
    2b64:	95 95       	asr	r25
    2b66:	87 95       	ror	r24
    2b68:	2a 95       	dec	r18
    2b6a:	e2 f7       	brpl	.-8      	; 0x2b64 <DIO_readPinValue+0x42>
    2b6c:	81 70       	andi	r24, 0x01	; 1
    2b6e:	08 95       	ret
	}
	else //PORTD
	if (pinNum>=24 && pinNum<=31)
    2b70:	28 ee       	ldi	r18, 0xE8	; 232
    2b72:	28 0f       	add	r18, r24
    2b74:	28 30       	cpi	r18, 0x08	; 8
    2b76:	50 f4       	brcc	.+20     	; 0x2b8c <DIO_readPinValue+0x6a>
	{
		pinNum=pinNum-24;
		return GET_BIT(PIND,pinNum);
    2b78:	90 b3       	in	r25, 0x10	; 16
    2b7a:	89 2f       	mov	r24, r25
    2b7c:	90 e0       	ldi	r25, 0x00	; 0
    2b7e:	02 c0       	rjmp	.+4      	; 0x2b84 <DIO_readPinValue+0x62>
    2b80:	95 95       	asr	r25
    2b82:	87 95       	ror	r24
    2b84:	2a 95       	dec	r18
    2b86:	e2 f7       	brpl	.-8      	; 0x2b80 <DIO_readPinValue+0x5e>
    2b88:	81 70       	andi	r24, 0x01	; 1
    2b8a:	08 95       	ret
	}
}
    2b8c:	08 95       	ret

00002b8e <DIO_togglePinValue>:

void DIO_togglePinValue(u8 pinNum){
    2b8e:	cf 93       	push	r28
    2b90:	c8 2f       	mov	r28, r24
	DIO_setPinValue(pinNum,!DIO_readPinValue(pinNum));
    2b92:	0e 94 91 15 	call	0x2b22	; 0x2b22 <DIO_readPinValue>
    2b96:	61 e0       	ldi	r22, 0x01	; 1
    2b98:	81 11       	cpse	r24, r1
    2b9a:	60 e0       	ldi	r22, 0x00	; 0
    2b9c:	8c 2f       	mov	r24, r28
    2b9e:	0e 94 06 15 	call	0x2a0c	; 0x2a0c <DIO_setPinValue>
}
    2ba2:	cf 91       	pop	r28
    2ba4:	08 95       	ret

00002ba6 <DIO_setPullUp>:

void DIO_setPullUp(u8 pinNum){
	DIO_setPinValue(pinNum,DIO_HIGH);
    2ba6:	61 e0       	ldi	r22, 0x01	; 1
    2ba8:	0e 94 06 15 	call	0x2a0c	; 0x2a0c <DIO_setPinValue>
    2bac:	08 95       	ret

00002bae <EXT_int0Int>:
//Vector 3
void (*EXT_int2Func)();

//call back function to send the function from the main function
void EXT_setcallbackInt2(void (*ptr)()){
	EXT_int2Func = ptr;
    2bae:	81 30       	cpi	r24, 0x01	; 1
    2bb0:	39 f4       	brne	.+14     	; 0x2bc0 <EXT_int0Int+0x12>
    2bb2:	85 b7       	in	r24, 0x35	; 53
    2bb4:	81 60       	ori	r24, 0x01	; 1
    2bb6:	85 bf       	out	0x35, r24	; 53
    2bb8:	85 b7       	in	r24, 0x35	; 53
    2bba:	82 60       	ori	r24, 0x02	; 2
    2bbc:	85 bf       	out	0x35, r24	; 53
    2bbe:	11 c0       	rjmp	.+34     	; 0x2be2 <EXT_int0Int+0x34>
    2bc0:	81 11       	cpse	r24, r1
    2bc2:	07 c0       	rjmp	.+14     	; 0x2bd2 <EXT_int0Int+0x24>
    2bc4:	85 b7       	in	r24, 0x35	; 53
    2bc6:	8e 7f       	andi	r24, 0xFE	; 254
    2bc8:	85 bf       	out	0x35, r24	; 53
    2bca:	85 b7       	in	r24, 0x35	; 53
    2bcc:	8d 7f       	andi	r24, 0xFD	; 253
    2bce:	85 bf       	out	0x35, r24	; 53
    2bd0:	08 c0       	rjmp	.+16     	; 0x2be2 <EXT_int0Int+0x34>
    2bd2:	82 30       	cpi	r24, 0x02	; 2
    2bd4:	31 f4       	brne	.+12     	; 0x2be2 <EXT_int0Int+0x34>
    2bd6:	85 b7       	in	r24, 0x35	; 53
    2bd8:	81 60       	ori	r24, 0x01	; 1
    2bda:	85 bf       	out	0x35, r24	; 53
    2bdc:	85 b7       	in	r24, 0x35	; 53
    2bde:	8d 7f       	andi	r24, 0xFD	; 253
    2be0:	85 bf       	out	0x35, r24	; 53
    2be2:	8b b7       	in	r24, 0x3b	; 59
    2be4:	80 64       	ori	r24, 0x40	; 64
    2be6:	8b bf       	out	0x3b, r24	; 59
    2be8:	08 95       	ret

00002bea <EXT_setcallbackInt0>:
    2bea:	90 93 47 08 	sts	0x0847, r25	; 0x800847 <EXT_int0Func+0x1>
    2bee:	80 93 46 08 	sts	0x0846, r24	; 0x800846 <EXT_int0Func>
    2bf2:	08 95       	ret

00002bf4 <__vector_1>:
    2bf4:	1f 92       	push	r1
    2bf6:	0f 92       	push	r0
    2bf8:	0f b6       	in	r0, 0x3f	; 63
    2bfa:	0f 92       	push	r0
    2bfc:	11 24       	eor	r1, r1
    2bfe:	2f 93       	push	r18
    2c00:	3f 93       	push	r19
    2c02:	4f 93       	push	r20
    2c04:	5f 93       	push	r21
    2c06:	6f 93       	push	r22
    2c08:	7f 93       	push	r23
    2c0a:	8f 93       	push	r24
    2c0c:	9f 93       	push	r25
    2c0e:	af 93       	push	r26
    2c10:	bf 93       	push	r27
    2c12:	ef 93       	push	r30
    2c14:	ff 93       	push	r31
    2c16:	e0 91 46 08 	lds	r30, 0x0846	; 0x800846 <EXT_int0Func>
    2c1a:	f0 91 47 08 	lds	r31, 0x0847	; 0x800847 <EXT_int0Func+0x1>
    2c1e:	09 95       	icall
    2c20:	ff 91       	pop	r31
    2c22:	ef 91       	pop	r30
    2c24:	bf 91       	pop	r27
    2c26:	af 91       	pop	r26
    2c28:	9f 91       	pop	r25
    2c2a:	8f 91       	pop	r24
    2c2c:	7f 91       	pop	r23
    2c2e:	6f 91       	pop	r22
    2c30:	5f 91       	pop	r21
    2c32:	4f 91       	pop	r20
    2c34:	3f 91       	pop	r19
    2c36:	2f 91       	pop	r18
    2c38:	0f 90       	pop	r0
    2c3a:	0f be       	out	0x3f, r0	; 63
    2c3c:	0f 90       	pop	r0
    2c3e:	1f 90       	pop	r1
    2c40:	18 95       	reti

00002c42 <__vector_2>:
    2c42:	1f 92       	push	r1
    2c44:	0f 92       	push	r0
    2c46:	0f b6       	in	r0, 0x3f	; 63
    2c48:	0f 92       	push	r0
    2c4a:	11 24       	eor	r1, r1
    2c4c:	2f 93       	push	r18
    2c4e:	3f 93       	push	r19
    2c50:	4f 93       	push	r20
    2c52:	5f 93       	push	r21
    2c54:	6f 93       	push	r22
    2c56:	7f 93       	push	r23
    2c58:	8f 93       	push	r24
    2c5a:	9f 93       	push	r25
    2c5c:	af 93       	push	r26
    2c5e:	bf 93       	push	r27
    2c60:	ef 93       	push	r30
    2c62:	ff 93       	push	r31
    2c64:	e0 91 42 08 	lds	r30, 0x0842	; 0x800842 <EXT_int1Func>
    2c68:	f0 91 43 08 	lds	r31, 0x0843	; 0x800843 <EXT_int1Func+0x1>
    2c6c:	09 95       	icall
    2c6e:	ff 91       	pop	r31
    2c70:	ef 91       	pop	r30
    2c72:	bf 91       	pop	r27
    2c74:	af 91       	pop	r26
    2c76:	9f 91       	pop	r25
    2c78:	8f 91       	pop	r24
    2c7a:	7f 91       	pop	r23
    2c7c:	6f 91       	pop	r22
    2c7e:	5f 91       	pop	r21
    2c80:	4f 91       	pop	r20
    2c82:	3f 91       	pop	r19
    2c84:	2f 91       	pop	r18
    2c86:	0f 90       	pop	r0
    2c88:	0f be       	out	0x3f, r0	; 63
    2c8a:	0f 90       	pop	r0
    2c8c:	1f 90       	pop	r1
    2c8e:	18 95       	reti

00002c90 <__vector_3>:
}

//Vector Table Function that belongs to INT2
//number(in vector table) - 1
void __vector_3() __attribute__((signal));
void __vector_3(){
    2c90:	1f 92       	push	r1
    2c92:	0f 92       	push	r0
    2c94:	0f b6       	in	r0, 0x3f	; 63
    2c96:	0f 92       	push	r0
    2c98:	11 24       	eor	r1, r1
    2c9a:	2f 93       	push	r18
    2c9c:	3f 93       	push	r19
    2c9e:	4f 93       	push	r20
    2ca0:	5f 93       	push	r21
    2ca2:	6f 93       	push	r22
    2ca4:	7f 93       	push	r23
    2ca6:	8f 93       	push	r24
    2ca8:	9f 93       	push	r25
    2caa:	af 93       	push	r26
    2cac:	bf 93       	push	r27
    2cae:	ef 93       	push	r30
    2cb0:	ff 93       	push	r31
	EXT_int2Func();
    2cb2:	e0 91 44 08 	lds	r30, 0x0844	; 0x800844 <EXT_int2Func>
    2cb6:	f0 91 45 08 	lds	r31, 0x0845	; 0x800845 <EXT_int2Func+0x1>
    2cba:	09 95       	icall
    2cbc:	ff 91       	pop	r31
    2cbe:	ef 91       	pop	r30
    2cc0:	bf 91       	pop	r27
    2cc2:	af 91       	pop	r26
    2cc4:	9f 91       	pop	r25
    2cc6:	8f 91       	pop	r24
    2cc8:	7f 91       	pop	r23
    2cca:	6f 91       	pop	r22
    2ccc:	5f 91       	pop	r21
    2cce:	4f 91       	pop	r20
    2cd0:	3f 91       	pop	r19
    2cd2:	2f 91       	pop	r18
    2cd4:	0f 90       	pop	r0
    2cd6:	0f be       	out	0x3f, r0	; 63
    2cd8:	0f 90       	pop	r0
    2cda:	1f 90       	pop	r1
    2cdc:	18 95       	reti

00002cde <GI_enable>:
 */ 

#include "GI_INT.h"

void GI_enable(){
	SET_BIT(SREG,I);
    2cde:	8f b7       	in	r24, 0x3f	; 63
    2ce0:	80 68       	ori	r24, 0x80	; 128
    2ce2:	8f bf       	out	0x3f, r24	; 63
    2ce4:	08 95       	ret

00002ce6 <INTERNALEEPROM_SendByte>:

#if (INTERNALEEPROM==0x1)

void INTERNALEEPROM_SendByte(u8 byte,u16 location){
	/* Wait for completion of previous write */
	while(EECR & (1<<EEWE))
    2ce6:	e1 99       	sbic	0x1c, 1	; 28
    2ce8:	fe cf       	rjmp	.-4      	; 0x2ce6 <INTERNALEEPROM_SendByte>
	;
	/* Set up address and data registers */
	EEAR = location;
    2cea:	7f bb       	out	0x1f, r23	; 31
    2cec:	6e bb       	out	0x1e, r22	; 30
	EEDR = byte;
    2cee:	8d bb       	out	0x1d, r24	; 29
	/* Write logical one to EEMWE */
	EECR |= (1<<EEMWE);
    2cf0:	8c b3       	in	r24, 0x1c	; 28
    2cf2:	84 60       	ori	r24, 0x04	; 4
    2cf4:	8c bb       	out	0x1c, r24	; 28
	/* Start EEPROM write by setting EEWE */
	EECR |= (1<<EEWE);
    2cf6:	8c b3       	in	r24, 0x1c	; 28
    2cf8:	82 60       	ori	r24, 0x02	; 2
    2cfa:	8c bb       	out	0x1c, r24	; 28
    2cfc:	08 95       	ret

00002cfe <INTERNALEEPROM_Read>:
}

u8 INTERNALEEPROM_Read(u16 location){
	/* Wait for completion of previous write */
	while(EECR & (1<<EEWE));
    2cfe:	e1 99       	sbic	0x1c, 1	; 28
    2d00:	fe cf       	rjmp	.-4      	; 0x2cfe <INTERNALEEPROM_Read>
	/* Set up address register */
	EEAR = location;
    2d02:	9f bb       	out	0x1f, r25	; 31
    2d04:	8e bb       	out	0x1e, r24	; 30
	/* Start EEPROM read by writing EERE */
	EECR |= (1<<EERE);
    2d06:	8c b3       	in	r24, 0x1c	; 28
    2d08:	81 60       	ori	r24, 0x01	; 1
    2d0a:	8c bb       	out	0x1c, r24	; 28
	/* Return data from data register */
	return EEDR;
    2d0c:	8d b3       	in	r24, 0x1d	; 29
}
    2d0e:	08 95       	ret

00002d10 <TIMER0_initNormal>:
//pointer to CTC function
void (*TIMER0_CTCFunc)();

//call back function to send the function from the main function
void TIMER_setcallbackCTC(void (*ptr)()){
	TIMER0_CTCFunc = ptr;
    2d10:	83 b7       	in	r24, 0x33	; 51
    2d12:	8f 7b       	andi	r24, 0xBF	; 191
    2d14:	83 bf       	out	0x33, r24	; 51
    2d16:	83 b7       	in	r24, 0x33	; 51
    2d18:	87 7f       	andi	r24, 0xF7	; 247
    2d1a:	83 bf       	out	0x33, r24	; 51
    2d1c:	89 b7       	in	r24, 0x39	; 57
    2d1e:	81 60       	ori	r24, 0x01	; 1
    2d20:	89 bf       	out	0x39, r24	; 57
    2d22:	08 95       	ret

00002d24 <TIMER0_start>:
    2d24:	81 11       	cpse	r24, r1
    2d26:	0a c0       	rjmp	.+20     	; 0x2d3c <TIMER0_start+0x18>
    2d28:	83 b7       	in	r24, 0x33	; 51
    2d2a:	81 60       	ori	r24, 0x01	; 1
    2d2c:	83 bf       	out	0x33, r24	; 51
    2d2e:	83 b7       	in	r24, 0x33	; 51
    2d30:	82 60       	ori	r24, 0x02	; 2
    2d32:	83 bf       	out	0x33, r24	; 51
    2d34:	83 b7       	in	r24, 0x33	; 51
    2d36:	84 60       	ori	r24, 0x04	; 4
    2d38:	83 bf       	out	0x33, r24	; 51
    2d3a:	08 95       	ret
    2d3c:	81 30       	cpi	r24, 0x01	; 1
    2d3e:	51 f4       	brne	.+20     	; 0x2d54 <TIMER0_start+0x30>
    2d40:	83 b7       	in	r24, 0x33	; 51
    2d42:	8e 7f       	andi	r24, 0xFE	; 254
    2d44:	83 bf       	out	0x33, r24	; 51
    2d46:	83 b7       	in	r24, 0x33	; 51
    2d48:	82 60       	ori	r24, 0x02	; 2
    2d4a:	83 bf       	out	0x33, r24	; 51
    2d4c:	83 b7       	in	r24, 0x33	; 51
    2d4e:	84 60       	ori	r24, 0x04	; 4
    2d50:	83 bf       	out	0x33, r24	; 51
    2d52:	08 95       	ret
    2d54:	81 30       	cpi	r24, 0x01	; 1
    2d56:	51 f4       	brne	.+20     	; 0x2d6c <TIMER0_start+0x48>
    2d58:	83 b7       	in	r24, 0x33	; 51
    2d5a:	81 60       	ori	r24, 0x01	; 1
    2d5c:	83 bf       	out	0x33, r24	; 51
    2d5e:	83 b7       	in	r24, 0x33	; 51
    2d60:	8d 7f       	andi	r24, 0xFD	; 253
    2d62:	83 bf       	out	0x33, r24	; 51
    2d64:	83 b7       	in	r24, 0x33	; 51
    2d66:	8b 7f       	andi	r24, 0xFB	; 251
    2d68:	83 bf       	out	0x33, r24	; 51
    2d6a:	08 95       	ret
    2d6c:	82 30       	cpi	r24, 0x02	; 2
    2d6e:	51 f4       	brne	.+20     	; 0x2d84 <TIMER0_start+0x60>
    2d70:	83 b7       	in	r24, 0x33	; 51
    2d72:	8e 7f       	andi	r24, 0xFE	; 254
    2d74:	83 bf       	out	0x33, r24	; 51
    2d76:	83 b7       	in	r24, 0x33	; 51
    2d78:	82 60       	ori	r24, 0x02	; 2
    2d7a:	83 bf       	out	0x33, r24	; 51
    2d7c:	83 b7       	in	r24, 0x33	; 51
    2d7e:	8b 7f       	andi	r24, 0xFB	; 251
    2d80:	83 bf       	out	0x33, r24	; 51
    2d82:	08 95       	ret
    2d84:	83 30       	cpi	r24, 0x03	; 3
    2d86:	51 f4       	brne	.+20     	; 0x2d9c <TIMER0_start+0x78>
    2d88:	83 b7       	in	r24, 0x33	; 51
    2d8a:	81 60       	ori	r24, 0x01	; 1
    2d8c:	83 bf       	out	0x33, r24	; 51
    2d8e:	83 b7       	in	r24, 0x33	; 51
    2d90:	82 60       	ori	r24, 0x02	; 2
    2d92:	83 bf       	out	0x33, r24	; 51
    2d94:	83 b7       	in	r24, 0x33	; 51
    2d96:	8b 7f       	andi	r24, 0xFB	; 251
    2d98:	83 bf       	out	0x33, r24	; 51
    2d9a:	08 95       	ret
    2d9c:	84 30       	cpi	r24, 0x04	; 4
    2d9e:	51 f4       	brne	.+20     	; 0x2db4 <TIMER0_start+0x90>
    2da0:	83 b7       	in	r24, 0x33	; 51
    2da2:	8e 7f       	andi	r24, 0xFE	; 254
    2da4:	83 bf       	out	0x33, r24	; 51
    2da6:	83 b7       	in	r24, 0x33	; 51
    2da8:	8d 7f       	andi	r24, 0xFD	; 253
    2daa:	83 bf       	out	0x33, r24	; 51
    2dac:	83 b7       	in	r24, 0x33	; 51
    2dae:	84 60       	ori	r24, 0x04	; 4
    2db0:	83 bf       	out	0x33, r24	; 51
    2db2:	08 95       	ret
    2db4:	85 30       	cpi	r24, 0x05	; 5
    2db6:	51 f4       	brne	.+20     	; 0x2dcc <TIMER0_start+0xa8>
    2db8:	83 b7       	in	r24, 0x33	; 51
    2dba:	81 60       	ori	r24, 0x01	; 1
    2dbc:	83 bf       	out	0x33, r24	; 51
    2dbe:	83 b7       	in	r24, 0x33	; 51
    2dc0:	8d 7f       	andi	r24, 0xFD	; 253
    2dc2:	83 bf       	out	0x33, r24	; 51
    2dc4:	83 b7       	in	r24, 0x33	; 51
    2dc6:	84 60       	ori	r24, 0x04	; 4
    2dc8:	83 bf       	out	0x33, r24	; 51
    2dca:	08 95       	ret
    2dcc:	86 30       	cpi	r24, 0x06	; 6
    2dce:	51 f4       	brne	.+20     	; 0x2de4 <TIMER0_start+0xc0>
    2dd0:	83 b7       	in	r24, 0x33	; 51
    2dd2:	81 60       	ori	r24, 0x01	; 1
    2dd4:	83 bf       	out	0x33, r24	; 51
    2dd6:	83 b7       	in	r24, 0x33	; 51
    2dd8:	82 60       	ori	r24, 0x02	; 2
    2dda:	83 bf       	out	0x33, r24	; 51
    2ddc:	83 b7       	in	r24, 0x33	; 51
    2dde:	84 60       	ori	r24, 0x04	; 4
    2de0:	83 bf       	out	0x33, r24	; 51
    2de2:	08 95       	ret
    2de4:	81 11       	cpse	r24, r1
    2de6:	09 c0       	rjmp	.+18     	; 0x2dfa <TIMER0_start+0xd6>
    2de8:	83 b7       	in	r24, 0x33	; 51
    2dea:	8e 7f       	andi	r24, 0xFE	; 254
    2dec:	83 bf       	out	0x33, r24	; 51
    2dee:	83 b7       	in	r24, 0x33	; 51
    2df0:	8d 7f       	andi	r24, 0xFD	; 253
    2df2:	83 bf       	out	0x33, r24	; 51
    2df4:	83 b7       	in	r24, 0x33	; 51
    2df6:	8b 7f       	andi	r24, 0xFB	; 251
    2df8:	83 bf       	out	0x33, r24	; 51
    2dfa:	08 95       	ret

00002dfc <TIMER0_setPreload>:
    2dfc:	82 bf       	out	0x32, r24	; 50
    2dfe:	08 95       	ret

00002e00 <TIMER0_getCounter>:
    2e00:	82 b7       	in	r24, 0x32	; 50
    2e02:	08 95       	ret

00002e04 <TIMER0_setCallbackOv>:
    2e04:	90 93 4b 08 	sts	0x084B, r25	; 0x80084b <TIMER0_OvFunc+0x1>
    2e08:	80 93 4a 08 	sts	0x084A, r24	; 0x80084a <TIMER0_OvFunc>
    2e0c:	08 95       	ret

00002e0e <__vector_11>:
    2e0e:	1f 92       	push	r1
    2e10:	0f 92       	push	r0
    2e12:	0f b6       	in	r0, 0x3f	; 63
    2e14:	0f 92       	push	r0
    2e16:	11 24       	eor	r1, r1
    2e18:	2f 93       	push	r18
    2e1a:	3f 93       	push	r19
    2e1c:	4f 93       	push	r20
    2e1e:	5f 93       	push	r21
    2e20:	6f 93       	push	r22
    2e22:	7f 93       	push	r23
    2e24:	8f 93       	push	r24
    2e26:	9f 93       	push	r25
    2e28:	af 93       	push	r26
    2e2a:	bf 93       	push	r27
    2e2c:	ef 93       	push	r30
    2e2e:	ff 93       	push	r31
    2e30:	e0 91 4a 08 	lds	r30, 0x084A	; 0x80084a <TIMER0_OvFunc>
    2e34:	f0 91 4b 08 	lds	r31, 0x084B	; 0x80084b <TIMER0_OvFunc+0x1>
    2e38:	09 95       	icall
    2e3a:	ff 91       	pop	r31
    2e3c:	ef 91       	pop	r30
    2e3e:	bf 91       	pop	r27
    2e40:	af 91       	pop	r26
    2e42:	9f 91       	pop	r25
    2e44:	8f 91       	pop	r24
    2e46:	7f 91       	pop	r23
    2e48:	6f 91       	pop	r22
    2e4a:	5f 91       	pop	r21
    2e4c:	4f 91       	pop	r20
    2e4e:	3f 91       	pop	r19
    2e50:	2f 91       	pop	r18
    2e52:	0f 90       	pop	r0
    2e54:	0f be       	out	0x3f, r0	; 63
    2e56:	0f 90       	pop	r0
    2e58:	1f 90       	pop	r1
    2e5a:	18 95       	reti

00002e5c <__vector_10>:
}

//Vector Table Function that belongs to INT0
//number(in vector table) - 1
void __vector_10() __attribute__((signal));
void __vector_10(){
    2e5c:	1f 92       	push	r1
    2e5e:	0f 92       	push	r0
    2e60:	0f b6       	in	r0, 0x3f	; 63
    2e62:	0f 92       	push	r0
    2e64:	11 24       	eor	r1, r1
    2e66:	2f 93       	push	r18
    2e68:	3f 93       	push	r19
    2e6a:	4f 93       	push	r20
    2e6c:	5f 93       	push	r21
    2e6e:	6f 93       	push	r22
    2e70:	7f 93       	push	r23
    2e72:	8f 93       	push	r24
    2e74:	9f 93       	push	r25
    2e76:	af 93       	push	r26
    2e78:	bf 93       	push	r27
    2e7a:	ef 93       	push	r30
    2e7c:	ff 93       	push	r31
	TIMER0_CTCFunc();
    2e7e:	e0 91 48 08 	lds	r30, 0x0848	; 0x800848 <TIMER0_CTCFunc>
    2e82:	f0 91 49 08 	lds	r31, 0x0849	; 0x800849 <TIMER0_CTCFunc+0x1>
    2e86:	09 95       	icall
	//LCD_Shift(LCD_SHIFT_DIS_LIFT);
}
    2e88:	ff 91       	pop	r31
    2e8a:	ef 91       	pop	r30
    2e8c:	bf 91       	pop	r27
    2e8e:	af 91       	pop	r26
    2e90:	9f 91       	pop	r25
    2e92:	8f 91       	pop	r24
    2e94:	7f 91       	pop	r23
    2e96:	6f 91       	pop	r22
    2e98:	5f 91       	pop	r21
    2e9a:	4f 91       	pop	r20
    2e9c:	3f 91       	pop	r19
    2e9e:	2f 91       	pop	r18
    2ea0:	0f 90       	pop	r0
    2ea2:	0f be       	out	0x3f, r0	; 63
    2ea4:	0f 90       	pop	r0
    2ea6:	1f 90       	pop	r1
    2ea8:	18 95       	reti

00002eaa <TIMER1_initFastPwmMod14>:
//pointer to ICU function
void (*TIMER1_IcuFunc)();

//call back function to send the function from the main function
void TIMER1_setcallbackIcu(void (*ptr)()){
	TIMER1_IcuFunc = ptr;
    2eaa:	8f b5       	in	r24, 0x2f	; 47
    2eac:	8e 7f       	andi	r24, 0xFE	; 254
    2eae:	8f bd       	out	0x2f, r24	; 47
    2eb0:	8f b5       	in	r24, 0x2f	; 47
    2eb2:	82 60       	ori	r24, 0x02	; 2
    2eb4:	8f bd       	out	0x2f, r24	; 47
    2eb6:	8e b5       	in	r24, 0x2e	; 46
    2eb8:	88 60       	ori	r24, 0x08	; 8
    2eba:	8e bd       	out	0x2e, r24	; 46
    2ebc:	8e b5       	in	r24, 0x2e	; 46
    2ebe:	80 61       	ori	r24, 0x10	; 16
    2ec0:	8e bd       	out	0x2e, r24	; 46
    2ec2:	8f b5       	in	r24, 0x2f	; 47
    2ec4:	8f 7b       	andi	r24, 0xBF	; 191
    2ec6:	8f bd       	out	0x2f, r24	; 47
    2ec8:	8f b5       	in	r24, 0x2f	; 47
    2eca:	80 68       	ori	r24, 0x80	; 128
    2ecc:	8f bd       	out	0x2f, r24	; 47
    2ece:	08 95       	ret

00002ed0 <TIMER1_setOcr>:
    2ed0:	9b bd       	out	0x2b, r25	; 43
    2ed2:	8a bd       	out	0x2a, r24	; 42
    2ed4:	08 95       	ret

00002ed6 <TIMER1_setFrequency>:
    2ed6:	00 24       	eor	r0, r0
    2ed8:	96 95       	lsr	r25
    2eda:	87 95       	ror	r24
    2edc:	07 94       	ror	r0
    2ede:	96 95       	lsr	r25
    2ee0:	87 95       	ror	r24
    2ee2:	07 94       	ror	r0
    2ee4:	98 2f       	mov	r25, r24
    2ee6:	80 2d       	mov	r24, r0
    2ee8:	9c 01       	movw	r18, r24
    2eea:	40 e0       	ldi	r20, 0x00	; 0
    2eec:	50 e0       	ldi	r21, 0x00	; 0
    2eee:	60 e0       	ldi	r22, 0x00	; 0
    2ef0:	74 e2       	ldi	r23, 0x24	; 36
    2ef2:	84 ef       	ldi	r24, 0xF4	; 244
    2ef4:	90 e0       	ldi	r25, 0x00	; 0
    2ef6:	0e 94 02 1a 	call	0x3404	; 0x3404 <__divmodsi4>
    2efa:	21 50       	subi	r18, 0x01	; 1
    2efc:	31 09       	sbc	r19, r1
    2efe:	37 bd       	out	0x27, r19	; 39
    2f00:	26 bd       	out	0x26, r18	; 38
    2f02:	8e b5       	in	r24, 0x2e	; 46
    2f04:	81 60       	ori	r24, 0x01	; 1
    2f06:	8e bd       	out	0x2e, r24	; 46
    2f08:	8e b5       	in	r24, 0x2e	; 46
    2f0a:	82 60       	ori	r24, 0x02	; 2
    2f0c:	8e bd       	out	0x2e, r24	; 46
    2f0e:	8e b5       	in	r24, 0x2e	; 46
    2f10:	8b 7f       	andi	r24, 0xFB	; 251
    2f12:	8e bd       	out	0x2e, r24	; 46
    2f14:	08 95       	ret

00002f16 <__vector_6>:
}

//Vector Table Function that belongs to TIMER1
//number(in vector table) - 1
void __vector_6() __attribute__((signal));
void __vector_6(){
    2f16:	1f 92       	push	r1
    2f18:	0f 92       	push	r0
    2f1a:	0f b6       	in	r0, 0x3f	; 63
    2f1c:	0f 92       	push	r0
    2f1e:	11 24       	eor	r1, r1
    2f20:	2f 93       	push	r18
    2f22:	3f 93       	push	r19
    2f24:	4f 93       	push	r20
    2f26:	5f 93       	push	r21
    2f28:	6f 93       	push	r22
    2f2a:	7f 93       	push	r23
    2f2c:	8f 93       	push	r24
    2f2e:	9f 93       	push	r25
    2f30:	af 93       	push	r26
    2f32:	bf 93       	push	r27
    2f34:	ef 93       	push	r30
    2f36:	ff 93       	push	r31
	TIMER1_IcuFunc();
    2f38:	e0 91 4c 08 	lds	r30, 0x084C	; 0x80084c <TIMER1_IcuFunc>
    2f3c:	f0 91 4d 08 	lds	r31, 0x084D	; 0x80084d <TIMER1_IcuFunc+0x1>
    2f40:	09 95       	icall
    2f42:	ff 91       	pop	r31
    2f44:	ef 91       	pop	r30
    2f46:	bf 91       	pop	r27
    2f48:	af 91       	pop	r26
    2f4a:	9f 91       	pop	r25
    2f4c:	8f 91       	pop	r24
    2f4e:	7f 91       	pop	r23
    2f50:	6f 91       	pop	r22
    2f52:	5f 91       	pop	r21
    2f54:	4f 91       	pop	r20
    2f56:	3f 91       	pop	r19
    2f58:	2f 91       	pop	r18
    2f5a:	0f 90       	pop	r0
    2f5c:	0f be       	out	0x3f, r0	; 63
    2f5e:	0f 90       	pop	r0
    2f60:	1f 90       	pop	r1
    2f62:	18 95       	reti

00002f64 <UART_init>:
//pointer to UART Interrupt function
void (*UART_INTFunc)();

//call back function to send the function from the main function
void UART_setcallbackINT(void (*ptr)()){
	UART_INTFunc = ptr;
    2f64:	8a b1       	in	r24, 0x0a	; 10
    2f66:	88 60       	ori	r24, 0x08	; 8
    2f68:	8a b9       	out	0x0a, r24	; 10
    2f6a:	8a b1       	in	r24, 0x0a	; 10
    2f6c:	80 61       	ori	r24, 0x10	; 16
    2f6e:	8a b9       	out	0x0a, r24	; 10
    2f70:	8a b1       	in	r24, 0x0a	; 10
    2f72:	8b 7f       	andi	r24, 0xFB	; 251
    2f74:	8a b9       	out	0x0a, r24	; 10
    2f76:	86 e8       	ldi	r24, 0x86	; 134
    2f78:	80 bd       	out	0x20, r24	; 32
    2f7a:	87 e6       	ldi	r24, 0x67	; 103
    2f7c:	89 b9       	out	0x09, r24	; 9
    2f7e:	10 bc       	out	0x20, r1	; 32
    2f80:	08 95       	ret

00002f82 <UART_sendData>:
    2f82:	5d 9b       	sbis	0x0b, 5	; 11
    2f84:	fe cf       	rjmp	.-4      	; 0x2f82 <UART_sendData>
    2f86:	8c b9       	out	0x0c, r24	; 12
    2f88:	08 95       	ret

00002f8a <UART_sendStr>:
    2f8a:	0f 93       	push	r16
    2f8c:	1f 93       	push	r17
    2f8e:	cf 93       	push	r28
    2f90:	8c 01       	movw	r16, r24
    2f92:	c0 e0       	ldi	r28, 0x00	; 0
    2f94:	03 c0       	rjmp	.+6      	; 0x2f9c <UART_sendStr+0x12>
    2f96:	0e 94 c1 17 	call	0x2f82	; 0x2f82 <UART_sendData>
    2f9a:	cf 5f       	subi	r28, 0xFF	; 255
    2f9c:	f8 01       	movw	r30, r16
    2f9e:	ec 0f       	add	r30, r28
    2fa0:	f1 1d       	adc	r31, r1
    2fa2:	80 81       	ld	r24, Z
    2fa4:	81 11       	cpse	r24, r1
    2fa6:	f7 cf       	rjmp	.-18     	; 0x2f96 <UART_sendStr+0xc>
    2fa8:	cf 91       	pop	r28
    2faa:	1f 91       	pop	r17
    2fac:	0f 91       	pop	r16
    2fae:	08 95       	ret

00002fb0 <UART_receiveData>:
    2fb0:	80 ea       	ldi	r24, 0xA0	; 160
    2fb2:	96 e8       	ldi	r25, 0x86	; 134
    2fb4:	02 c0       	rjmp	.+4      	; 0x2fba <UART_receiveData+0xa>
    2fb6:	01 97       	sbiw	r24, 0x01	; 1
    2fb8:	21 f0       	breq	.+8      	; 0x2fc2 <UART_receiveData+0x12>
    2fba:	5f 9b       	sbis	0x0b, 7	; 11
    2fbc:	fc cf       	rjmp	.-8      	; 0x2fb6 <UART_receiveData+0x6>
    2fbe:	8c b1       	in	r24, 0x0c	; 12
    2fc0:	08 95       	ret
    2fc2:	88 e7       	ldi	r24, 0x78	; 120
    2fc4:	08 95       	ret

00002fc6 <UART_receiveDataWait>:
    2fc6:	5f 9b       	sbis	0x0b, 7	; 11
    2fc8:	fe cf       	rjmp	.-4      	; 0x2fc6 <UART_receiveDataWait>
    2fca:	8c b1       	in	r24, 0x0c	; 12
    2fcc:	08 95       	ret

00002fce <__vector_13>:
}

//Vector Table Function that belongs to UART_INT
//number(in vector table) - 1
void __vector_13() __attribute__((signal));
void __vector_13(){
    2fce:	1f 92       	push	r1
    2fd0:	0f 92       	push	r0
    2fd2:	0f b6       	in	r0, 0x3f	; 63
    2fd4:	0f 92       	push	r0
    2fd6:	11 24       	eor	r1, r1
    2fd8:	2f 93       	push	r18
    2fda:	3f 93       	push	r19
    2fdc:	4f 93       	push	r20
    2fde:	5f 93       	push	r21
    2fe0:	6f 93       	push	r22
    2fe2:	7f 93       	push	r23
    2fe4:	8f 93       	push	r24
    2fe6:	9f 93       	push	r25
    2fe8:	af 93       	push	r26
    2fea:	bf 93       	push	r27
    2fec:	ef 93       	push	r30
    2fee:	ff 93       	push	r31
	UART_INTFunc();
    2ff0:	e0 91 4e 08 	lds	r30, 0x084E	; 0x80084e <UART_INTFunc>
    2ff4:	f0 91 4f 08 	lds	r31, 0x084F	; 0x80084f <UART_INTFunc+0x1>
    2ff8:	09 95       	icall
    2ffa:	ff 91       	pop	r31
    2ffc:	ef 91       	pop	r30
    2ffe:	bf 91       	pop	r27
    3000:	af 91       	pop	r26
    3002:	9f 91       	pop	r25
    3004:	8f 91       	pop	r24
    3006:	7f 91       	pop	r23
    3008:	6f 91       	pop	r22
    300a:	5f 91       	pop	r21
    300c:	4f 91       	pop	r20
    300e:	3f 91       	pop	r19
    3010:	2f 91       	pop	r18
    3012:	0f 90       	pop	r0
    3014:	0f be       	out	0x3f, r0	; 63
    3016:	0f 90       	pop	r0
    3018:	1f 90       	pop	r1
    301a:	18 95       	reti

0000301c <__subsf3>:
    301c:	50 58       	subi	r21, 0x80	; 128

0000301e <__addsf3>:
    301e:	bb 27       	eor	r27, r27
    3020:	aa 27       	eor	r26, r26
    3022:	0e 94 26 18 	call	0x304c	; 0x304c <__addsf3x>
    3026:	0c 94 2e 19 	jmp	0x325c	; 0x325c <__fp_round>
    302a:	0e 94 20 19 	call	0x3240	; 0x3240 <__fp_pscA>
    302e:	38 f0       	brcs	.+14     	; 0x303e <__addsf3+0x20>
    3030:	0e 94 27 19 	call	0x324e	; 0x324e <__fp_pscB>
    3034:	20 f0       	brcs	.+8      	; 0x303e <__addsf3+0x20>
    3036:	39 f4       	brne	.+14     	; 0x3046 <__addsf3+0x28>
    3038:	9f 3f       	cpi	r25, 0xFF	; 255
    303a:	19 f4       	brne	.+6      	; 0x3042 <__addsf3+0x24>
    303c:	26 f4       	brtc	.+8      	; 0x3046 <__addsf3+0x28>
    303e:	0c 94 1d 19 	jmp	0x323a	; 0x323a <__fp_nan>
    3042:	0e f4       	brtc	.+2      	; 0x3046 <__addsf3+0x28>
    3044:	e0 95       	com	r30
    3046:	e7 fb       	bst	r30, 7
    3048:	0c 94 17 19 	jmp	0x322e	; 0x322e <__fp_inf>

0000304c <__addsf3x>:
    304c:	e9 2f       	mov	r30, r25
    304e:	0e 94 3f 19 	call	0x327e	; 0x327e <__fp_split3>
    3052:	58 f3       	brcs	.-42     	; 0x302a <__addsf3+0xc>
    3054:	ba 17       	cp	r27, r26
    3056:	62 07       	cpc	r22, r18
    3058:	73 07       	cpc	r23, r19
    305a:	84 07       	cpc	r24, r20
    305c:	95 07       	cpc	r25, r21
    305e:	20 f0       	brcs	.+8      	; 0x3068 <__addsf3x+0x1c>
    3060:	79 f4       	brne	.+30     	; 0x3080 <__addsf3x+0x34>
    3062:	a6 f5       	brtc	.+104    	; 0x30cc <__addsf3x+0x80>
    3064:	0c 94 61 19 	jmp	0x32c2	; 0x32c2 <__fp_zero>
    3068:	0e f4       	brtc	.+2      	; 0x306c <__addsf3x+0x20>
    306a:	e0 95       	com	r30
    306c:	0b 2e       	mov	r0, r27
    306e:	ba 2f       	mov	r27, r26
    3070:	a0 2d       	mov	r26, r0
    3072:	0b 01       	movw	r0, r22
    3074:	b9 01       	movw	r22, r18
    3076:	90 01       	movw	r18, r0
    3078:	0c 01       	movw	r0, r24
    307a:	ca 01       	movw	r24, r20
    307c:	a0 01       	movw	r20, r0
    307e:	11 24       	eor	r1, r1
    3080:	ff 27       	eor	r31, r31
    3082:	59 1b       	sub	r21, r25
    3084:	99 f0       	breq	.+38     	; 0x30ac <__addsf3x+0x60>
    3086:	59 3f       	cpi	r21, 0xF9	; 249
    3088:	50 f4       	brcc	.+20     	; 0x309e <__addsf3x+0x52>
    308a:	50 3e       	cpi	r21, 0xE0	; 224
    308c:	68 f1       	brcs	.+90     	; 0x30e8 <__addsf3x+0x9c>
    308e:	1a 16       	cp	r1, r26
    3090:	f0 40       	sbci	r31, 0x00	; 0
    3092:	a2 2f       	mov	r26, r18
    3094:	23 2f       	mov	r18, r19
    3096:	34 2f       	mov	r19, r20
    3098:	44 27       	eor	r20, r20
    309a:	58 5f       	subi	r21, 0xF8	; 248
    309c:	f3 cf       	rjmp	.-26     	; 0x3084 <__addsf3x+0x38>
    309e:	46 95       	lsr	r20
    30a0:	37 95       	ror	r19
    30a2:	27 95       	ror	r18
    30a4:	a7 95       	ror	r26
    30a6:	f0 40       	sbci	r31, 0x00	; 0
    30a8:	53 95       	inc	r21
    30aa:	c9 f7       	brne	.-14     	; 0x309e <__addsf3x+0x52>
    30ac:	7e f4       	brtc	.+30     	; 0x30cc <__addsf3x+0x80>
    30ae:	1f 16       	cp	r1, r31
    30b0:	ba 0b       	sbc	r27, r26
    30b2:	62 0b       	sbc	r22, r18
    30b4:	73 0b       	sbc	r23, r19
    30b6:	84 0b       	sbc	r24, r20
    30b8:	ba f0       	brmi	.+46     	; 0x30e8 <__addsf3x+0x9c>
    30ba:	91 50       	subi	r25, 0x01	; 1
    30bc:	a1 f0       	breq	.+40     	; 0x30e6 <__addsf3x+0x9a>
    30be:	ff 0f       	add	r31, r31
    30c0:	bb 1f       	adc	r27, r27
    30c2:	66 1f       	adc	r22, r22
    30c4:	77 1f       	adc	r23, r23
    30c6:	88 1f       	adc	r24, r24
    30c8:	c2 f7       	brpl	.-16     	; 0x30ba <__addsf3x+0x6e>
    30ca:	0e c0       	rjmp	.+28     	; 0x30e8 <__addsf3x+0x9c>
    30cc:	ba 0f       	add	r27, r26
    30ce:	62 1f       	adc	r22, r18
    30d0:	73 1f       	adc	r23, r19
    30d2:	84 1f       	adc	r24, r20
    30d4:	48 f4       	brcc	.+18     	; 0x30e8 <__addsf3x+0x9c>
    30d6:	87 95       	ror	r24
    30d8:	77 95       	ror	r23
    30da:	67 95       	ror	r22
    30dc:	b7 95       	ror	r27
    30de:	f7 95       	ror	r31
    30e0:	9e 3f       	cpi	r25, 0xFE	; 254
    30e2:	08 f0       	brcs	.+2      	; 0x30e6 <__addsf3x+0x9a>
    30e4:	b0 cf       	rjmp	.-160    	; 0x3046 <__addsf3+0x28>
    30e6:	93 95       	inc	r25
    30e8:	88 0f       	add	r24, r24
    30ea:	08 f0       	brcs	.+2      	; 0x30ee <__addsf3x+0xa2>
    30ec:	99 27       	eor	r25, r25
    30ee:	ee 0f       	add	r30, r30
    30f0:	97 95       	ror	r25
    30f2:	87 95       	ror	r24
    30f4:	08 95       	ret

000030f6 <__cmpsf2>:
    30f6:	0e 94 f3 18 	call	0x31e6	; 0x31e6 <__fp_cmp>
    30fa:	08 f4       	brcc	.+2      	; 0x30fe <__cmpsf2+0x8>
    30fc:	81 e0       	ldi	r24, 0x01	; 1
    30fe:	08 95       	ret

00003100 <__fixsfsi>:
    3100:	0e 94 87 18 	call	0x310e	; 0x310e <__fixunssfsi>
    3104:	68 94       	set
    3106:	b1 11       	cpse	r27, r1
    3108:	0c 94 62 19 	jmp	0x32c4	; 0x32c4 <__fp_szero>
    310c:	08 95       	ret

0000310e <__fixunssfsi>:
    310e:	0e 94 47 19 	call	0x328e	; 0x328e <__fp_splitA>
    3112:	88 f0       	brcs	.+34     	; 0x3136 <__fixunssfsi+0x28>
    3114:	9f 57       	subi	r25, 0x7F	; 127
    3116:	98 f0       	brcs	.+38     	; 0x313e <__fixunssfsi+0x30>
    3118:	b9 2f       	mov	r27, r25
    311a:	99 27       	eor	r25, r25
    311c:	b7 51       	subi	r27, 0x17	; 23
    311e:	b0 f0       	brcs	.+44     	; 0x314c <__fixunssfsi+0x3e>
    3120:	e1 f0       	breq	.+56     	; 0x315a <__fixunssfsi+0x4c>
    3122:	66 0f       	add	r22, r22
    3124:	77 1f       	adc	r23, r23
    3126:	88 1f       	adc	r24, r24
    3128:	99 1f       	adc	r25, r25
    312a:	1a f0       	brmi	.+6      	; 0x3132 <__fixunssfsi+0x24>
    312c:	ba 95       	dec	r27
    312e:	c9 f7       	brne	.-14     	; 0x3122 <__fixunssfsi+0x14>
    3130:	14 c0       	rjmp	.+40     	; 0x315a <__fixunssfsi+0x4c>
    3132:	b1 30       	cpi	r27, 0x01	; 1
    3134:	91 f0       	breq	.+36     	; 0x315a <__fixunssfsi+0x4c>
    3136:	0e 94 61 19 	call	0x32c2	; 0x32c2 <__fp_zero>
    313a:	b1 e0       	ldi	r27, 0x01	; 1
    313c:	08 95       	ret
    313e:	0c 94 61 19 	jmp	0x32c2	; 0x32c2 <__fp_zero>
    3142:	67 2f       	mov	r22, r23
    3144:	78 2f       	mov	r23, r24
    3146:	88 27       	eor	r24, r24
    3148:	b8 5f       	subi	r27, 0xF8	; 248
    314a:	39 f0       	breq	.+14     	; 0x315a <__fixunssfsi+0x4c>
    314c:	b9 3f       	cpi	r27, 0xF9	; 249
    314e:	cc f3       	brlt	.-14     	; 0x3142 <__fixunssfsi+0x34>
    3150:	86 95       	lsr	r24
    3152:	77 95       	ror	r23
    3154:	67 95       	ror	r22
    3156:	b3 95       	inc	r27
    3158:	d9 f7       	brne	.-10     	; 0x3150 <__fixunssfsi+0x42>
    315a:	3e f4       	brtc	.+14     	; 0x316a <__fixunssfsi+0x5c>
    315c:	90 95       	com	r25
    315e:	80 95       	com	r24
    3160:	70 95       	com	r23
    3162:	61 95       	neg	r22
    3164:	7f 4f       	sbci	r23, 0xFF	; 255
    3166:	8f 4f       	sbci	r24, 0xFF	; 255
    3168:	9f 4f       	sbci	r25, 0xFF	; 255
    316a:	08 95       	ret

0000316c <__floatunsisf>:
    316c:	e8 94       	clt
    316e:	09 c0       	rjmp	.+18     	; 0x3182 <__floatsisf+0x12>

00003170 <__floatsisf>:
    3170:	97 fb       	bst	r25, 7
    3172:	3e f4       	brtc	.+14     	; 0x3182 <__floatsisf+0x12>
    3174:	90 95       	com	r25
    3176:	80 95       	com	r24
    3178:	70 95       	com	r23
    317a:	61 95       	neg	r22
    317c:	7f 4f       	sbci	r23, 0xFF	; 255
    317e:	8f 4f       	sbci	r24, 0xFF	; 255
    3180:	9f 4f       	sbci	r25, 0xFF	; 255
    3182:	99 23       	and	r25, r25
    3184:	a9 f0       	breq	.+42     	; 0x31b0 <__floatsisf+0x40>
    3186:	f9 2f       	mov	r31, r25
    3188:	96 e9       	ldi	r25, 0x96	; 150
    318a:	bb 27       	eor	r27, r27
    318c:	93 95       	inc	r25
    318e:	f6 95       	lsr	r31
    3190:	87 95       	ror	r24
    3192:	77 95       	ror	r23
    3194:	67 95       	ror	r22
    3196:	b7 95       	ror	r27
    3198:	f1 11       	cpse	r31, r1
    319a:	f8 cf       	rjmp	.-16     	; 0x318c <__floatsisf+0x1c>
    319c:	fa f4       	brpl	.+62     	; 0x31dc <__floatsisf+0x6c>
    319e:	bb 0f       	add	r27, r27
    31a0:	11 f4       	brne	.+4      	; 0x31a6 <__floatsisf+0x36>
    31a2:	60 ff       	sbrs	r22, 0
    31a4:	1b c0       	rjmp	.+54     	; 0x31dc <__floatsisf+0x6c>
    31a6:	6f 5f       	subi	r22, 0xFF	; 255
    31a8:	7f 4f       	sbci	r23, 0xFF	; 255
    31aa:	8f 4f       	sbci	r24, 0xFF	; 255
    31ac:	9f 4f       	sbci	r25, 0xFF	; 255
    31ae:	16 c0       	rjmp	.+44     	; 0x31dc <__floatsisf+0x6c>
    31b0:	88 23       	and	r24, r24
    31b2:	11 f0       	breq	.+4      	; 0x31b8 <__floatsisf+0x48>
    31b4:	96 e9       	ldi	r25, 0x96	; 150
    31b6:	11 c0       	rjmp	.+34     	; 0x31da <__floatsisf+0x6a>
    31b8:	77 23       	and	r23, r23
    31ba:	21 f0       	breq	.+8      	; 0x31c4 <__floatsisf+0x54>
    31bc:	9e e8       	ldi	r25, 0x8E	; 142
    31be:	87 2f       	mov	r24, r23
    31c0:	76 2f       	mov	r23, r22
    31c2:	05 c0       	rjmp	.+10     	; 0x31ce <__floatsisf+0x5e>
    31c4:	66 23       	and	r22, r22
    31c6:	71 f0       	breq	.+28     	; 0x31e4 <__floatsisf+0x74>
    31c8:	96 e8       	ldi	r25, 0x86	; 134
    31ca:	86 2f       	mov	r24, r22
    31cc:	70 e0       	ldi	r23, 0x00	; 0
    31ce:	60 e0       	ldi	r22, 0x00	; 0
    31d0:	2a f0       	brmi	.+10     	; 0x31dc <__floatsisf+0x6c>
    31d2:	9a 95       	dec	r25
    31d4:	66 0f       	add	r22, r22
    31d6:	77 1f       	adc	r23, r23
    31d8:	88 1f       	adc	r24, r24
    31da:	da f7       	brpl	.-10     	; 0x31d2 <__floatsisf+0x62>
    31dc:	88 0f       	add	r24, r24
    31de:	96 95       	lsr	r25
    31e0:	87 95       	ror	r24
    31e2:	97 f9       	bld	r25, 7
    31e4:	08 95       	ret

000031e6 <__fp_cmp>:
    31e6:	99 0f       	add	r25, r25
    31e8:	00 08       	sbc	r0, r0
    31ea:	55 0f       	add	r21, r21
    31ec:	aa 0b       	sbc	r26, r26
    31ee:	e0 e8       	ldi	r30, 0x80	; 128
    31f0:	fe ef       	ldi	r31, 0xFE	; 254
    31f2:	16 16       	cp	r1, r22
    31f4:	17 06       	cpc	r1, r23
    31f6:	e8 07       	cpc	r30, r24
    31f8:	f9 07       	cpc	r31, r25
    31fa:	c0 f0       	brcs	.+48     	; 0x322c <__fp_cmp+0x46>
    31fc:	12 16       	cp	r1, r18
    31fe:	13 06       	cpc	r1, r19
    3200:	e4 07       	cpc	r30, r20
    3202:	f5 07       	cpc	r31, r21
    3204:	98 f0       	brcs	.+38     	; 0x322c <__fp_cmp+0x46>
    3206:	62 1b       	sub	r22, r18
    3208:	73 0b       	sbc	r23, r19
    320a:	84 0b       	sbc	r24, r20
    320c:	95 0b       	sbc	r25, r21
    320e:	39 f4       	brne	.+14     	; 0x321e <__fp_cmp+0x38>
    3210:	0a 26       	eor	r0, r26
    3212:	61 f0       	breq	.+24     	; 0x322c <__fp_cmp+0x46>
    3214:	23 2b       	or	r18, r19
    3216:	24 2b       	or	r18, r20
    3218:	25 2b       	or	r18, r21
    321a:	21 f4       	brne	.+8      	; 0x3224 <__fp_cmp+0x3e>
    321c:	08 95       	ret
    321e:	0a 26       	eor	r0, r26
    3220:	09 f4       	brne	.+2      	; 0x3224 <__fp_cmp+0x3e>
    3222:	a1 40       	sbci	r26, 0x01	; 1
    3224:	a6 95       	lsr	r26
    3226:	8f ef       	ldi	r24, 0xFF	; 255
    3228:	81 1d       	adc	r24, r1
    322a:	81 1d       	adc	r24, r1
    322c:	08 95       	ret

0000322e <__fp_inf>:
    322e:	97 f9       	bld	r25, 7
    3230:	9f 67       	ori	r25, 0x7F	; 127
    3232:	80 e8       	ldi	r24, 0x80	; 128
    3234:	70 e0       	ldi	r23, 0x00	; 0
    3236:	60 e0       	ldi	r22, 0x00	; 0
    3238:	08 95       	ret

0000323a <__fp_nan>:
    323a:	9f ef       	ldi	r25, 0xFF	; 255
    323c:	80 ec       	ldi	r24, 0xC0	; 192
    323e:	08 95       	ret

00003240 <__fp_pscA>:
    3240:	00 24       	eor	r0, r0
    3242:	0a 94       	dec	r0
    3244:	16 16       	cp	r1, r22
    3246:	17 06       	cpc	r1, r23
    3248:	18 06       	cpc	r1, r24
    324a:	09 06       	cpc	r0, r25
    324c:	08 95       	ret

0000324e <__fp_pscB>:
    324e:	00 24       	eor	r0, r0
    3250:	0a 94       	dec	r0
    3252:	12 16       	cp	r1, r18
    3254:	13 06       	cpc	r1, r19
    3256:	14 06       	cpc	r1, r20
    3258:	05 06       	cpc	r0, r21
    325a:	08 95       	ret

0000325c <__fp_round>:
    325c:	09 2e       	mov	r0, r25
    325e:	03 94       	inc	r0
    3260:	00 0c       	add	r0, r0
    3262:	11 f4       	brne	.+4      	; 0x3268 <__fp_round+0xc>
    3264:	88 23       	and	r24, r24
    3266:	52 f0       	brmi	.+20     	; 0x327c <__fp_round+0x20>
    3268:	bb 0f       	add	r27, r27
    326a:	40 f4       	brcc	.+16     	; 0x327c <__fp_round+0x20>
    326c:	bf 2b       	or	r27, r31
    326e:	11 f4       	brne	.+4      	; 0x3274 <__fp_round+0x18>
    3270:	60 ff       	sbrs	r22, 0
    3272:	04 c0       	rjmp	.+8      	; 0x327c <__fp_round+0x20>
    3274:	6f 5f       	subi	r22, 0xFF	; 255
    3276:	7f 4f       	sbci	r23, 0xFF	; 255
    3278:	8f 4f       	sbci	r24, 0xFF	; 255
    327a:	9f 4f       	sbci	r25, 0xFF	; 255
    327c:	08 95       	ret

0000327e <__fp_split3>:
    327e:	57 fd       	sbrc	r21, 7
    3280:	90 58       	subi	r25, 0x80	; 128
    3282:	44 0f       	add	r20, r20
    3284:	55 1f       	adc	r21, r21
    3286:	59 f0       	breq	.+22     	; 0x329e <__fp_splitA+0x10>
    3288:	5f 3f       	cpi	r21, 0xFF	; 255
    328a:	71 f0       	breq	.+28     	; 0x32a8 <__fp_splitA+0x1a>
    328c:	47 95       	ror	r20

0000328e <__fp_splitA>:
    328e:	88 0f       	add	r24, r24
    3290:	97 fb       	bst	r25, 7
    3292:	99 1f       	adc	r25, r25
    3294:	61 f0       	breq	.+24     	; 0x32ae <__fp_splitA+0x20>
    3296:	9f 3f       	cpi	r25, 0xFF	; 255
    3298:	79 f0       	breq	.+30     	; 0x32b8 <__fp_splitA+0x2a>
    329a:	87 95       	ror	r24
    329c:	08 95       	ret
    329e:	12 16       	cp	r1, r18
    32a0:	13 06       	cpc	r1, r19
    32a2:	14 06       	cpc	r1, r20
    32a4:	55 1f       	adc	r21, r21
    32a6:	f2 cf       	rjmp	.-28     	; 0x328c <__fp_split3+0xe>
    32a8:	46 95       	lsr	r20
    32aa:	f1 df       	rcall	.-30     	; 0x328e <__fp_splitA>
    32ac:	08 c0       	rjmp	.+16     	; 0x32be <__fp_splitA+0x30>
    32ae:	16 16       	cp	r1, r22
    32b0:	17 06       	cpc	r1, r23
    32b2:	18 06       	cpc	r1, r24
    32b4:	99 1f       	adc	r25, r25
    32b6:	f1 cf       	rjmp	.-30     	; 0x329a <__fp_splitA+0xc>
    32b8:	86 95       	lsr	r24
    32ba:	71 05       	cpc	r23, r1
    32bc:	61 05       	cpc	r22, r1
    32be:	08 94       	sec
    32c0:	08 95       	ret

000032c2 <__fp_zero>:
    32c2:	e8 94       	clt

000032c4 <__fp_szero>:
    32c4:	bb 27       	eor	r27, r27
    32c6:	66 27       	eor	r22, r22
    32c8:	77 27       	eor	r23, r23
    32ca:	cb 01       	movw	r24, r22
    32cc:	97 f9       	bld	r25, 7
    32ce:	08 95       	ret

000032d0 <__gesf2>:
    32d0:	0e 94 f3 18 	call	0x31e6	; 0x31e6 <__fp_cmp>
    32d4:	08 f4       	brcc	.+2      	; 0x32d8 <__gesf2+0x8>
    32d6:	8f ef       	ldi	r24, 0xFF	; 255
    32d8:	08 95       	ret

000032da <__mulsf3>:
    32da:	0e 94 80 19 	call	0x3300	; 0x3300 <__mulsf3x>
    32de:	0c 94 2e 19 	jmp	0x325c	; 0x325c <__fp_round>
    32e2:	0e 94 20 19 	call	0x3240	; 0x3240 <__fp_pscA>
    32e6:	38 f0       	brcs	.+14     	; 0x32f6 <__mulsf3+0x1c>
    32e8:	0e 94 27 19 	call	0x324e	; 0x324e <__fp_pscB>
    32ec:	20 f0       	brcs	.+8      	; 0x32f6 <__mulsf3+0x1c>
    32ee:	95 23       	and	r25, r21
    32f0:	11 f0       	breq	.+4      	; 0x32f6 <__mulsf3+0x1c>
    32f2:	0c 94 17 19 	jmp	0x322e	; 0x322e <__fp_inf>
    32f6:	0c 94 1d 19 	jmp	0x323a	; 0x323a <__fp_nan>
    32fa:	11 24       	eor	r1, r1
    32fc:	0c 94 62 19 	jmp	0x32c4	; 0x32c4 <__fp_szero>

00003300 <__mulsf3x>:
    3300:	0e 94 3f 19 	call	0x327e	; 0x327e <__fp_split3>
    3304:	70 f3       	brcs	.-36     	; 0x32e2 <__mulsf3+0x8>

00003306 <__mulsf3_pse>:
    3306:	95 9f       	mul	r25, r21
    3308:	c1 f3       	breq	.-16     	; 0x32fa <__mulsf3+0x20>
    330a:	95 0f       	add	r25, r21
    330c:	50 e0       	ldi	r21, 0x00	; 0
    330e:	55 1f       	adc	r21, r21
    3310:	62 9f       	mul	r22, r18
    3312:	f0 01       	movw	r30, r0
    3314:	72 9f       	mul	r23, r18
    3316:	bb 27       	eor	r27, r27
    3318:	f0 0d       	add	r31, r0
    331a:	b1 1d       	adc	r27, r1
    331c:	63 9f       	mul	r22, r19
    331e:	aa 27       	eor	r26, r26
    3320:	f0 0d       	add	r31, r0
    3322:	b1 1d       	adc	r27, r1
    3324:	aa 1f       	adc	r26, r26
    3326:	64 9f       	mul	r22, r20
    3328:	66 27       	eor	r22, r22
    332a:	b0 0d       	add	r27, r0
    332c:	a1 1d       	adc	r26, r1
    332e:	66 1f       	adc	r22, r22
    3330:	82 9f       	mul	r24, r18
    3332:	22 27       	eor	r18, r18
    3334:	b0 0d       	add	r27, r0
    3336:	a1 1d       	adc	r26, r1
    3338:	62 1f       	adc	r22, r18
    333a:	73 9f       	mul	r23, r19
    333c:	b0 0d       	add	r27, r0
    333e:	a1 1d       	adc	r26, r1
    3340:	62 1f       	adc	r22, r18
    3342:	83 9f       	mul	r24, r19
    3344:	a0 0d       	add	r26, r0
    3346:	61 1d       	adc	r22, r1
    3348:	22 1f       	adc	r18, r18
    334a:	74 9f       	mul	r23, r20
    334c:	33 27       	eor	r19, r19
    334e:	a0 0d       	add	r26, r0
    3350:	61 1d       	adc	r22, r1
    3352:	23 1f       	adc	r18, r19
    3354:	84 9f       	mul	r24, r20
    3356:	60 0d       	add	r22, r0
    3358:	21 1d       	adc	r18, r1
    335a:	82 2f       	mov	r24, r18
    335c:	76 2f       	mov	r23, r22
    335e:	6a 2f       	mov	r22, r26
    3360:	11 24       	eor	r1, r1
    3362:	9f 57       	subi	r25, 0x7F	; 127
    3364:	50 40       	sbci	r21, 0x00	; 0
    3366:	9a f0       	brmi	.+38     	; 0x338e <__mulsf3_pse+0x88>
    3368:	f1 f0       	breq	.+60     	; 0x33a6 <__mulsf3_pse+0xa0>
    336a:	88 23       	and	r24, r24
    336c:	4a f0       	brmi	.+18     	; 0x3380 <__mulsf3_pse+0x7a>
    336e:	ee 0f       	add	r30, r30
    3370:	ff 1f       	adc	r31, r31
    3372:	bb 1f       	adc	r27, r27
    3374:	66 1f       	adc	r22, r22
    3376:	77 1f       	adc	r23, r23
    3378:	88 1f       	adc	r24, r24
    337a:	91 50       	subi	r25, 0x01	; 1
    337c:	50 40       	sbci	r21, 0x00	; 0
    337e:	a9 f7       	brne	.-22     	; 0x336a <__mulsf3_pse+0x64>
    3380:	9e 3f       	cpi	r25, 0xFE	; 254
    3382:	51 05       	cpc	r21, r1
    3384:	80 f0       	brcs	.+32     	; 0x33a6 <__mulsf3_pse+0xa0>
    3386:	0c 94 17 19 	jmp	0x322e	; 0x322e <__fp_inf>
    338a:	0c 94 62 19 	jmp	0x32c4	; 0x32c4 <__fp_szero>
    338e:	5f 3f       	cpi	r21, 0xFF	; 255
    3390:	e4 f3       	brlt	.-8      	; 0x338a <__mulsf3_pse+0x84>
    3392:	98 3e       	cpi	r25, 0xE8	; 232
    3394:	d4 f3       	brlt	.-12     	; 0x338a <__mulsf3_pse+0x84>
    3396:	86 95       	lsr	r24
    3398:	77 95       	ror	r23
    339a:	67 95       	ror	r22
    339c:	b7 95       	ror	r27
    339e:	f7 95       	ror	r31
    33a0:	e7 95       	ror	r30
    33a2:	9f 5f       	subi	r25, 0xFF	; 255
    33a4:	c1 f7       	brne	.-16     	; 0x3396 <__mulsf3_pse+0x90>
    33a6:	fe 2b       	or	r31, r30
    33a8:	88 0f       	add	r24, r24
    33aa:	91 1d       	adc	r25, r1
    33ac:	96 95       	lsr	r25
    33ae:	87 95       	ror	r24
    33b0:	97 f9       	bld	r25, 7
    33b2:	08 95       	ret

000033b4 <__udivmodhi4>:
    33b4:	aa 1b       	sub	r26, r26
    33b6:	bb 1b       	sub	r27, r27
    33b8:	51 e1       	ldi	r21, 0x11	; 17
    33ba:	07 c0       	rjmp	.+14     	; 0x33ca <__udivmodhi4_ep>

000033bc <__udivmodhi4_loop>:
    33bc:	aa 1f       	adc	r26, r26
    33be:	bb 1f       	adc	r27, r27
    33c0:	a6 17       	cp	r26, r22
    33c2:	b7 07       	cpc	r27, r23
    33c4:	10 f0       	brcs	.+4      	; 0x33ca <__udivmodhi4_ep>
    33c6:	a6 1b       	sub	r26, r22
    33c8:	b7 0b       	sbc	r27, r23

000033ca <__udivmodhi4_ep>:
    33ca:	88 1f       	adc	r24, r24
    33cc:	99 1f       	adc	r25, r25
    33ce:	5a 95       	dec	r21
    33d0:	a9 f7       	brne	.-22     	; 0x33bc <__udivmodhi4_loop>
    33d2:	80 95       	com	r24
    33d4:	90 95       	com	r25
    33d6:	bc 01       	movw	r22, r24
    33d8:	cd 01       	movw	r24, r26
    33da:	08 95       	ret

000033dc <__divmodhi4>:
    33dc:	97 fb       	bst	r25, 7
    33de:	07 2e       	mov	r0, r23
    33e0:	16 f4       	brtc	.+4      	; 0x33e6 <__divmodhi4+0xa>
    33e2:	00 94       	com	r0
    33e4:	07 d0       	rcall	.+14     	; 0x33f4 <__divmodhi4_neg1>
    33e6:	77 fd       	sbrc	r23, 7
    33e8:	09 d0       	rcall	.+18     	; 0x33fc <__divmodhi4_neg2>
    33ea:	0e 94 da 19 	call	0x33b4	; 0x33b4 <__udivmodhi4>
    33ee:	07 fc       	sbrc	r0, 7
    33f0:	05 d0       	rcall	.+10     	; 0x33fc <__divmodhi4_neg2>
    33f2:	3e f4       	brtc	.+14     	; 0x3402 <__divmodhi4_exit>

000033f4 <__divmodhi4_neg1>:
    33f4:	90 95       	com	r25
    33f6:	81 95       	neg	r24
    33f8:	9f 4f       	sbci	r25, 0xFF	; 255
    33fa:	08 95       	ret

000033fc <__divmodhi4_neg2>:
    33fc:	70 95       	com	r23
    33fe:	61 95       	neg	r22
    3400:	7f 4f       	sbci	r23, 0xFF	; 255

00003402 <__divmodhi4_exit>:
    3402:	08 95       	ret

00003404 <__divmodsi4>:
    3404:	05 2e       	mov	r0, r21
    3406:	97 fb       	bst	r25, 7
    3408:	1e f4       	brtc	.+6      	; 0x3410 <__divmodsi4+0xc>
    340a:	00 94       	com	r0
    340c:	0e 94 19 1a 	call	0x3432	; 0x3432 <__negsi2>
    3410:	57 fd       	sbrc	r21, 7
    3412:	07 d0       	rcall	.+14     	; 0x3422 <__divmodsi4_neg2>
    3414:	0e 94 27 1a 	call	0x344e	; 0x344e <__udivmodsi4>
    3418:	07 fc       	sbrc	r0, 7
    341a:	03 d0       	rcall	.+6      	; 0x3422 <__divmodsi4_neg2>
    341c:	4e f4       	brtc	.+18     	; 0x3430 <__divmodsi4_exit>
    341e:	0c 94 19 1a 	jmp	0x3432	; 0x3432 <__negsi2>

00003422 <__divmodsi4_neg2>:
    3422:	50 95       	com	r21
    3424:	40 95       	com	r20
    3426:	30 95       	com	r19
    3428:	21 95       	neg	r18
    342a:	3f 4f       	sbci	r19, 0xFF	; 255
    342c:	4f 4f       	sbci	r20, 0xFF	; 255
    342e:	5f 4f       	sbci	r21, 0xFF	; 255

00003430 <__divmodsi4_exit>:
    3430:	08 95       	ret

00003432 <__negsi2>:
    3432:	90 95       	com	r25
    3434:	80 95       	com	r24
    3436:	70 95       	com	r23
    3438:	61 95       	neg	r22
    343a:	7f 4f       	sbci	r23, 0xFF	; 255
    343c:	8f 4f       	sbci	r24, 0xFF	; 255
    343e:	9f 4f       	sbci	r25, 0xFF	; 255
    3440:	08 95       	ret

00003442 <__tablejump2__>:
    3442:	ee 0f       	add	r30, r30
    3444:	ff 1f       	adc	r31, r31
    3446:	05 90       	lpm	r0, Z+
    3448:	f4 91       	lpm	r31, Z
    344a:	e0 2d       	mov	r30, r0
    344c:	09 94       	ijmp

0000344e <__udivmodsi4>:
    344e:	a1 e2       	ldi	r26, 0x21	; 33
    3450:	1a 2e       	mov	r1, r26
    3452:	aa 1b       	sub	r26, r26
    3454:	bb 1b       	sub	r27, r27
    3456:	fd 01       	movw	r30, r26
    3458:	0d c0       	rjmp	.+26     	; 0x3474 <__udivmodsi4_ep>

0000345a <__udivmodsi4_loop>:
    345a:	aa 1f       	adc	r26, r26
    345c:	bb 1f       	adc	r27, r27
    345e:	ee 1f       	adc	r30, r30
    3460:	ff 1f       	adc	r31, r31
    3462:	a2 17       	cp	r26, r18
    3464:	b3 07       	cpc	r27, r19
    3466:	e4 07       	cpc	r30, r20
    3468:	f5 07       	cpc	r31, r21
    346a:	20 f0       	brcs	.+8      	; 0x3474 <__udivmodsi4_ep>
    346c:	a2 1b       	sub	r26, r18
    346e:	b3 0b       	sbc	r27, r19
    3470:	e4 0b       	sbc	r30, r20
    3472:	f5 0b       	sbc	r31, r21

00003474 <__udivmodsi4_ep>:
    3474:	66 1f       	adc	r22, r22
    3476:	77 1f       	adc	r23, r23
    3478:	88 1f       	adc	r24, r24
    347a:	99 1f       	adc	r25, r25
    347c:	1a 94       	dec	r1
    347e:	69 f7       	brne	.-38     	; 0x345a <__udivmodsi4_loop>
    3480:	60 95       	com	r22
    3482:	70 95       	com	r23
    3484:	80 95       	com	r24
    3486:	90 95       	com	r25
    3488:	9b 01       	movw	r18, r22
    348a:	ac 01       	movw	r20, r24
    348c:	bd 01       	movw	r22, r26
    348e:	cf 01       	movw	r24, r30
    3490:	08 95       	ret

00003492 <memcpy>:
    3492:	fb 01       	movw	r30, r22
    3494:	dc 01       	movw	r26, r24
    3496:	02 c0       	rjmp	.+4      	; 0x349c <memcpy+0xa>
    3498:	01 90       	ld	r0, Z+
    349a:	0d 92       	st	X+, r0
    349c:	41 50       	subi	r20, 0x01	; 1
    349e:	50 40       	sbci	r21, 0x00	; 0
    34a0:	d8 f7       	brcc	.-10     	; 0x3498 <memcpy+0x6>
    34a2:	08 95       	ret

000034a4 <_exit>:
    34a4:	f8 94       	cli

000034a6 <__stop_program>:
    34a6:	ff cf       	rjmp	.-2      	; 0x34a6 <__stop_program>
